Query_Name	Query_Start	Query_End	Strand	Target_Name	Target_Start	Target_End	Num_ResidueMatches	Aln_BlockLength	Prop_Match	Target_Middle	Query_Middle	Dist_Middles	Query_Length	Target_Length	QueryOverlap_Genes	TargetOverlap_Genes	QueryOverlap_TE	TargetOverlap_TE	Query_Contains_Esx	Query_Contains_PEPPE	Query_Contains_REP13E12	Query_NoOverlap_Wi_PEPPE_Esx_13E12_Genes	SeqID	Dist	QueryCoords	TargetCoords	QueryToTarget_ID	Query_Cluster	Query_Cluster_Start	Query_Cluster_End	Target_Cluster	Target_Cluster_Start	Target_Cluster_End
NC_000962.3	80184	80523	+	NC_000962.3	3082465	3082769	283	340	0.8323529411764706	3082617.0	80353.5	3002263.5	339	304	Rv0071	Rv2774c	0	0	False	False	False	True	83.23529411764706	1409268.5	NC_000962.3:80184-80523	NC_000962.3:3082465-3082769	NC_000962.3:80184-80523;NC_000962.3:3082465-3082769	0	80184	80523	134	3082465	3082769
NC_000962.3	80623	82664	+	NC_000962.3	2882289	2884330	1650	2058	0.8017492711370262	2883309.5	81643.5	2801666.0	2041	2041	Rv0072,Rv0073	Rv2563,glnQ	0	0	False	False	False	True	80.17492711370262	1609866.0	NC_000962.3:80623-82664	NC_000962.3:2882289-2884330	NC_000962.3:80623-82664;NC_000962.3:2882289-2884330	1	80623	82664	124	2882289	2884330
NC_000962.3	103705	105090	-	NC_000962.3	3883535	3884921	1346	1390	0.9683453237410072	3884228.0	104397.5	3779830.5	1385	1386	Rv0094c,Rv0095c	Rv3466,Rv3467	0	0	False	False	True	False	96.83453237410072	631701.5	NC_000962.3:103705-105090	NC_000962.3:3883535-3884921	NC_000962.3:103705-105090;NC_000962.3:3883535-3884921	2	103705	105130	177	3883535	3884921
NC_000962.3	103779	105130	+	NC_000962.3	1788513	1789865	1316	1354	0.9719350073855244	1789189.0	104454.5	1684734.5	1351	1352	Rv0094c,Rv0095c	Rv1587c,Rv1588c	0	0	False	False	True	False	97.19350073855244	1684734.5	NC_000962.3:103779-105130	NC_000962.3:1788513-1789865	NC_000962.3:103779-105130;NC_000962.3:1788513-1789865	2	103705	105130	73	1788513	1789865
NC_000962.3	149571	149808	-	NC_000962.3	1357376	1357613	195	241	0.8091286307053942	1357494.5	149689.5	1207805.0	237	237	PE_PGRS2	PE14	0	0	False	True	False	False	80.91286307053942	1207805.0	NC_000962.3:149571-149808	NC_000962.3:1357376-1357613	NC_000962.3:149571-149808;NC_000962.3:1357376-1357613	3	149571	149808	55	1357376	1357613
NC_000962.3	177203	177447	-	NC_000962.3	4077851	4078093	218	247	0.8825910931174089	4077972.0	177325.0	3900647.0	244	242		Rv3639c	0	0	False	False	False	True	88.25910931174089	510885.0	NC_000962.3:177203-177447	NC_000962.3:4077851-4078093	NC_000962.3:177203-177447;NC_000962.3:4077851-4078093	4	177203	177447	188	4077792	4078201
NC_000962.3	196950	204585	+	NC_000962.3	685218	692589	5568	7849	0.709389731175946	688903.5	200767.5	488136.0	7635	7371	yrbE1A,yrbE1B,mce1A,mce1B,mce1C,mce1D,lprK	yrbE2A,yrbE2B,mce2A,mce2B,Rv0590A,mce2C,mce2D,lprL	0	0	False	False	False	True	70.9389731175946	488136.0	NC_000962.3:196950-204585	NC_000962.3:685218-692589	NC_000962.3:196950-204585;NC_000962.3:685218-692589	5	196950	204585	26	685218	692589
NC_000962.3	272850	272955	-	NC_000962.3	4134600	4134729	99	129	0.7674418604651163	4134664.5	272902.5	3861762.0	105	129		Rv3693	0	0	False	False	False	True	76.74418604651163	549770.0	NC_000962.3:272850-272955	NC_000962.3:4134600-4134729	NC_000962.3:272850-272955;NC_000962.3:4134600-4134729	6	272850	272955	189	4134600	4134729
NC_000962.3	308996	309532	-	NC_000962.3	339372	339909	426	538	0.79182156133829	339640.5	309264.0	30376.5	536	537	PPE2	PPE3	0	0	False	True	False	False	79.182156133829	30376.5	NC_000962.3:308996-309532	NC_000962.3:339372-339909	NC_000962.3:308996-309532;NC_000962.3:339372-339909	7	308996	309532	11	339372	339909
NC_000962.3	309898	310042	+	NC_000962.3	1702706	1702849	128	144	0.8888888888888888	1702777.5	309970.0	1392807.5	144	143	Rv0257		0	0	False	False	False	True	88.88888888888889	1392807.5	NC_000962.3:309898-310042	NC_000962.3:1702706-1702849	NC_000962.3:309898-310042;NC_000962.3:1702706-1702849	8	309898	310101	67	1702675	1702849
NC_000962.3	309898	310101	-	NC_000962.3	1814894	1815098	188	204	0.9215686274509803	1814996.0	309999.5	1504996.5	203	204	Rv0257		0	0	False	False	False	True	92.15686274509804	1504996.5	NC_000962.3:309898-310101	NC_000962.3:1814894-1815098	NC_000962.3:309898-310101;NC_000962.3:1814894-1815098	8	309898	310101	74	1814852	1815128
NC_000962.3	309900	310101	-	NC_000962.3	2637299	2637501	187	202	0.9257425742574258	2637400.0	310000.5	2327399.5	201	202	Rv0257		0	0	False	False	False	True	92.57425742574257	2084132.5	NC_000962.3:309900-310101	NC_000962.3:2637299-2637501	NC_000962.3:309900-310101;NC_000962.3:2637299-2637501	8	309898	310101	113	2637068	2637535
NC_000962.3	332698	336275	-	NC_000962.3	838485	841665	2601	3723	0.6986301369863014	840075.0	334486.5	505588.5	3577	3180	vapC25,vapB25,PE_PGRS3	PE_PGRS10,vapB31,vapC31	0	0	False	True	False	False	69.86301369863014	505588.5	NC_000962.3:332698-336275	NC_000962.3:838485-841665	NC_000962.3:332698-336275;NC_000962.3:838485-841665	9	332698	336379	31	838485	841665
NC_000962.3	333510	336379	+	NC_000962.3	336565	339142	2150	2933	0.733037845209683	337853.5	334944.5	2909.0	2869	2577	PE_PGRS3	PE_PGRS4	0	0	False	True	False	False	73.30378452096829	2909.0	NC_000962.3:333510-336379	NC_000962.3:336565-339142	NC_000962.3:333510-336379;NC_000962.3:336565-339142	9	332698	336379	10	336565	339142
NC_000962.3	333603	336275	-	NC_000962.3	838485	840727	1806	2771	0.6517502706604114	839606.0	334939.0	504667.0	2672	2242	PE_PGRS3	PE_PGRS10	0	0	False	True	False	False	65.17502706604114	504667.0	NC_000962.3:333603-336275	NC_000962.3:838485-840727	NC_000962.3:333603-336275;NC_000962.3:838485-840727	9	332698	336379	31	838485	841665
NC_000962.3	334966	335983	-	NC_000962.3	839656	840754	786	1165	0.6746781115879829	840205.0	335474.5	504730.5	1017	1098	PE_PGRS3	PE_PGRS10	0	0	False	True	False	False	67.46781115879828	504730.5	NC_000962.3:334966-335983	NC_000962.3:839656-840754	NC_000962.3:334966-335983;NC_000962.3:839656-840754	9	332698	336379	31	838485	841665
NC_000962.3	336565	339038	-	NC_000962.3	838485	840847	1736	2732	0.6354319180087847	839666.0	337801.5	501864.5	2473	2362	PE_PGRS4	PE_PGRS10	0	0	False	True	False	False	63.543191800878475	501864.5	NC_000962.3:336565-339038	NC_000962.3:838485-840847	NC_000962.3:336565-339038;NC_000962.3:838485-840847	10	336565	339142	31	838485	841665
NC_000962.3	336565	339142	+	NC_000962.3	333510	336379	2150	2933	0.733037845209683	334944.5	337853.5	2909.0	2577	2869	PE_PGRS4	PE_PGRS3	0	0	False	True	False	False	73.30378452096829	2909.0	NC_000962.3:336565-339142	NC_000962.3:333510-336379	NC_000962.3:336565-339142;NC_000962.3:333510-336379	10	336565	339142	9	332698	336379
NC_000962.3	339372	339909	-	NC_000962.3	308996	309532	426	538	0.79182156133829	309264.0	339640.5	30376.5	537	536	PPE3	PPE2	0	0	False	True	False	False	79.182156133829	30376.5	NC_000962.3:339372-339909	NC_000962.3:308996-309532	NC_000962.3:339372-339909;NC_000962.3:308996-309532	11	339372	339909	7	308996	309532
NC_000962.3	361334	362020	-	NC_000962.3	1573170	1573856	535	706	0.7577903682719547	1573513.0	361677.0	1211836.0	686	686	PE_PGRS5	PE_PGRS25	0	0	False	True	False	False	75.77903682719547	1211836.0	NC_000962.3:361334-362020	NC_000962.3:1573170-1573856	NC_000962.3:361334-362020;NC_000962.3:1573170-1573856	12	361334	362020	61	1573170	1573856
NC_000962.3	366432	368602	+	NC_000962.3	373173	375119	1516	2252	0.6731793960923623	374146.0	367517.0	6629.0	2170	1946	PPE5	PPE6	0	0	False	True	False	False	67.31793960923623	6629.0	NC_000962.3:366432-368602	NC_000962.3:373173-375119	NC_000962.3:366432-368602;NC_000962.3:373173-375119	13	366432	368602	14	373173	375119
NC_000962.3	373173	375119	+	NC_000962.3	366432	368602	1516	2253	0.6728806036395917	367517.0	374146.0	6629.0	1946	2170	PPE6	PPE5	0	0	False	True	False	False	67.28806036395916	6629.0	NC_000962.3:373173-375119	NC_000962.3:366432-368602	NC_000962.3:373173-375119;NC_000962.3:366432-368602	14	373173	375119	13	366432	368602
NC_000962.3	400151	401701	+	NC_000962.3	606510	608060	1549	1550	0.9993548387096775	607285.0	400926.0	206359.0	1550	1550	Rv0336	Rv0515,Rv0516c	0	0	False	False	False	True	99.93548387096774	206359.0	NC_000962.3:400151-401701	NC_000962.3:606510-608060	NC_000962.3:400151-401701;NC_000962.3:606510-608060	15	400151	401701	24	606510	608060
NC_000962.3	424843	425566	+	NC_000962.3	433399	434095	554	726	0.7630853994490359	433747.0	425204.5	8542.5	723	696	PPE8	PPE8	0	0	False	True	False	False	76.30853994490359	8542.5	NC_000962.3:424843-425566	NC_000962.3:433399-434095	NC_000962.3:424843-425566;NC_000962.3:433399-434095	16	424843	425566	17	433399	434095
NC_000962.3	433399	434095	+	NC_000962.3	424843	425566	554	726	0.7630853994490359	425204.5	433747.0	8542.5	696	723	PPE8	PPE8	0	0	False	True	False	False	76.30853994490359	8542.5	NC_000962.3:433399-434095	NC_000962.3:424843-425566	NC_000962.3:433399-434095;NC_000962.3:424843-425566	17	433399	434095	16	424843	425566
NC_000962.3	473743	474099	+	NC_000962.3	475809	476177	337	369	0.9132791327913279	475993.0	473921.0	2072.0	356	368	Rv0393	Rv0397	0	0	False	False	True	False	91.32791327913279	2072.0	NC_000962.3:473743-474099	NC_000962.3:475809-476177	NC_000962.3:473743-474099;NC_000962.3:475809-476177	18	473743	474099	19	475809	476177
NC_000962.3	475809	476177	+	NC_000962.3	473743	474099	337	369	0.9132791327913279	473921.0	475993.0	2072.0	368	356	Rv0397	Rv0393	0	0	False	False	False	True	91.32791327913279	2072.0	NC_000962.3:475809-476177	NC_000962.3:473743-474099	NC_000962.3:475809-476177;NC_000962.3:473743-474099	19	475809	476177	18	473743	474099
NC_000962.3	562306	562394	+	NC_000962.3	1879290	1879378	84	88	0.9545454545454546	1879334.0	562350.0	1316984.0	88	88	Rv0471c	pks7	0	0	False	False	False	True	95.45454545454545	1316984.0	NC_000962.3:562306-562394	NC_000962.3:1879290-1879378	NC_000962.3:562306-562394;NC_000962.3:1879290-1879378	20	562306	562394	76	1879290	1879378
NC_000962.3	577285	577380	+	NC_000962.3	577401	577496	95	95	1.0	577448.5	577332.5	116.0	95	95	Rv0487		0	0	False	False	False	True	100.0	116.0	NC_000962.3:577285-577380	NC_000962.3:577401-577496	NC_000962.3:577285-577380;NC_000962.3:577401-577496	21	577285	577380	21	577401	577496
NC_000962.3	580576	580660	+	NC_000962.3	580730	580814	84	84	1.0	580772.0	580618.0	154.0	84	84	senX3	regX3	0	0	False	False	False	True	100.0	154.0	NC_000962.3:580576-580660	NC_000962.3:580730-580814	NC_000962.3:580576-580660;NC_000962.3:580730-580814	22	580576	580660	23	580730	580814
NC_000962.3	580730	580814	+	NC_000962.3	580576	580660	84	84	1.0	580618.0	580772.0	154.0	84	84	regX3	senX3	0	0	False	False	False	True	100.0	154.0	NC_000962.3:580730-580814	NC_000962.3:580576-580660	NC_000962.3:580730-580814;NC_000962.3:580576-580660	23	580730	580814	22	580576	580660
NC_000962.3	606510	608060	+	NC_000962.3	400151	401701	1549	1550	0.9993548387096775	400926.0	607285.0	206359.0	1550	1550	Rv0515,Rv0516c	Rv0336	0	0	False	False	False	True	99.93548387096774	206359.0	NC_000962.3:606510-608060	NC_000962.3:400151-401701	NC_000962.3:606510-608060;NC_000962.3:400151-401701	24	606510	608060	15	400151	401701
NC_000962.3	642713	642814	+	NC_000962.3	3319469	3319571	97	102	0.9509803921568627	3319520.0	642763.5	2676756.5	101	102	fadD8		0	0	False	False	False	True	95.09803921568627	1734775.5	NC_000962.3:642713-642814	NC_000962.3:3319469-3319571	NC_000962.3:642713-642814;NC_000962.3:3319469-3319571	25	642713	642814	150	3319468	3319662
NC_000962.3	685218	692589	+	NC_000962.3	196950	204585	5568	7851	0.7092090179594956	200767.5	688903.5	488136.0	7371	7635	yrbE2A,yrbE2B,mce2A,mce2B,Rv0590A,mce2C,mce2D,lprL	yrbE1A,yrbE1B,mce1A,mce1B,mce1C,mce1D,lprK	0	0	False	False	False	True	70.92090179594956	488136.0	NC_000962.3:685218-692589	NC_000962.3:196950-204585	NC_000962.3:685218-692589;NC_000962.3:196950-204585	26	685218	692589	5	196950	204585
NC_000962.3	701363	702728	-	NC_000962.3	3100868	3102228	1118	1378	0.8113207547169812	3101548.0	702045.5	2399502.5	1365	1360	Rv0605,Rv0606	Rv2791c,Rv2792c	1	1	False	False	False	True	81.13207547169812	2012029.5	NC_000962.3:701363-702728	NC_000962.3:3100868-3102228	NC_000962.3:701363-702728;NC_000962.3:3100868-3102228	27	701363	702728	135	3100173	3102233
NC_000962.3	718763	719929	+	NC_000962.3	972557	973723	991	1173	0.8448422847399829	973140.0	719346.0	253794.0	1166	1166	Rv0628c	Rv0874c	0	0	False	False	False	True	84.48422847399829	253794.0	NC_000962.3:718763-719929	NC_000962.3:972557-973723	NC_000962.3:718763-719929;NC_000962.3:972557-973723	28	718763	719929	38	972557	973723
NC_000962.3	832044	832356	+	NC_000962.3	842019	842331	301	312	0.9647435897435898	842175.0	832200.0	9975.0	312	312	Rv0740	Rv0750	0	0	False	False	False	True	96.47435897435898	9975.0	NC_000962.3:832044-832356	NC_000962.3:842019-842331	NC_000962.3:832044-832356;NC_000962.3:842019-842331	29	832044	832356	32	842019	842331
NC_000962.3	835775	836519	-	NC_000962.3	1633838	1634552	542	774	0.7002583979328165	1634195.0	836147.0	798048.0	744	714	PE_PGRS9	PE_PGRS27	0	0	False	True	False	False	70.02583979328165	798048.0	NC_000962.3:835775-836519	NC_000962.3:1633838-1634552	NC_000962.3:835775-836519;NC_000962.3:1633838-1634552	30	835775	836519	63	1633310	1634790
NC_000962.3	836147	836519	-	NC_000962.3	1637440	1637794	283	391	0.7237851662404092	1637617.0	836333.0	801284.0	372	354	PE_PGRS9	PE_PGRS28	0	0	False	True	False	False	72.37851662404093	801284.0	NC_000962.3:836147-836519	NC_000962.3:1637440-1637794	NC_000962.3:836147-836519;NC_000962.3:1637440-1637794	30	835775	836519	64	1636705	1639561
NC_000962.3	838485	840847	-	NC_000962.3	336565	339038	1734	2732	0.6346998535871157	337801.5	839666.0	501864.5	2362	2473	PE_PGRS10	PE_PGRS4	0	0	False	True	False	False	63.46998535871157	501864.5	NC_000962.3:838485-840847	NC_000962.3:336565-339038	NC_000962.3:838485-840847;NC_000962.3:336565-339038	31	838485	841665	10	336565	339142
NC_000962.3	838485	841665	-	NC_000962.3	332698	336275	2599	3725	0.6977181208053691	334486.5	840075.0	505588.5	3180	3577	PE_PGRS10,vapB31,vapC31	vapC25,vapB25,PE_PGRS3	0	0	False	True	False	False	69.7718120805369	505588.5	NC_000962.3:838485-841665	NC_000962.3:332698-336275	NC_000962.3:838485-841665;NC_000962.3:332698-336275	31	838485	841665	9	332698	336379
NC_000962.3	838571	840652	+	NC_000962.3	925071	927514	1599	2541	0.6292798110979929	926292.5	839611.5	86681.0	2081	2443	PE_PGRS10	PE_PGRS12,PE_PGRS13	0	0	False	True	False	False	62.92798110979929	86681.0	NC_000962.3:838571-840652	NC_000962.3:925071-927514	NC_000962.3:838571-840652;NC_000962.3:925071-927514	31	838485	841665	36	925071	927514
NC_000962.3	838915	840652	+	NC_000962.3	925780	927514	1315	1839	0.7150625339858618	926647.0	839783.5	86863.5	1737	1734	PE_PGRS10	PE_PGRS13	0	0	False	True	False	False	71.50625339858618	86863.5	NC_000962.3:838915-840652	NC_000962.3:925780-927514	NC_000962.3:838915-840652;NC_000962.3:925780-927514	31	838485	841665	36	925071	927514
NC_000962.3	839158	839900	+	NC_000962.3	3935705	3936438	523	818	0.6393643031784841	3936071.5	839529.0	3096542.5	742	733	PE_PGRS10	PE_PGRS54	0	0	False	True	False	False	63.93643031784841	1314989.5	NC_000962.3:839158-839900	NC_000962.3:3935705-3936438	NC_000962.3:839158-839900;NC_000962.3:3935705-3936438	31	838485	841665	180	3930988	3936438
NC_000962.3	839167	839513	+	NC_000962.3	3949543	3949970	283	432	0.6550925925925926	3949756.5	839340.0	3110416.5	346	427	PE_PGRS10	PE_PGRS57	0	0	False	True	False	False	65.50925925925925	1301115.5	NC_000962.3:839167-839513	NC_000962.3:3949543-3949970	NC_000962.3:839167-839513;NC_000962.3:3949543-3949970	31	838485	841665	182	3945777	3951329
NC_000962.3	839656	840747	-	NC_000962.3	334964	335983	787	1159	0.6790336496980155	335473.5	840201.5	504728.0	1091	1019	PE_PGRS10	PE_PGRS3	0	0	False	True	False	False	67.90336496980154	504728.0	NC_000962.3:839656-840747	NC_000962.3:334964-335983	NC_000962.3:839656-840747;NC_000962.3:334964-335983	31	838485	841665	9	332698	336379
NC_000962.3	839696	840277	+	NC_000962.3	3802143	3802720	431	646	0.6671826625386997	3802431.5	839986.5	2962445.0	581	577	PE_PGRS10	PE_PGRS52	0	0	False	True	False	False	66.71826625386997	1449087.0	NC_000962.3:839696-840277	NC_000962.3:3802143-3802720	NC_000962.3:839696-840277;NC_000962.3:3802143-3802720	31	838485	841665	173	3802143	3802720
NC_000962.3	842019	842331	+	NC_000962.3	832044	832356	301	312	0.9647435897435898	832200.0	842175.0	9975.0	312	312	Rv0750	Rv0740	0	0	False	False	False	True	96.47435897435898	9975.0	NC_000962.3:842019-842331	NC_000962.3:832044-832356	NC_000962.3:842019-842331;NC_000962.3:832044-832356	32	842019	842331	29	832044	832356
NC_000962.3	889019	890375	+	NC_000962.3	2550012	2551368	1356	1356	1.0	2550690.0	889697.0	1660993.0	1356	1356	Rv0795,Rv0796	Rv2277c,Rv2278,Rv2279	1	1	False	False	False	True	100.0	1660993.0	NC_000962.3:889019-890375	NC_000962.3:2550012-2551368	NC_000962.3:889019-890375;NC_000962.3:2550012-2551368	33	889019	891461	110	2550005	2551370
NC_000962.3	889019	890375	-	NC_000962.3	2784614	2785970	1356	1356	1.0	2785292.0	889697.0	1895595.0	1356	1356	Rv0795,Rv0796	Rv2479c,Rv2480c	1	1	False	False	False	True	100.0	1895595.0	NC_000962.3:889019-890375	NC_000962.3:2784614-2785970	NC_000962.3:889019-890375;NC_000962.3:2784614-2785970	33	889019	891461	118	2784600	2785977
NC_000962.3	889019	890375	+	NC_000962.3	2972107	2973463	1356	1356	1.0	2972785.0	889697.0	2083088.0	1356	1356	Rv0795,Rv0796	Rv2648,Rv2649	1	1	False	False	False	True	100.0	2083088.0	NC_000962.3:889019-890375	NC_000962.3:2972107-2973463	NC_000962.3:889019-890375;NC_000962.3:2972107-2973463	33	889019	891461	127	2972104	2973463
NC_000962.3	889020	890375	-	NC_000962.3	1987702	1989057	1355	1355	1.0	1988379.5	889697.5	1098682.0	1355	1355	Rv0795,Rv0796	Rv1756c,Rv1757c,cut1	1	1	False	False	False	True	100.0	1098682.0	NC_000962.3:889020-890375	NC_000962.3:1987702-1989057	NC_000962.3:889020-890375;NC_000962.3:1987702-1989057	33	889019	891461	82	1987686	1989059
NC_000962.3	889020	890375	+	NC_000962.3	2365413	2366768	1355	1355	1.0	2366090.5	889697.5	1476393.0	1355	1355	Rv0795,Rv0796	Rv2105,Rv2106	1	1	False	False	False	True	100.0	1476393.0	NC_000962.3:889020-890375	NC_000962.3:2365413-2366768	NC_000962.3:889020-890375;NC_000962.3:2365413-2366768	33	889019	891461	103	2365403	2366771
NC_000962.3	889020	890375	-	NC_000962.3	2430116	2431471	1355	1355	1.0	2430793.5	889697.5	1541096.0	1355	1355	Rv0795,Rv0796	Rv2167c,Rv2168c	1	1	False	False	False	True	100.0	1541096.0	NC_000962.3:889020-890375	NC_000962.3:2430116-2431471	NC_000962.3:889020-890375;NC_000962.3:2430116-2431471	33	889019	891461	104	2430113	2431474
NC_000962.3	889020	890375	+	NC_000962.3	2635576	2636931	1355	1355	1.0	2636253.5	889697.5	1746556.0	1355	1355	Rv0795,Rv0796	PPE39,Rv2354,Rv2355	1	1	False	False	False	True	100.0	1746556.0	NC_000962.3:889020-890375	NC_000962.3:2635576-2636931	NC_000962.3:889020-890375;NC_000962.3:2635576-2636931	33	889019	891461	112	2634780	2637028
NC_000962.3	889020	890375	-	NC_000962.3	3120523	3121878	1355	1355	1.0	3121200.5	889697.5	2231503.0	1355	1355	Rv0795,Rv0796	Rv2814c,Rv2815c	1	1	False	False	False	True	100.0	2180029.0	NC_000962.3:889020-890375	NC_000962.3:3120523-3121878	NC_000962.3:889020-890375;NC_000962.3:3120523-3121878	33	889019	891461	137	3119183	3123577
NC_000962.3	889020	890375	+	NC_000962.3	3551229	3552584	1355	1355	1.0	3551906.5	889697.5	2662209.0	1355	1355	Rv0795,Rv0796	Rv3184,Rv3185	1	1	False	False	False	True	100.0	1749323.0	NC_000962.3:889020-890375	NC_000962.3:3551229-3552584	NC_000962.3:889020-890375;NC_000962.3:3551229-3552584	33	889019	891461	158	3551212	3552587
NC_000962.3	889020	890375	+	NC_000962.3	3552712	3554067	1355	1355	1.0	3553389.5	889697.5	2663692.0	1355	1355	Rv0795,Rv0796	Rv3186,Rv3187	1	1	False	False	False	True	100.0	1747840.0	NC_000962.3:889020-890375	NC_000962.3:3552712-3554067	NC_000962.3:889020-890375;NC_000962.3:3552712-3554067	33	889019	891461	159	3552704	3554070
NC_000962.3	889020	890375	-	NC_000962.3	3795057	3796412	1355	1355	1.0	3795734.5	889697.5	2906037.0	1355	1355	Rv0795,Rv0796	Rv3380c,Rv3381c	1	1	False	False	False	True	100.0	1505495.0	NC_000962.3:889020-890375	NC_000962.3:3795057-3796412	NC_000962.3:889020-890375;NC_000962.3:3795057-3796412	33	889019	891461	172	3795041	3796426
NC_000962.3	889020	890376	-	NC_000962.3	1541950	1543306	1356	1356	1.0	1542628.0	889698.0	652930.0	1356	1356	Rv0795,Rv0796	Rv1369c,Rv1370c	1	1	False	False	False	True	100.0	652930.0	NC_000962.3:889020-890376	NC_000962.3:1541950-1543306	NC_000962.3:889020-890376;NC_000962.3:1541950-1543306	33	889019	891461	60	1541948	1543318
NC_000962.3	889020	890376	+	NC_000962.3	1996100	1997456	1356	1356	1.0	1996778.0	889698.0	1107080.0	1356	1356	Rv0795,Rv0796	Rv1763,Rv1764,Rv1765c	1	1	False	False	False	True	100.0	1107080.0	NC_000962.3:889020-890376	NC_000962.3:1996100-1997456	NC_000962.3:889020-890376;NC_000962.3:1996100-1997456	33	889019	891461	83	1996098	1998612
NC_000962.3	889020	890377	+	NC_000962.3	3890778	3892135	1357	1357	1.0	3891456.5	889698.5	3001758.0	1357	1357	Rv0795,Rv0796	Rv3474,Rv3475	1	1	False	False	False	True	100.0	1409774.0	NC_000962.3:889020-890377	NC_000962.3:3890778-3892135	NC_000962.3:889020-890377;NC_000962.3:3890778-3892135	33	889019	891461	178	3890771	3892140
NC_000962.3	889020	891461	+	NC_000962.3	3710381	3712822	2440	2441	0.9995903318312167	3711601.5	890240.5	2821361.0	2441	2441	Rv0795,Rv0796,Rv0797	Rv3325,Rv3326,Rv3327	1	1	False	False	False	True	99.95903318312168	1590171.0	NC_000962.3:889020-891461	NC_000962.3:3710381-3712822	NC_000962.3:889020-891461;NC_000962.3:3710381-3712822	33	889019	891461	162	3710379	3712822
NC_000962.3	908180	909346	-	NC_000962.3	3483945	3485111	1166	1166	1.0	3484528.0	908763.0	2575765.0	1166	1166	sseC2,cysA2	cysA3,sseC1	0	0	False	False	False	True	100.0	1835767.0	NC_000962.3:908180-909346	NC_000962.3:3483945-3485111	NC_000962.3:908180-909346;NC_000962.3:3483945-3485111	34	908180	909346	156	3483945	3485111
NC_000962.3	921579	921892	-	NC_000962.3	3100174	3100487	279	317	0.8801261829652997	3100330.5	921735.5	2178595.0	313	313	Rv0828c,Rv0829	Rv2791c	1	1	False	False	False	True	88.01261829652996	2178595.0	NC_000962.3:921579-921892	NC_000962.3:3100174-3100487	NC_000962.3:921579-921892;NC_000962.3:3100174-3100487	35	921579	921893	135	3100173	3102233
NC_000962.3	921579	921892	-	NC_000962.3	3333757	3334070	281	316	0.8892405063291139	3333913.5	921735.5	2412178.0	313	313	Rv0828c,Rv0829	thiL,Rv2978c	1	1	False	False	False	True	88.92405063291139	1999354.0	NC_000962.3:921579-921892	NC_000962.3:3333757-3334070	NC_000962.3:921579-921892;NC_000962.3:3333757-3334070	35	921579	921893	151	3333757	3335814
NC_000962.3	921579	921893	-	NC_000962.3	3194137	3194451	310	314	0.9872611464968153	3194294.0	921736.0	2272558.0	314	314	Rv0828c,Rv0829	Rv2884,Rv2885c	1	1	False	False	False	True	98.72611464968153	2138974.0	NC_000962.3:921579-921893	NC_000962.3:3194137-3194451	NC_000962.3:921579-921893;NC_000962.3:3194137-3194451	35	921579	921893	144	3194137	3196202
NC_000962.3	925071	927514	+	NC_000962.3	838571	840652	1599	2541	0.6292798110979929	839611.5	926292.5	86681.0	2443	2081	PE_PGRS12,PE_PGRS13	PE_PGRS10	0	0	False	True	False	False	62.92798110979929	86681.0	NC_000962.3:925071-927514	NC_000962.3:838571-840652	NC_000962.3:925071-927514;NC_000962.3:838571-840652	36	925071	927514	31	838485	841665
NC_000962.3	925082	925833	-	NC_000962.3	1489087	1489833	564	780	0.7230769230769231	1489460.0	925457.5	564002.5	751	746	PE_PGRS12,PE_PGRS13	PE_PGRS24	0	0	False	True	False	False	72.3076923076923	564002.5	NC_000962.3:925082-925833	NC_000962.3:1489087-1489833	NC_000962.3:925082-925833;NC_000962.3:1489087-1489833	36	925071	927514	58	1489087	1489833
NC_000962.3	925780	927514	+	NC_000962.3	838915	840652	1315	1839	0.7150625339858618	839783.5	926647.0	86863.5	1734	1737	PE_PGRS13	PE_PGRS10	0	0	False	True	False	False	71.50625339858618	86863.5	NC_000962.3:925780-927514	NC_000962.3:838915-840652	NC_000962.3:925780-927514;NC_000962.3:838915-840652	36	925071	927514	31	838485	841665
NC_000962.3	960166	960217	+	NC_000962.3	960272	960323	51	51	1.0	960297.5	960191.5	106.0	51	51			0	0	False	False	False	True	100.0	106.0	NC_000962.3:960166-960217	NC_000962.3:960272-960323	NC_000962.3:960166-960217;NC_000962.3:960272-960323	37	960166	960326	37	960166	960326
NC_000962.3	960167	960323	-	NC_000962.3	2996010	2996160	146	156	0.9358974358974359	2996085.0	960245.0	2035840.0	156	150		Rv2680	0	0	False	False	False	True	93.58974358974359	2035840.0	NC_000962.3:960167-960323	NC_000962.3:2996010-2996160	NC_000962.3:960167-960323;NC_000962.3:2996010-2996160	37	960166	960326	130	2996010	2996160
NC_000962.3	960174	960270	+	NC_000962.3	3192256	3192352	89	96	0.9270833333333334	3192304.0	960222.0	2232082.0	96	96			0	0	False	False	False	True	92.70833333333334	2179450.0	NC_000962.3:960174-960270	NC_000962.3:3192256-3192352	NC_000962.3:960174-960270;NC_000962.3:3192256-3192352	37	960166	960326	143	3192203	3192354
NC_000962.3	960174	960325	+	NC_000962.3	3192203	3192354	137	151	0.9072847682119205	3192278.5	960249.5	2232029.0	151	151			0	0	False	False	False	True	90.72847682119205	2179503.0	NC_000962.3:960174-960325	NC_000962.3:3192203-3192354	NC_000962.3:960174-960325;NC_000962.3:3192203-3192354	37	960166	960326	143	3192203	3192354
NC_000962.3	960227	960324	+	NC_000962.3	3192203	3192300	90	97	0.9278350515463918	3192251.5	960275.5	2231976.0	97	97			0	0	False	False	False	True	92.78350515463917	2179556.0	NC_000962.3:960227-960324	NC_000962.3:3192203-3192300	NC_000962.3:960227-960324;NC_000962.3:3192203-3192300	37	960166	960326	143	3192203	3192354
NC_000962.3	960241	960326	-	NC_000962.3	2687131	2687217	81	87	0.9310344827586207	2687174.0	960283.5	1726890.5	85	86		che1	0	0	False	False	False	True	93.10344827586206	1726890.5	NC_000962.3:960241-960326	NC_000962.3:2687131-2687217	NC_000962.3:960241-960326;NC_000962.3:2687131-2687217	37	960166	960326	116	2687131	2687217
NC_000962.3	960272	960323	+	NC_000962.3	960166	960217	51	51	1.0	960191.5	960297.5	106.0	51	51			0	0	False	False	False	True	100.0	106.0	NC_000962.3:960272-960323	NC_000962.3:960166-960217	NC_000962.3:960272-960323;NC_000962.3:960166-960217	37	960166	960326	37	960166	960326
NC_000962.3	960280	960324	+	NC_000962.3	3192203	3192247	44	44	1.0	3192225.0	960302.0	2231923.0	44	44			0	0	False	False	False	True	100.0	2179609.0	NC_000962.3:960280-960324	NC_000962.3:3192203-3192247	NC_000962.3:960280-960324;NC_000962.3:3192203-3192247	37	960166	960326	143	3192203	3192354
NC_000962.3	972557	973723	+	NC_000962.3	718763	719929	991	1173	0.8448422847399829	719346.0	973140.0	253794.0	1166	1166	Rv0874c	Rv0628c	0	0	False	False	False	True	84.48422847399829	253794.0	NC_000962.3:972557-973723	NC_000962.3:718763-719929	NC_000962.3:972557-973723;NC_000962.3:718763-719929	38	972557	973723	28	718763	719929
NC_000962.3	1093366	1094592	+	NC_000962.3	1095248	1096687	1164	1451	0.8022053756030324	1095967.5	1093979.0	1988.5	1226	1439	PE_PGRS17	PE_PGRS18	0	0	False	True	False	False	80.22053756030324	1988.5	NC_000962.3:1093366-1094592	NC_000962.3:1095248-1096687	NC_000962.3:1093366-1094592;NC_000962.3:1095248-1096687	39	1093366	1094592	40	1095248	1096692
NC_000962.3	1093740	1094592	+	NC_000962.3	2944363	2945221	814	864	0.9421296296296297	2944792.0	1094166.0	1850626.0	852	858	PE_PGRS17	PE_PGRS45	0	0	False	True	False	False	94.21296296296296	1850626.0	NC_000962.3:1093740-1094592	NC_000962.3:2944363-2945221	NC_000962.3:1093740-1094592;NC_000962.3:2944363-2945221	39	1093366	1094592	125	2944267	2945226
NC_000962.3	1094827	1096687	+	NC_000962.3	1093195	1094592	1333	1865	0.7147453083109919	1093893.5	1095757.0	1863.5	1860	1397	Rv0979c,rpmF,PE_PGRS18	PE_PGRS17	0	0	False	True	False	False	71.47453083109919	1863.5	NC_000962.3:1094827-1096687	NC_000962.3:1093195-1094592	NC_000962.3:1094827-1096687;NC_000962.3:1093195-1094592	40	1094827	1096692	39	1093195	1094592
NC_000962.3	1095712	1096692	+	NC_000962.3	2944267	2945226	924	982	0.9409368635437881	2944746.5	1096202.0	1848544.5	980	959	PE_PGRS18	PE_PGRS45	0	0	False	True	False	False	94.09368635437882	1848544.5	NC_000962.3:1095712-1096692	NC_000962.3:2944267-2945226	NC_000962.3:1095712-1096692;NC_000962.3:2944267-2945226	40	1094827	1096692	125	2944267	2945226
NC_000962.3	1160538	1161165	-	NC_000962.3	2030331	2030983	594	652	0.911042944785276	2030657.0	1160851.5	869805.5	627	652	esxI,esxJ	esxM,esxN	0	0	True	False	False	False	91.1042944785276	869805.5	NC_000962.3:1160538-1161165	NC_000962.3:2030331-2030983	NC_000962.3:1160538-1161165;NC_000962.3:2030331-2030983	41	1160538	1161167	86	2030331	2030983
NC_000962.3	1160543	1161151	+	NC_000962.3	4059983	4060591	605	608	0.9950657894736842	4060287.0	1160847.0	2899440.0	608	608	esxI,esxJ	esxV,esxW	0	0	True	False	False	False	99.50657894736842	1512092.0	NC_000962.3:1160543-1161151	NC_000962.3:4059983-4060591	NC_000962.3:1160543-1161151;NC_000962.3:4059983-4060591	41	1160538	1161167	186	4059983	4060591
NC_000962.3	1160545	1161167	-	NC_000962.3	1340641	1341288	603	647	0.9319938176197836	1340964.5	1160856.0	180108.5	622	647	esxI,esxJ	esxK,esxL	0	0	True	False	False	False	93.19938176197836	180108.5	NC_000962.3:1160545-1161167	NC_000962.3:1340641-1341288	NC_000962.3:1160545-1161167;NC_000962.3:1340641-1341288	41	1160538	1161167	53	1340494	1341292
NC_000962.3	1160545	1161167	+	NC_000962.3	2625889	2626536	595	647	0.919629057187017	2626212.5	1160856.0	1465356.5	622	647	esxI,esxJ	esxO,esxP	0	0	True	False	False	False	91.9629057187017	1465356.5	NC_000962.3:1160545-1161167	NC_000962.3:2625889-2626536	NC_000962.3:1160545-1161167;NC_000962.3:2625889-2626536	41	1160538	1161167	111	2625885	2626683
NC_000962.3	1164571	1165549	-	NC_000962.3	1277842	1278820	978	978	1.0	1278331.0	1165060.0	113271.0	978	978	Rv1041c,Rv1042c	Rv1149,Rv1150	1	1	False	False	False	True	100.0	113271.0	NC_000962.3:1164571-1165549	NC_000962.3:1277842-1278820	NC_000962.3:1164571-1165549;NC_000962.3:1277842-1278820	42	1164571	1165549	50	1277842	1278820
NC_000962.3	1169296	1170206	+	NC_000962.3	2982944	2983854	909	910	0.9989010989010989	2983399.0	1169751.0	1813648.0	910	910	Rv1047	Rv2665,Rv2666	1	1	False	False	False	True	99.8901098901099	1813648.0	NC_000962.3:1169296-1170206	NC_000962.3:2982944-2983854	NC_000962.3:1169296-1170206;NC_000962.3:2982944-2983854	43	1169296	1170733	129	2982934	2983854
NC_000962.3	1169297	1170732	-	NC_000962.3	1341295	1342730	1433	1435	0.9986062717770035	1342012.5	1170014.5	171998.0	1435	1435	Rv1047	Rv1199c	1	1	False	False	False	True	99.86062717770035	171998.0	NC_000962.3:1169297-1170732	NC_000962.3:1341295-1342730	NC_000962.3:1169297-1170732;NC_000962.3:1341295-1342730	43	1169296	1170733	54	1341295	1342730
NC_000962.3	1169297	1170732	-	NC_000962.3	2828493	2829928	1433	1435	0.9986062717770035	2829210.5	1170014.5	1659196.0	1435	1435	Rv1047	Rv2512c	1	1	False	False	False	True	99.86062717770035	1659196.0	NC_000962.3:1169297-1170732	NC_000962.3:2828493-2829928	NC_000962.3:1169297-1170732;NC_000962.3:2828493-2829928	43	1169296	1170733	121	2828493	2829936
NC_000962.3	1169297	1170732	+	NC_000962.3	3481325	3482760	1435	1435	1.0	3482042.5	1170014.5	2312028.0	1435	1435	Rv1047	Rv3115	1	1	False	False	False	True	100.0	2099504.0	NC_000962.3:1169297-1170732	NC_000962.3:3481325-3482760	NC_000962.3:1169297-1170732;NC_000962.3:3481325-3482760	43	1169296	1170733	155	3481324	3482760
NC_000962.3	1169297	1170733	-	NC_000962.3	3381311	3382747	1436	1436	1.0	3382029.0	1170015.0	2212014.0	1436	1436	Rv1047	Rv3023c	1	1	False	False	False	True	100.0	2199518.0	NC_000962.3:1169297-1170733	NC_000962.3:3381311-3382747	NC_000962.3:1169297-1170733;NC_000962.3:3381311-3382747	43	1169296	1170733	154	3381311	3382749
NC_000962.3	1188420	1190175	+	NC_000962.3	1190756	1191899	1052	1755	0.5994301994301995	1191327.5	1189297.5	2030.0	1755	1143	PE_PGRS19	PE_PGRS20	0	0	False	True	False	False	59.94301994301995	2030.0	NC_000962.3:1188420-1190175	NC_000962.3:1190756-1191899	NC_000962.3:1188420-1190175;NC_000962.3:1190756-1191899	44	1188420	1190175	45	1190756	1191899
NC_000962.3	1190756	1191899	+	NC_000962.3	1188420	1190175	1052	1755	0.5994301994301995	1189297.5	1191327.5	2030.0	1143	1755	PE_PGRS20	PE_PGRS19	0	0	False	True	False	False	59.94301994301995	2030.0	NC_000962.3:1190756-1191899	NC_000962.3:1188420-1190175	NC_000962.3:1190756-1191899;NC_000962.3:1188420-1190175	45	1190756	1191899	44	1188420	1190175
NC_000962.3	1211526	1212209	+	NC_000962.3	1216433	1217118	577	692	0.8338150289017341	1216775.5	1211867.5	4908.0	683	685	PE_PGRS21	PE_PGRS22	0	0	False	True	False	False	83.38150289017341	4908.0	NC_000962.3:1211526-1212209	NC_000962.3:1216433-1217118	NC_000962.3:1211526-1212209;NC_000962.3:1216433-1217118	46	1211526	1212209	47	1216433	1217118
NC_000962.3	1216433	1217118	+	NC_000962.3	1211526	1212209	577	692	0.8338150289017341	1211867.5	1216775.5	4908.0	685	683	PE_PGRS22	PE_PGRS21	0	0	False	True	False	False	83.38150289017341	4908.0	NC_000962.3:1216433-1217118	NC_000962.3:1211526-1212209	NC_000962.3:1216433-1217118;NC_000962.3:1211526-1212209	47	1216433	1217118	46	1211526	1212209
NC_000962.3	1275924	1276053	-	NC_000962.3	2198686	2198815	124	129	0.9612403100775194	2198750.5	1275988.5	922762.0	129	129		Rv1948c	0	0	False	False	False	True	96.12403100775194	922762.0	NC_000962.3:1275924-1276053	NC_000962.3:2198686-2198815	NC_000962.3:1275924-1276053;NC_000962.3:2198686-2198815	48	1275924	1276053	93	2198686	2198815
NC_000962.3	1276292	1277797	-	NC_000962.3	2195856	2197360	1441	1506	0.9568393094289509	2196608.0	1277044.5	919563.5	1505	1504	Rv1148c	Rv1944c,Rv1945	0	0	False	False	True	False	95.68393094289509	919563.5	NC_000962.3:1276292-1277797	NC_000962.3:2195856-2197360	NC_000962.3:1276292-1277797;NC_000962.3:2195856-2197360	49	1276292	1277797	92	2195856	2197360
NC_000962.3	1277842	1278820	-	NC_000962.3	1164571	1165549	978	978	1.0	1165060.0	1278331.0	113271.0	978	978	Rv1149,Rv1150	Rv1041c,Rv1042c	1	1	False	False	False	True	100.0	113271.0	NC_000962.3:1277842-1278820	NC_000962.3:1164571-1165549	NC_000962.3:1277842-1278820;NC_000962.3:1164571-1165549	50	1277842	1278820	42	1164571	1165549
NC_000962.3	1287354	1288094	-	NC_000962.3	1963419	1964160	640	742	0.862533692722372	1963789.5	1287724.0	676065.5	740	741	narG	narX	0	0	False	False	False	True	86.25336927223721	676065.5	NC_000962.3:1287354-1288094	NC_000962.3:1963419-1964160	NC_000962.3:1287354-1288094;NC_000962.3:1963419-1964160	51	1287354	1288094	81	1963419	1964160
NC_000962.3	1338923	1340433	+	NC_000962.3	3894016	3895519	1303	1541	0.845554834523037	3894767.5	1339678.0	2555089.5	1510	1503	PE13,PPE18	PE31,PPE60	0	0	False	True	False	False	84.5554834523037	1856442.5	NC_000962.3:1338923-1340433	NC_000962.3:3894016-3895519	NC_000962.3:1338923-1340433;NC_000962.3:3894016-3895519	52	1338923	1340433	179	3894016	3895588
NC_000962.3	1339349	1340433	-	NC_000962.3	1532539	1533632	1009	1097	0.9197812215132178	1533085.5	1339891.0	193194.5	1084	1093	PPE18	PPE19	0	0	False	True	False	False	91.97812215132178	193194.5	NC_000962.3:1339349-1340433	NC_000962.3:1532539-1533632	NC_000962.3:1339349-1340433;NC_000962.3:1532539-1533632	52	1338923	1340433	59	1532461	1533653
NC_000962.3	1340494	1341292	-	NC_000962.3	2625885	2626683	778	798	0.974937343358396	2626284.0	1340893.0	1285391.0	798	798	PPE18,esxK,esxL	esxO,esxP,Rv2348c	0	0	True	True	False	False	97.4937343358396	1285391.0	NC_000962.3:1340494-1341292	NC_000962.3:2625885-2626683	NC_000962.3:1340494-1341292;NC_000962.3:2625885-2626683	53	1340494	1341292	111	2625885	2626683
NC_000962.3	1340641	1341288	-	NC_000962.3	1160545	1161167	603	647	0.9319938176197836	1160856.0	1340964.5	180108.5	647	622	esxK,esxL	esxI,esxJ	0	0	True	False	False	False	93.19938176197836	180108.5	NC_000962.3:1340641-1341288	NC_000962.3:1160545-1161167	NC_000962.3:1340641-1341288;NC_000962.3:1160545-1161167	53	1340494	1341292	41	1160538	1161167
NC_000962.3	1340643	1341288	+	NC_000962.3	2030331	2030976	604	655	0.9221374045801527	2030653.5	1340965.5	689688.0	645	645	esxK,esxL	esxM,esxN	0	0	True	False	False	False	92.21374045801527	689688.0	NC_000962.3:1340643-1341288	NC_000962.3:2030331-2030976	NC_000962.3:1340643-1341288;NC_000962.3:2030331-2030976	53	1340494	1341292	86	2030331	2030983
NC_000962.3	1340658	1341288	-	NC_000962.3	4059985	4060591	589	630	0.9349206349206349	4060288.0	1340973.0	2719315.0	630	606	esxK,esxL	esxV,esxW	0	0	True	False	False	False	93.4920634920635	1692217.0	NC_000962.3:1340658-1341288	NC_000962.3:4059985-4060591	NC_000962.3:1340658-1341288;NC_000962.3:4059985-4060591	53	1340494	1341292	186	4059983	4060591
NC_000962.3	1341295	1342730	-	NC_000962.3	1169297	1170732	1433	1435	0.9986062717770035	1170014.5	1342012.5	171998.0	1435	1435	Rv1199c	Rv1047	1	1	False	False	False	True	99.86062717770035	171998.0	NC_000962.3:1341295-1342730	NC_000962.3:1169297-1170732	NC_000962.3:1341295-1342730;NC_000962.3:1169297-1170732	54	1341295	1342730	43	1169296	1170733
NC_000962.3	1341295	1342730	+	NC_000962.3	2828493	2829928	1435	1435	1.0	2829210.5	1342012.5	1487198.0	1435	1435	Rv1199c	Rv2512c	1	1	False	False	False	True	100.0	1487198.0	NC_000962.3:1341295-1342730	NC_000962.3:2828493-2829928	NC_000962.3:1341295-1342730;NC_000962.3:2828493-2829928	54	1341295	1342730	121	2828493	2829936
NC_000962.3	1341295	1342730	+	NC_000962.3	3381312	3382747	1433	1435	0.9986062717770035	3382029.5	1342012.5	2040017.0	1435	1435	Rv1199c	Rv3023c	1	1	False	False	False	True	99.86062717770035	2040017.0	NC_000962.3:1341295-1342730	NC_000962.3:3381312-3382747	NC_000962.3:1341295-1342730;NC_000962.3:3381312-3382747	54	1341295	1342730	154	3381311	3382749
NC_000962.3	1341295	1342730	-	NC_000962.3	3481325	3482760	1433	1435	0.9986062717770035	3482042.5	1342012.5	2140030.0	1435	1435	Rv1199c	Rv3115	1	1	False	False	False	True	99.86062717770035	2140030.0	NC_000962.3:1341295-1342730	NC_000962.3:3481325-3482760	NC_000962.3:1341295-1342730;NC_000962.3:3481325-3482760	54	1341295	1342730	155	3481324	3482760
NC_000962.3	1341821	1342730	-	NC_000962.3	2982945	2983854	908	909	0.9988998899889989	2983399.5	1342275.5	1641124.0	909	909	Rv1199c	Rv2665,Rv2666	1	1	False	False	False	True	99.8899889988999	1641124.0	NC_000962.3:1341821-1342730	NC_000962.3:2982945-2983854	NC_000962.3:1341821-1342730;NC_000962.3:2982945-2983854	54	1341295	1342730	129	2982934	2983854
NC_000962.3	1357376	1357613	-	NC_000962.3	149571	149808	195	241	0.8091286307053942	149689.5	1357494.5	1207805.0	237	237	PE14	PE_PGRS2	0	0	False	True	False	False	80.91286307053942	1207805.0	NC_000962.3:1357376-1357613	NC_000962.3:149571-149808	NC_000962.3:1357376-1357613;NC_000962.3:149571-149808	55	1357376	1357613	3	149571	149808
NC_000962.3	1451777	1451895	-	NC_000962.3	2347379	2347497	104	118	0.8813559322033898	2347438.0	1451836.0	895602.0	118	118	thrC	Rv2090	0	0	False	False	False	True	88.13559322033898	895602.0	NC_000962.3:1451777-1451895	NC_000962.3:2347379-2347497	NC_000962.3:1451777-1451895;NC_000962.3:2347379-2347497	56	1451777	1451998	101	2347379	2347613
NC_000962.3	1451777	1451952	-	NC_000962.3	2347379	2347554	152	175	0.8685714285714285	2347466.5	1451864.5	895602.0	175	175	thrC	Rv2090	0	0	False	False	False	True	86.85714285714286	895602.0	NC_000962.3:1451777-1451952	NC_000962.3:2347379-2347554	NC_000962.3:1451777-1451952;NC_000962.3:2347379-2347554	56	1451777	1451998	101	2347379	2347613
NC_000962.3	1451777	1451998	-	NC_000962.3	2347390	2347611	193	221	0.8733031674208145	2347500.5	1451887.5	895613.0	221	221	thrC,thrB	Rv2090	0	0	False	False	False	True	87.33031674208145	895613.0	NC_000962.3:1451777-1451998	NC_000962.3:2347390-2347611	NC_000962.3:1451777-1451998;NC_000962.3:2347390-2347611	56	1451777	1451998	101	2347379	2347613
NC_000962.3	1451778	1451881	+	NC_000962.3	1451892	1451995	103	103	1.0	1451943.5	1451829.5	114.0	103	103	thrC		0	0	False	False	False	True	100.0	114.0	NC_000962.3:1451778-1451881	NC_000962.3:1451892-1451995	NC_000962.3:1451778-1451881;NC_000962.3:1451892-1451995	56	1451777	1451998	56	1451777	1451998
NC_000962.3	1451835	1451994	-	NC_000962.3	2347451	2347610	139	159	0.8742138364779874	2347530.5	1451914.5	895616.0	159	159		Rv2090	0	0	False	False	False	True	87.42138364779875	895616.0	NC_000962.3:1451835-1451994	NC_000962.3:2347451-2347610	NC_000962.3:1451835-1451994;NC_000962.3:2347451-2347610	56	1451777	1451998	101	2347379	2347613
NC_000962.3	1451892	1451994	-	NC_000962.3	2347508	2347610	91	102	0.8921568627450981	2347559.0	1451943.0	895616.0	102	102		Rv2090	0	0	False	False	False	True	89.2156862745098	895616.0	NC_000962.3:1451892-1451994	NC_000962.3:2347508-2347610	NC_000962.3:1451892-1451994;NC_000962.3:2347508-2347610	56	1451777	1451998	101	2347379	2347613
NC_000962.3	1451892	1451995	+	NC_000962.3	1451778	1451881	103	103	1.0	1451829.5	1451943.5	114.0	103	103		thrC	0	0	False	False	False	True	100.0	114.0	NC_000962.3:1451892-1451995	NC_000962.3:1451778-1451881	NC_000962.3:1451892-1451995;NC_000962.3:1451778-1451881	56	1451777	1451998	56	1451777	1451998
NC_000962.3	1468141	1469654	-	NC_000962.3	4252853	4254367	1498	1524	0.9829396325459318	4253610.0	1468897.5	2784712.5	1513	1514	Rv1313c	fadE35,Rv3798	1	1	False	False	False	True	98.29396325459318	1626819.5	NC_000962.3:1468141-1469654	NC_000962.3:4252853-4254367	NC_000962.3:1468141-1469654;NC_000962.3:4252853-4254367	57	1468141	1469654	191	4252853	4254367
NC_000962.3	1489087	1489833	-	NC_000962.3	925082	925833	560	770	0.7272727272727273	925457.5	1489460.0	564002.5	746	751	PE_PGRS24	PE_PGRS12,PE_PGRS13	0	0	False	True	False	False	72.72727272727273	564002.5	NC_000962.3:1489087-1489833	NC_000962.3:925082-925833	NC_000962.3:1489087-1489833;NC_000962.3:925082-925833	58	1489087	1489833	36	925071	927514
NC_000962.3	1532461	1533653	-	NC_000962.3	3894405	3895588	1099	1196	0.9188963210702341	3894996.5	1533057.0	2361939.5	1192	1183	PPE19	PPE60	0	0	False	True	False	False	91.88963210702342	2049592.5	NC_000962.3:1532461-1533653	NC_000962.3:3894405-3895588	NC_000962.3:1532461-1533653;NC_000962.3:3894405-3895588	59	1532461	1533653	179	3894016	3895588
NC_000962.3	1532539	1533632	-	NC_000962.3	1339349	1340433	1009	1097	0.9197812215132178	1339891.0	1533085.5	193194.5	1093	1084	PPE19	PPE18	0	0	False	True	False	False	91.97812215132178	193194.5	NC_000962.3:1532539-1533632	NC_000962.3:1339349-1340433	NC_000962.3:1532539-1533632;NC_000962.3:1339349-1340433	59	1532461	1533653	52	1338923	1340433
NC_000962.3	1541948	1543307	-	NC_000962.3	1996099	1997458	1359	1359	1.0	1996778.5	1542627.5	454151.0	1359	1359	Rv1369c,Rv1370c	Rv1763,Rv1764,Rv1765c	1	1	False	False	False	True	100.0	454151.0	NC_000962.3:1541948-1543307	NC_000962.3:1996099-1997458	NC_000962.3:1541948-1543307;NC_000962.3:1996099-1997458	60	1541948	1543318	83	1996098	1998612
NC_000962.3	1541950	1543306	-	NC_000962.3	889020	890376	1356	1356	1.0	889698.0	1542628.0	652930.0	1356	1356	Rv1369c,Rv1370c	Rv0795,Rv0796	1	1	False	False	False	True	100.0	652930.0	NC_000962.3:1541950-1543306	NC_000962.3:889020-890376	NC_000962.3:1541950-1543306;NC_000962.3:889020-890376	60	1541948	1543318	33	889019	891461
NC_000962.3	1541950	1543307	-	NC_000962.3	3710380	3711737	1357	1357	1.0	3711058.5	1542628.5	2168430.0	1357	1357	Rv1369c,Rv1370c	Rv3325,Rv3326	1	1	False	False	False	True	100.0	2168430.0	NC_000962.3:1541950-1543307	NC_000962.3:3710380-3711737	NC_000962.3:1541950-1543307;NC_000962.3:3710380-3711737	60	1541948	1543318	162	3710379	3712822
NC_000962.3	1541950	1543307	-	NC_000962.3	3890777	3892134	1357	1357	1.0	3891455.5	1542628.5	2348827.0	1357	1357	Rv1369c,Rv1370c	Rv3474,Rv3475	1	1	False	False	False	True	100.0	2062705.0	NC_000962.3:1541950-1543307	NC_000962.3:3890777-3892134	NC_000962.3:1541950-1543307;NC_000962.3:3890777-3892134	60	1541948	1543318	178	3890771	3892140
NC_000962.3	1541951	1543306	-	NC_000962.3	2550013	2551368	1355	1355	1.0	2550690.5	1542628.5	1008062.0	1355	1355	Rv1369c,Rv1370c	Rv2277c,Rv2278,Rv2279	1	1	False	False	False	True	100.0	1008062.0	NC_000962.3:1541951-1543306	NC_000962.3:2550013-2551368	NC_000962.3:1541951-1543306;NC_000962.3:2550013-2551368	60	1541948	1543318	110	2550005	2551370
NC_000962.3	1541951	1543306	+	NC_000962.3	2784614	2785969	1355	1355	1.0	2785291.5	1542628.5	1242663.0	1355	1355	Rv1369c,Rv1370c	Rv2479c,Rv2480c	1	1	False	False	False	True	100.0	1242663.0	NC_000962.3:1541951-1543306	NC_000962.3:2784614-2785969	NC_000962.3:1541951-1543306;NC_000962.3:2784614-2785969	60	1541948	1543318	118	2784600	2785977
NC_000962.3	1541951	1543306	-	NC_000962.3	2972108	2973463	1355	1355	1.0	2972785.5	1542628.5	1430157.0	1355	1355	Rv1369c,Rv1370c	Rv2648,Rv2649	1	1	False	False	False	True	100.0	1430157.0	NC_000962.3:1541951-1543306	NC_000962.3:2972108-2973463	NC_000962.3:1541951-1543306;NC_000962.3:2972108-2973463	60	1541948	1543318	127	2972104	2973463
NC_000962.3	1541951	1543306	-	NC_000962.3	3551229	3552584	1355	1355	1.0	3551906.5	1542628.5	2009278.0	1355	1355	Rv1369c,Rv1370c	Rv3184,Rv3185	1	1	False	False	False	True	100.0	2009278.0	NC_000962.3:1541951-1543306	NC_000962.3:3551229-3552584	NC_000962.3:1541951-1543306;NC_000962.3:3551229-3552584	60	1541948	1543318	158	3551212	3552587
NC_000962.3	1541951	1543306	-	NC_000962.3	3552712	3554067	1355	1355	1.0	3553389.5	1542628.5	2010761.0	1355	1355	Rv1369c,Rv1370c	Rv3186,Rv3187	1	1	False	False	False	True	100.0	2010761.0	NC_000962.3:1541951-1543306	NC_000962.3:3552712-3554067	NC_000962.3:1541951-1543306;NC_000962.3:3552712-3554067	60	1541948	1543318	159	3552704	3554070
NC_000962.3	1541951	1543306	+	NC_000962.3	3795057	3796412	1355	1355	1.0	3795734.5	1542628.5	2253106.0	1355	1355	Rv1369c,Rv1370c	Rv3380c,Rv3381c	1	1	False	False	False	True	100.0	2158426.0	NC_000962.3:1541951-1543306	NC_000962.3:3795057-3796412	NC_000962.3:1541951-1543306;NC_000962.3:3795057-3796412	60	1541948	1543318	172	3795041	3796426
NC_000962.3	1541951	1543307	+	NC_000962.3	1987702	1989058	1356	1356	1.0	1988380.0	1542629.0	445751.0	1356	1356	Rv1369c,Rv1370c	Rv1756c,Rv1757c,cut1	1	1	False	False	False	True	100.0	445751.0	NC_000962.3:1541951-1543307	NC_000962.3:1987702-1989058	NC_000962.3:1541951-1543307;NC_000962.3:1987702-1989058	60	1541948	1543318	82	1987686	1989059
NC_000962.3	1541951	1543307	+	NC_000962.3	2430116	2431472	1356	1356	1.0	2430794.0	1542629.0	888165.0	1356	1356	Rv1369c,Rv1370c	Rv2167c,Rv2168c	1	1	False	False	False	True	100.0	888165.0	NC_000962.3:1541951-1543307	NC_000962.3:2430116-2431472	NC_000962.3:1541951-1543307;NC_000962.3:2430116-2431472	60	1541948	1543318	104	2430113	2431474
NC_000962.3	1541951	1543307	-	NC_000962.3	2635575	2636931	1356	1356	1.0	2636253.0	1542629.0	1093624.0	1356	1356	Rv1369c,Rv1370c	PPE39,Rv2354,Rv2355	1	1	False	False	False	True	100.0	1093624.0	NC_000962.3:1541951-1543307	NC_000962.3:2635575-2636931	NC_000962.3:1541951-1543307;NC_000962.3:2635575-2636931	60	1541948	1543318	112	2634780	2637028
NC_000962.3	1541951	1543307	+	NC_000962.3	3120523	3121879	1356	1356	1.0	3121201.0	1542629.0	1578572.0	1356	1356	Rv1369c,Rv1370c	Rv2814c,Rv2815c	1	1	False	False	False	True	100.0	1578572.0	NC_000962.3:1541951-1543307	NC_000962.3:3120523-3121879	NC_000962.3:1541951-1543307;NC_000962.3:3120523-3121879	60	1541948	1543318	137	3119183	3123577
NC_000962.3	1541951	1543318	-	NC_000962.3	2365403	2366768	1364	1367	0.9978054133138259	2366085.5	1542634.5	823451.0	1367	1365	Rv1369c,Rv1370c	Rv2105,Rv2106	1	1	False	False	False	True	99.7805413313826	823451.0	NC_000962.3:1541951-1543318	NC_000962.3:2365403-2366768	NC_000962.3:1541951-1543318;NC_000962.3:2365403-2366768	60	1541948	1543318	103	2365403	2366771
NC_000962.3	1573170	1573856	-	NC_000962.3	361334	362020	535	706	0.7577903682719547	361677.0	1573513.0	1211836.0	686	686	PE_PGRS25	PE_PGRS5	0	0	False	True	False	False	75.77903682719547	1211836.0	NC_000962.3:1573170-1573856	NC_000962.3:361334-362020	NC_000962.3:1573170-1573856;NC_000962.3:361334-362020	61	1573170	1573856	12	361334	362020
NC_000962.3	1631389	1632123	+	NC_000962.3	3738002	3738776	555	823	0.6743620899149453	3738389.0	1631756.0	2106633.0	734	774	PE_PGRS27	PE_PGRS49,PE_PGRS50	0	0	False	True	False	False	67.43620899149452	2106633.0	NC_000962.3:1631389-1632123	NC_000962.3:3738002-3738776	NC_000962.3:1631389-1632123;NC_000962.3:3738002-3738776	62	1631389	1632123	166	3738002	3738776
NC_000962.3	1633310	1634790	+	NC_000962.3	1636705	1638392	1432	1693	0.8458357944477259	1637548.5	1634050.0	3498.5	1480	1687	PE_PGRS27	PE_PGRS28,Rv1453	0	0	False	True	False	False	84.5835794447726	3498.5	NC_000962.3:1633310-1634790	NC_000962.3:1636705-1638392	NC_000962.3:1633310-1634790;NC_000962.3:1636705-1638392	63	1633310	1634790	64	1636705	1639561
NC_000962.3	1633838	1634552	-	NC_000962.3	835775	836519	540	773	0.6985769728331177	836147.0	1634195.0	798048.0	714	744	PE_PGRS27	PE_PGRS9	0	0	False	True	False	False	69.85769728331177	798048.0	NC_000962.3:1633838-1634552	NC_000962.3:835775-836519	NC_000962.3:1633838-1634552;NC_000962.3:835775-836519	63	1633310	1634790	30	835775	836519
NC_000962.3	1636705	1638392	+	NC_000962.3	1633310	1634790	1432	1693	0.8458357944477259	1634050.0	1637548.5	3498.5	1687	1480	PE_PGRS28,Rv1453	PE_PGRS27	0	0	False	True	False	False	84.5835794447726	3498.5	NC_000962.3:1636705-1638392	NC_000962.3:1633310-1634790	NC_000962.3:1636705-1638392;NC_000962.3:1633310-1634790	64	1636705	1639561	63	1633310	1634790
NC_000962.3	1637440	1637794	-	NC_000962.3	836147	836519	281	389	0.7223650385604113	836333.0	1637617.0	801284.0	354	372	PE_PGRS28	PE_PGRS9	0	0	False	True	False	False	72.23650385604114	801284.0	NC_000962.3:1637440-1637794	NC_000962.3:836147-836519	NC_000962.3:1637440-1637794;NC_000962.3:836147-836519	64	1636705	1639561	30	835775	836519
NC_000962.3	1638061	1639561	-	NC_000962.3	2650377	2651923	1145	1573	0.7279084551811824	2651150.0	1638811.0	1012339.0	1500	1546	PE_PGRS28,Rv1453	Rv2370c,PE_PGRS40	0	0	False	True	False	False	72.79084551811825	1012339.0	NC_000962.3:1638061-1639561	NC_000962.3:2650377-2651923	NC_000962.3:1638061-1639561;NC_000962.3:2650377-2651923	64	1636705	1639561	115	2650377	2651923
NC_000962.3	1644262	1644365	+	NC_000962.3	2531899	2532002	93	103	0.9029126213592233	2531950.5	1644313.5	887637.0	103	103	Rv1459c		0	0	False	False	False	True	90.29126213592234	887637.0	NC_000962.3:1644262-1644365	NC_000962.3:2531899-2532002	NC_000962.3:1644262-1644365;NC_000962.3:2531899-2532002	65	1644262	1644365	108	2531892	2532002
NC_000962.3	1644262	1644365	+	NC_000962.3	2532005	2532108	91	103	0.883495145631068	2532056.5	1644313.5	887743.0	103	103	Rv1459c		0	0	False	False	False	True	88.3495145631068	887743.0	NC_000962.3:1644262-1644365	NC_000962.3:2532005-2532108	NC_000962.3:1644262-1644365;NC_000962.3:2532005-2532108	65	1644262	1644365	109	2532005	2532209
NC_000962.3	1701374	1702581	+	NC_000962.3	4069248	4070458	945	1225	0.7714285714285715	4069853.0	1701977.5	2367875.5	1207	1210	Rv1510	Rv3630	0	0	False	False	False	True	77.14285714285715	2043656.5	NC_000962.3:1701374-1702581	NC_000962.3:4069248-4070458	NC_000962.3:1701374-1702581;NC_000962.3:4069248-4070458	66	1701374	1702581	187	4069248	4070458
NC_000962.3	1702675	1702849	+	NC_000962.3	4053632	4053799	153	175	0.8742857142857143	4053715.5	1702762.0	2350953.5	174	167		Rv3612c	0	0	False	False	False	True	87.42857142857143	2060578.5	NC_000962.3:1702675-1702849	NC_000962.3:4053632-4053799	NC_000962.3:1702675-1702849;NC_000962.3:4053632-4053799	67	1702675	1702849	185	4053631	4054094
NC_000962.3	1702706	1702849	+	NC_000962.3	309898	310042	128	144	0.8888888888888888	309970.0	1702777.5	1392807.5	143	144		Rv0257	0	0	False	False	False	True	88.88888888888889	1392807.5	NC_000962.3:1702706-1702849	NC_000962.3:309898-310042	NC_000962.3:1702706-1702849;NC_000962.3:309898-310042	67	1702675	1702849	8	309898	310101
NC_000962.3	1722178	1728375	+	NC_000962.3	3276484	3282708	4556	6401	0.7117637869082956	3279596.0	1725276.5	1554319.5	6197	6224	pks5	mas	0	0	False	False	False	True	71.17637869082955	1554319.5	NC_000962.3:1722178-1728375	NC_000962.3:3276484-3282708	NC_000962.3:1722178-1728375;NC_000962.3:3276484-3282708	68	1722178	1728375	148	3276484	3282708
NC_000962.3	1722257	1728375	+	NC_000962.3	4293408	4299541	4593	6302	0.7288162488099016	4296474.5	1725316.0	2571158.5	6118	6133	pks5	pks2	0	0	False	False	False	True	72.88162488099016	1840373.5	NC_000962.3:1722257-1728375	NC_000962.3:4293408-4299541	NC_000962.3:1722257-1728375;NC_000962.3:4293408-4299541	68	1722178	1728375	192	4293408	4299541
NC_000962.3	1735509	1735826	+	NC_000962.3	2047595	2047908	259	329	0.7872340425531915	2047751.5	1735667.5	312084.0	317	313		Rv1805c	0	0	False	False	False	True	78.72340425531915	312084.0	NC_000962.3:1735509-1735826	NC_000962.3:2047595-2047908	NC_000962.3:1735509-1735826;NC_000962.3:2047595-2047908	69	1735509	1735826	87	2047595	2047908
NC_000962.3	1779808	1780054	+	NC_000962.3	1780334	1780580	231	249	0.927710843373494	1780457.0	1779931.0	526.0	246	246	Rv1574	Rv1575	0	0	False	False	False	True	92.7710843373494	526.0	NC_000962.3:1779808-1780054	NC_000962.3:1780334-1780580	NC_000962.3:1779808-1780054;NC_000962.3:1780334-1780580	70	1779808	1780054	71	1780334	1780580
NC_000962.3	1780334	1780580	+	NC_000962.3	1779808	1780054	231	248	0.9314516129032258	1779931.0	1780457.0	526.0	246	246	Rv1575	Rv1574	0	0	False	False	False	True	93.14516129032258	526.0	NC_000962.3:1780334-1780580	NC_000962.3:1779808-1780054	NC_000962.3:1780334-1780580;NC_000962.3:1779808-1780054	71	1780334	1780580	70	1779808	1780054
NC_000962.3	1780349	1780580	+	NC_000962.3	2971756	2971987	206	233	0.8841201716738197	2971871.5	1780464.5	1191407.0	231	231	Rv1575	Rv2647	0	0	False	False	False	True	88.41201716738198	1191407.0	NC_000962.3:1780349-1780580	NC_000962.3:2971756-2971987	NC_000962.3:1780349-1780580;NC_000962.3:2971756-2971987	71	1780334	1780580	126	2971756	2971987
NC_000962.3	1780615	1782817	+	NC_000962.3	2973775	2975987	1933	2231	0.8664276109367997	2974881.0	1781716.0	1193165.0	2202	2212	Rv1575,Rv1576c,Rv1577c,Rv1578c	Rv2650c,Rv2651c,Rv2652c	0	0	False	False	False	True	86.64276109367997	1193165.0	NC_000962.3:1780615-1782817	NC_000962.3:2973775-2975987	NC_000962.3:1780615-1782817;NC_000962.3:2973775-2975987	72	1780615	1782817	128	2973775	2975987
NC_000962.3	1788513	1789825	-	NC_000962.3	3883535	3884847	1308	1314	0.9954337899543378	3884191.0	1789169.0	2095022.0	1312	1312	Rv1587c,Rv1588c	Rv3466,Rv3467	0	0	False	False	True	False	99.54337899543378	2095022.0	NC_000962.3:1788513-1789825	NC_000962.3:3883535-3884847	NC_000962.3:1788513-1789825;NC_000962.3:3883535-3884847	73	1788513	1789865	177	3883535	3884921
NC_000962.3	1788513	1789865	+	NC_000962.3	103779	105130	1316	1354	0.9719350073855244	104454.5	1789189.0	1684734.5	1352	1351	Rv1587c,Rv1588c	Rv0094c,Rv0095c	0	0	False	False	True	False	97.19350073855244	1684734.5	NC_000962.3:1788513-1789865	NC_000962.3:103779-105130	NC_000962.3:1788513-1789865;NC_000962.3:103779-105130	73	1788513	1789865	2	103705	105130
NC_000962.3	1814852	1815128	+	NC_000962.3	2637257	2637533	263	276	0.9528985507246377	2637395.0	1814990.0	822405.0	276	276			0	0	False	False	False	True	95.28985507246377	822405.0	NC_000962.3:1814852-1815128	NC_000962.3:2637257-2637533	NC_000962.3:1814852-1815128;NC_000962.3:2637257-2637533	74	1814852	1815128	113	2637068	2637535
NC_000962.3	1814852	1815128	-	NC_000962.3	4053633	4053900	242	277	0.8736462093862816	4053766.5	1814990.0	2238776.5	276	267		Rv3612c,Rv3613c	0	0	False	False	False	True	87.36462093862815	2172755.5	NC_000962.3:1814852-1815128	NC_000962.3:4053633-4053900	NC_000962.3:1814852-1815128;NC_000962.3:4053633-4053900	74	1814852	1815128	185	4053631	4054094
NC_000962.3	1814894	1815098	-	NC_000962.3	309898	310101	188	204	0.9215686274509803	309999.5	1814996.0	1504996.5	204	203		Rv0257	0	0	False	False	False	True	92.15686274509804	1504996.5	NC_000962.3:1814894-1815098	NC_000962.3:309898-310101	NC_000962.3:1814894-1815098;NC_000962.3:309898-310101	74	1814852	1815128	8	309898	310101
NC_000962.3	1875403	1877048	+	NC_000962.3	1881800	1883442	1340	1670	0.8023952095808383	1882621.0	1876225.5	6395.5	1645	1642	pks7	pks8	0	0	False	False	False	True	80.23952095808383	6395.5	NC_000962.3:1875403-1877048	NC_000962.3:1881800-1883442	NC_000962.3:1875403-1877048;NC_000962.3:1881800-1883442	75	1875403	1878873	77	1881800	1883442
NC_000962.3	1875404	1878873	-	NC_000962.3	2303443	2306885	2568	3619	0.7095882840563692	2305164.0	1877138.5	428025.5	3469	3442	pks7	pks12	0	0	False	False	False	True	70.95882840563692	428025.5	NC_000962.3:1875404-1878873	NC_000962.3:2303443-2306885	NC_000962.3:1875404-1878873;NC_000962.3:2303443-2306885	75	1875403	1878873	97	2300912	2306889
NC_000962.3	1875420	1877034	-	NC_000962.3	2299198	2300803	1221	1680	0.7267857142857143	2300000.5	1876227.0	423773.5	1614	1605	pks7	pks12	0	0	False	False	False	True	72.67857142857143	423773.5	NC_000962.3:1875420-1877034	NC_000962.3:2299198-2300803	NC_000962.3:1875420-1877034;NC_000962.3:2299198-2300803	75	1875403	1878873	96	2299196	2300826
NC_000962.3	1879290	1879378	+	NC_000962.3	562306	562394	84	88	0.9545454545454546	562350.0	1879334.0	1316984.0	88	88	pks7	Rv0471c	0	0	False	False	False	True	95.45454545454545	1316984.0	NC_000962.3:1879290-1879378	NC_000962.3:562306-562394	NC_000962.3:1879290-1879378;NC_000962.3:562306-562394	76	1879290	1879378	20	562306	562394
NC_000962.3	1881800	1883442	+	NC_000962.3	1875403	1877048	1340	1670	0.8023952095808383	1876225.5	1882621.0	6395.5	1642	1645	pks8	pks7	0	0	False	False	False	True	80.23952095808383	6395.5	NC_000962.3:1881800-1883442	NC_000962.3:1875403-1877048	NC_000962.3:1881800-1883442;NC_000962.3:1875403-1877048	77	1881800	1883442	75	1875403	1878873
NC_000962.3	1895352	1895420	+	NC_000962.3	1895523	1895591	68	68	1.0	1895557.0	1895386.0	171.0	68	68			0	0	False	False	False	True	100.0	171.0	NC_000962.3:1895352-1895420	NC_000962.3:1895523-1895591	NC_000962.3:1895352-1895420;NC_000962.3:1895523-1895591	78	1895352	1895420	79	1895523	1895591
NC_000962.3	1895523	1895591	+	NC_000962.3	1895352	1895420	68	68	1.0	1895386.0	1895557.0	171.0	68	68			0	0	False	False	False	True	100.0	171.0	NC_000962.3:1895523-1895591	NC_000962.3:1895352-1895420	NC_000962.3:1895523-1895591;NC_000962.3:1895352-1895420	79	1895523	1895591	78	1895352	1895420
NC_000962.3	1946848	1947023	-	NC_000962.3	3847716	3847892	172	176	0.9772727272727273	3847804.0	1946935.5	1900868.5	175	176		Rv3430c	0	1	False	False	False	True	97.72727272727273	1900868.5	NC_000962.3:1946848-1947023	NC_000962.3:3847716-3847892	NC_000962.3:1946848-1947023;NC_000962.3:3847716-3847892	80	1946848	1947023	176	3846460	3847892
NC_000962.3	1963419	1964160	-	NC_000962.3	1287354	1288094	640	742	0.862533692722372	1287724.0	1963789.5	676065.5	741	740	narX	narG	0	0	False	False	False	True	86.25336927223721	676065.5	NC_000962.3:1963419-1964160	NC_000962.3:1287354-1288094	NC_000962.3:1963419-1964160;NC_000962.3:1287354-1288094	81	1963419	1964160	51	1287354	1288094
NC_000962.3	1987686	1989057	+	NC_000962.3	3795041	3796412	1368	1373	0.9963583394027676	3795726.5	1988371.5	1807355.0	1371	1371	plcD,Rv1756c,Rv1757c,cut1	Rv3380c,Rv3381c	1	1	False	False	False	True	99.63583394027677	1807355.0	NC_000962.3:1987686-1989057	NC_000962.3:3795041-3796412	NC_000962.3:1987686-1989057;NC_000962.3:3795041-3796412	82	1987686	1989059	172	3795041	3796426
NC_000962.3	1987700	1989057	+	NC_000962.3	2784612	2785969	1357	1357	1.0	2785290.5	1988378.5	796912.0	1357	1357	Rv1756c,Rv1757c,cut1	Rv2479c,Rv2480c	1	1	False	False	False	True	100.0	796912.0	NC_000962.3:1987700-1989057	NC_000962.3:2784612-2785969	NC_000962.3:1987700-1989057;NC_000962.3:2784612-2785969	82	1987686	1989059	118	2784600	2785977
NC_000962.3	1987701	1989057	-	NC_000962.3	2365413	2366769	1356	1356	1.0	2366091.0	1988379.0	377712.0	1356	1356	Rv1756c,Rv1757c,cut1	Rv2105,Rv2106	1	1	False	False	False	True	100.0	377712.0	NC_000962.3:1987701-1989057	NC_000962.3:2365413-2366769	NC_000962.3:1987701-1989057;NC_000962.3:2365413-2366769	82	1987686	1989059	103	2365403	2366771
NC_000962.3	1987701	1989057	-	NC_000962.3	2550013	2551369	1356	1356	1.0	2550691.0	1988379.0	562312.0	1356	1356	Rv1756c,Rv1757c,cut1	Rv2277c,Rv2278,Rv2279	1	1	False	False	False	True	100.0	562312.0	NC_000962.3:1987701-1989057	NC_000962.3:2550013-2551369	NC_000962.3:1987701-1989057;NC_000962.3:2550013-2551369	82	1987686	1989059	110	2550005	2551370
NC_000962.3	1987701	1989057	-	NC_000962.3	3551229	3552585	1356	1356	1.0	3551907.0	1988379.0	1563528.0	1356	1356	Rv1756c,Rv1757c,cut1	Rv3184,Rv3185	1	1	False	False	False	True	100.0	1563528.0	NC_000962.3:1987701-1989057	NC_000962.3:3551229-3552585	NC_000962.3:1987701-1989057;NC_000962.3:3551229-3552585	82	1987686	1989059	158	3551212	3552587
NC_000962.3	1987701	1989058	+	NC_000962.3	2430115	2431472	1357	1357	1.0	2430793.5	1988379.5	442414.0	1357	1357	Rv1756c,Rv1757c,cut1	Rv2167c,Rv2168c	1	1	False	False	False	True	100.0	442414.0	NC_000962.3:1987701-1989058	NC_000962.3:2430115-2431472	NC_000962.3:1987701-1989058;NC_000962.3:2430115-2431472	82	1987686	1989059	104	2430113	2431474
NC_000962.3	1987701	1989058	+	NC_000962.3	3120522	3121879	1357	1357	1.0	3121200.5	1988379.5	1132821.0	1357	1357	Rv1756c,Rv1757c,cut1	Rv2814c,Rv2815c	1	1	False	False	False	True	100.0	1132821.0	NC_000962.3:1987701-1989058	NC_000962.3:3120522-3121879	NC_000962.3:1987701-1989058;NC_000962.3:3120522-3121879	82	1987686	1989059	137	3119183	3123577
NC_000962.3	1987702	1989057	-	NC_000962.3	889020	890375	1355	1355	1.0	889697.5	1988379.5	1098682.0	1355	1355	Rv1756c,Rv1757c,cut1	Rv0795,Rv0796	1	1	False	False	False	True	100.0	1098682.0	NC_000962.3:1987702-1989057	NC_000962.3:889020-890375	NC_000962.3:1987702-1989057;NC_000962.3:889020-890375	82	1987686	1989059	33	889019	891461
NC_000962.3	1987702	1989057	-	NC_000962.3	2972108	2973463	1355	1355	1.0	2972785.5	1988379.5	984406.0	1355	1355	Rv1756c,Rv1757c,cut1	Rv2648,Rv2649	1	1	False	False	False	True	100.0	984406.0	NC_000962.3:1987702-1989057	NC_000962.3:2972108-2973463	NC_000962.3:1987702-1989057;NC_000962.3:2972108-2973463	82	1987686	1989059	127	2972104	2973463
NC_000962.3	1987702	1989057	-	NC_000962.3	3552712	3554067	1355	1355	1.0	3553389.5	1988379.5	1565010.0	1355	1355	Rv1756c,Rv1757c,cut1	Rv3186,Rv3187	1	1	False	False	False	True	100.0	1565010.0	NC_000962.3:1987702-1989057	NC_000962.3:3552712-3554067	NC_000962.3:1987702-1989057;NC_000962.3:3552712-3554067	82	1987686	1989059	159	3552704	3554070
NC_000962.3	1987702	1989058	+	NC_000962.3	1541951	1543307	1356	1356	1.0	1542629.0	1988380.0	445751.0	1356	1356	Rv1756c,Rv1757c,cut1	Rv1369c,Rv1370c	1	1	False	False	False	True	100.0	445751.0	NC_000962.3:1987702-1989058	NC_000962.3:1541951-1543307	NC_000962.3:1987702-1989058;NC_000962.3:1541951-1543307	82	1987686	1989059	60	1541948	1543318
NC_000962.3	1987702	1989058	-	NC_000962.3	1996099	1997455	1356	1356	1.0	1996777.0	1988380.0	8397.0	1356	1356	Rv1756c,Rv1757c,cut1	Rv1763,Rv1764,Rv1765c	1	1	False	False	False	True	100.0	8397.0	NC_000962.3:1987702-1989058	NC_000962.3:1996099-1997455	NC_000962.3:1987702-1989058;NC_000962.3:1996099-1997455	82	1987686	1989059	83	1996098	1998612
NC_000962.3	1987702	1989058	-	NC_000962.3	3710380	3711736	1356	1356	1.0	3711058.0	1988380.0	1722678.0	1356	1356	Rv1756c,Rv1757c,cut1	Rv3325,Rv3326	1	1	False	False	False	True	100.0	1722678.0	NC_000962.3:1987702-1989058	NC_000962.3:3710380-3711736	NC_000962.3:1987702-1989058;NC_000962.3:3710380-3711736	82	1987686	1989059	162	3710379	3712822
NC_000962.3	1987702	1989058	-	NC_000962.3	3890777	3892133	1356	1356	1.0	3891455.0	1988380.0	1903075.0	1356	1356	Rv1756c,Rv1757c,cut1	Rv3474,Rv3475	1	1	False	False	False	True	100.0	1903075.0	NC_000962.3:1987702-1989058	NC_000962.3:3890777-3892133	NC_000962.3:1987702-1989058;NC_000962.3:3890777-3892133	82	1987686	1989059	178	3890771	3892140
NC_000962.3	1987702	1989059	-	NC_000962.3	2635574	2636931	1357	1357	1.0	2636252.5	1988380.5	647872.0	1357	1357	Rv1756c,Rv1757c,cut1	PPE39,Rv2354,Rv2355	1	1	False	False	False	True	100.0	647872.0	NC_000962.3:1987702-1989059	NC_000962.3:2635574-2636931	NC_000962.3:1987702-1989059;NC_000962.3:2635574-2636931	82	1987686	1989059	112	2634780	2637028
NC_000962.3	1996098	1997455	-	NC_000962.3	2430116	2431473	1357	1357	1.0	2430794.5	1996776.5	434018.0	1357	1357	Rv1763,Rv1764,Rv1765c	Rv2167c,Rv2168c	1	1	False	False	False	True	100.0	434018.0	NC_000962.3:1996098-1997455	NC_000962.3:2430116-2431473	NC_000962.3:1996098-1997455;NC_000962.3:2430116-2431473	83	1996098	1998612	104	2430113	2431474
NC_000962.3	1996098	1997463	-	NC_000962.3	3120517	3121880	1363	1365	0.9985347985347985	3121198.5	1996780.5	1124418.0	1365	1363	Rv1763,Rv1764,Rv1765c	Rv2814c,Rv2815c	1	1	False	False	False	True	99.85347985347985	1124418.0	NC_000962.3:1996098-1997463	NC_000962.3:3120517-3121880	NC_000962.3:1996098-1997463;NC_000962.3:3120517-3121880	83	1996098	1998612	137	3119183	3123577
NC_000962.3	1996099	1997455	-	NC_000962.3	1987702	1989058	1356	1356	1.0	1988380.0	1996777.0	8397.0	1356	1356	Rv1763,Rv1764,Rv1765c	Rv1756c,Rv1757c,cut1	1	1	False	False	False	True	100.0	8397.0	NC_000962.3:1996099-1997455	NC_000962.3:1987702-1989058	NC_000962.3:1996099-1997455;NC_000962.3:1987702-1989058	83	1996098	1998612	82	1987686	1989059
NC_000962.3	1996099	1997455	+	NC_000962.3	2635575	2636931	1356	1356	1.0	2636253.0	1996777.0	639476.0	1356	1356	Rv1763,Rv1764,Rv1765c	PPE39,Rv2354,Rv2355	1	1	False	False	False	True	100.0	639476.0	NC_000962.3:1996099-1997455	NC_000962.3:2635575-2636931	NC_000962.3:1996099-1997455;NC_000962.3:2635575-2636931	83	1996098	1998612	112	2634780	2637028
NC_000962.3	1996099	1997456	+	NC_000962.3	3710380	3711737	1357	1357	1.0	3711058.5	1996777.5	1714281.0	1357	1357	Rv1763,Rv1764,Rv1765c	Rv3325,Rv3326	1	1	False	False	False	True	100.0	1714281.0	NC_000962.3:1996099-1997456	NC_000962.3:3710380-3711737	NC_000962.3:1996099-1997456;NC_000962.3:3710380-3711737	83	1996098	1998612	162	3710379	3712822
NC_000962.3	1996099	1997456	+	NC_000962.3	3890777	3892134	1357	1357	1.0	3891455.5	1996777.5	1894678.0	1357	1357	Rv1763,Rv1764,Rv1765c	Rv3474,Rv3475	1	1	False	False	False	True	100.0	1894678.0	NC_000962.3:1996099-1997456	NC_000962.3:3890777-3892134	NC_000962.3:1996099-1997456;NC_000962.3:3890777-3892134	83	1996098	1998612	178	3890771	3892140
NC_000962.3	1996099	1997458	-	NC_000962.3	1541948	1543307	1359	1359	1.0	1542627.5	1996778.5	454151.0	1359	1359	Rv1763,Rv1764,Rv1765c	Rv1369c,Rv1370c	1	1	False	False	False	True	100.0	454151.0	NC_000962.3:1996099-1997458	NC_000962.3:1541948-1543307	NC_000962.3:1996099-1997458;NC_000962.3:1541948-1543307	83	1996098	1998612	60	1541948	1543318
NC_000962.3	1996100	1997455	+	NC_000962.3	2365413	2366768	1355	1355	1.0	2366090.5	1996777.5	369313.0	1355	1355	Rv1763,Rv1764,Rv1765c	Rv2105,Rv2106	1	1	False	False	False	True	100.0	369313.0	NC_000962.3:1996100-1997455	NC_000962.3:2365413-2366768	NC_000962.3:1996100-1997455;NC_000962.3:2365413-2366768	83	1996098	1998612	103	2365403	2366771
NC_000962.3	1996100	1997455	+	NC_000962.3	2550013	2551368	1355	1355	1.0	2550690.5	1996777.5	553913.0	1355	1355	Rv1763,Rv1764,Rv1765c	Rv2277c,Rv2278,Rv2279	1	1	False	False	False	True	100.0	553913.0	NC_000962.3:1996100-1997455	NC_000962.3:2550013-2551368	NC_000962.3:1996100-1997455;NC_000962.3:2550013-2551368	83	1996098	1998612	110	2550005	2551370
NC_000962.3	1996100	1997455	-	NC_000962.3	2784614	2785969	1355	1355	1.0	2785291.5	1996777.5	788514.0	1355	1355	Rv1763,Rv1764,Rv1765c	Rv2479c,Rv2480c	1	1	False	False	False	True	100.0	788514.0	NC_000962.3:1996100-1997455	NC_000962.3:2784614-2785969	NC_000962.3:1996100-1997455;NC_000962.3:2784614-2785969	83	1996098	1998612	118	2784600	2785977
NC_000962.3	1996100	1997455	+	NC_000962.3	2972108	2973463	1355	1355	1.0	2972785.5	1996777.5	976008.0	1355	1355	Rv1763,Rv1764,Rv1765c	Rv2648,Rv2649	1	1	False	False	False	True	100.0	976008.0	NC_000962.3:1996100-1997455	NC_000962.3:2972108-2973463	NC_000962.3:1996100-1997455;NC_000962.3:2972108-2973463	83	1996098	1998612	127	2972104	2973463
NC_000962.3	1996100	1997455	+	NC_000962.3	3551229	3552584	1355	1355	1.0	3551906.5	1996777.5	1555129.0	1355	1355	Rv1763,Rv1764,Rv1765c	Rv3184,Rv3185	1	1	False	False	False	True	100.0	1555129.0	NC_000962.3:1996100-1997455	NC_000962.3:3551229-3552584	NC_000962.3:1996100-1997455;NC_000962.3:3551229-3552584	83	1996098	1998612	158	3551212	3552587
NC_000962.3	1996100	1997455	+	NC_000962.3	3552712	3554067	1355	1355	1.0	3553389.5	1996777.5	1556612.0	1355	1355	Rv1763,Rv1764,Rv1765c	Rv3186,Rv3187	1	1	False	False	False	True	100.0	1556612.0	NC_000962.3:1996100-1997455	NC_000962.3:3552712-3554067	NC_000962.3:1996100-1997455;NC_000962.3:3552712-3554067	83	1996098	1998612	159	3552704	3554070
NC_000962.3	1996100	1997455	-	NC_000962.3	3795057	3796412	1355	1355	1.0	3795734.5	1996777.5	1798957.0	1355	1355	Rv1763,Rv1764,Rv1765c	Rv3380c,Rv3381c	1	1	False	False	False	True	100.0	1798957.0	NC_000962.3:1996100-1997455	NC_000962.3:3795057-3796412	NC_000962.3:1996100-1997455;NC_000962.3:3795057-3796412	83	1996098	1998612	172	3795041	3796426
NC_000962.3	1996100	1997456	+	NC_000962.3	889020	890376	1356	1356	1.0	889698.0	1996778.0	1107080.0	1356	1356	Rv1763,Rv1764,Rv1765c	Rv0795,Rv0796	1	1	False	False	False	True	100.0	1107080.0	NC_000962.3:1996100-1997456	NC_000962.3:889020-890376	NC_000962.3:1996100-1997456;NC_000962.3:889020-890376	83	1996098	1998612	33	889019	891461
NC_000962.3	1997452	1998612	+	NC_000962.3	2262009	2263169	1160	1160	1.0	2262589.0	1998032.0	264557.0	1160	1160	Rv1765c	Rv2015c	0	0	False	False	False	True	100.0	264557.0	NC_000962.3:1997452-1998612	NC_000962.3:2262009-2263169	NC_000962.3:1997452-1998612;NC_000962.3:2262009-2263169	83	1996098	1998612	94	2262009	2263169
NC_000962.3	2025301	2026163	+	NC_000962.3	2028425	2029242	807	863	0.9351100811123986	2028833.5	2025732.0	3101.5	862	817	PPE25	PPE27	0	0	False	True	False	False	93.51100811123986	3101.5	NC_000962.3:2025301-2026163	NC_000962.3:2028425-2029242	NC_000962.3:2025301-2026163;NC_000962.3:2028425-2029242	84	2025301	2026163	85	2028425	2029242
NC_000962.3	2028425	2029242	+	NC_000962.3	2025301	2026163	807	863	0.9351100811123986	2025732.0	2028833.5	3101.5	817	862	PPE27	PPE25	0	0	False	True	False	False	93.51100811123986	3101.5	NC_000962.3:2028425-2029242	NC_000962.3:2025301-2026163	NC_000962.3:2028425-2029242;NC_000962.3:2025301-2026163	85	2028425	2029242	84	2025301	2026163
NC_000962.3	2030331	2030976	+	NC_000962.3	1340643	1341288	604	655	0.9221374045801527	1340965.5	2030653.5	689688.0	645	645	esxM,esxN	esxK,esxL	0	0	True	False	False	False	92.21374045801527	689688.0	NC_000962.3:2030331-2030976	NC_000962.3:1340643-1341288	NC_000962.3:2030331-2030976;NC_000962.3:1340643-1341288	86	2030331	2030983	53	1340494	1341292
NC_000962.3	2030331	2030976	-	NC_000962.3	2625889	2626534	604	654	0.9235474006116208	2626211.5	2030653.5	595558.0	645	645	esxM,esxN	esxO,esxP	0	0	True	False	False	False	92.35474006116208	595558.0	NC_000962.3:2030331-2030976	NC_000962.3:2625889-2626534	NC_000962.3:2030331-2030976;NC_000962.3:2625889-2626534	86	2030331	2030983	111	2625885	2626683
NC_000962.3	2030331	2030983	-	NC_000962.3	1160538	1161165	594	652	0.911042944785276	1160851.5	2030657.0	869805.5	652	627	esxM,esxN	esxI,esxJ	0	0	True	False	False	False	91.1042944785276	869805.5	NC_000962.3:2030331-2030983	NC_000962.3:1160538-1161165	NC_000962.3:2030331-2030983;NC_000962.3:1160538-1161165	86	2030331	2030983	41	1160538	1161167
NC_000962.3	2030346	2030978	-	NC_000962.3	4059983	4060591	578	632	0.9145569620253164	4060287.0	2030662.0	2029625.0	632	608	esxM,esxN	esxV,esxW	0	0	True	False	False	False	91.45569620253164	2029625.0	NC_000962.3:2030346-2030978	NC_000962.3:4059983-4060591	NC_000962.3:2030346-2030978;NC_000962.3:4059983-4060591	86	2030331	2030983	186	4059983	4060591
NC_000962.3	2047595	2047908	+	NC_000962.3	1735509	1735826	259	330	0.7848484848484848	1735667.5	2047751.5	312084.0	313	317	Rv1805c		0	0	False	False	False	True	78.48484848484848	312084.0	NC_000962.3:2047595-2047908	NC_000962.3:1735509-1735826	NC_000962.3:2047595-2047908;NC_000962.3:1735509-1735826	87	2047595	2047908	69	1735509	1735826
NC_000962.3	2059429	2059502	-	NC_000962.3	3319506	3319579	69	73	0.9452054794520548	3319542.5	2059465.5	1260077.0	73	73			0	0	False	False	False	True	94.52054794520548	1260077.0	NC_000962.3:2059429-2059502	NC_000962.3:3319506-3319579	NC_000962.3:2059429-2059502;NC_000962.3:3319506-3319579	88	2059429	2059579	150	3319468	3319662
NC_000962.3	2059445	2059579	-	NC_000962.3	3319506	3319662	128	156	0.8205128205128205	3319584.0	2059512.0	1260072.0	134	156			0	0	False	False	False	True	82.05128205128204	1260072.0	NC_000962.3:2059445-2059579	NC_000962.3:3319506-3319662	NC_000962.3:2059445-2059579;NC_000962.3:3319506-3319662	88	2059429	2059579	150	3319468	3319662
NC_000962.3	2074435	2074521	+	NC_000962.3	2074547	2074633	85	86	0.9883720930232558	2074590.0	2074478.0	112.0	86	86	Rv1829		0	0	False	False	False	True	98.83720930232558	112.0	NC_000962.3:2074435-2074521	NC_000962.3:2074547-2074633	NC_000962.3:2074435-2074521;NC_000962.3:2074547-2074633	89	2074435	2074521	90	2074547	2074633
NC_000962.3	2074547	2074633	+	NC_000962.3	2074435	2074521	85	86	0.9883720930232558	2074478.0	2074590.0	112.0	86	86		Rv1829	0	0	False	False	False	True	98.83720930232558	112.0	NC_000962.3:2074547-2074633	NC_000962.3:2074435-2074521	NC_000962.3:2074547-2074633;NC_000962.3:2074435-2074521	90	2074547	2074633	89	2074435	2074521
NC_000962.3	2165476	2165583	+	NC_000962.3	2165326	2165433	104	107	0.9719626168224299	2165379.5	2165529.5	150.0	107	107	PPE34	PPE34	0	0	False	True	False	False	97.19626168224299	150.0	NC_000962.3:2165476-2165583	NC_000962.3:2165326-2165433	NC_000962.3:2165476-2165583;NC_000962.3:2165326-2165433	91	2165476	2165583	91	2165326	2165433
NC_000962.3	2195856	2197360	-	NC_000962.3	1276292	1277797	1441	1506	0.9568393094289509	1277044.5	2196608.0	919563.5	1504	1505	Rv1944c,Rv1945	Rv1148c	0	0	False	False	True	False	95.68393094289509	919563.5	NC_000962.3:2195856-2197360	NC_000962.3:1276292-1277797	NC_000962.3:2195856-2197360;NC_000962.3:1276292-1277797	92	2195856	2197360	49	1276292	1277797
NC_000962.3	2198686	2198815	-	NC_000962.3	1275924	1276053	124	129	0.9612403100775194	1275988.5	2198750.5	922762.0	129	129	Rv1948c		0	0	False	False	False	True	96.12403100775194	922762.0	NC_000962.3:2198686-2198815	NC_000962.3:1275924-1276053	NC_000962.3:2198686-2198815;NC_000962.3:1275924-1276053	93	2198686	2198815	48	1275924	1276053
NC_000962.3	2262009	2263169	+	NC_000962.3	1997452	1998612	1160	1160	1.0	1998032.0	2262589.0	264557.0	1160	1160	Rv2015c	Rv1765c	0	0	False	False	False	True	100.0	264557.0	NC_000962.3:2262009-2263169	NC_000962.3:1997452-1998612	NC_000962.3:2262009-2263169;NC_000962.3:1997452-1998612	94	2262009	2263169	83	1996098	1998612
NC_000962.3	2294816	2298269	+	NC_000962.3	2300912	2304311	2864	3502	0.817818389491719	2302611.5	2296542.5	6069.0	3453	3399	pks12	pks12	0	0	False	False	False	True	81.7818389491719	6069.0	NC_000962.3:2294816-2298269	NC_000962.3:2300912-2304311	NC_000962.3:2294816-2298269;NC_000962.3:2300912-2304311	95	2294816	2298269	97	2300912	2306889
NC_000962.3	2299196	2300826	+	NC_000962.3	2305265	2306889	1516	1639	0.924954240390482	2306077.0	2300011.0	6066.0	1630	1624	pks12	pks12	0	0	False	False	False	True	92.4954240390482	6066.0	NC_000962.3:2299196-2300826	NC_000962.3:2305265-2306889	NC_000962.3:2299196-2300826;NC_000962.3:2305265-2306889	96	2299196	2300826	97	2300912	2306889
NC_000962.3	2299198	2300803	-	NC_000962.3	1875420	1877034	1225	1679	0.7296009529481834	1876227.0	2300000.5	423773.5	1605	1614	pks12	pks7	0	0	False	False	False	True	72.96009529481834	423773.5	NC_000962.3:2299198-2300803	NC_000962.3:1875420-1877034	NC_000962.3:2299198-2300803;NC_000962.3:1875420-1877034	96	2299196	2300826	75	1875403	1878873
NC_000962.3	2300912	2304311	+	NC_000962.3	2294816	2298269	2864	3503	0.8175849272052527	2296542.5	2302611.5	6069.0	3399	3453	pks12	pks12	0	0	False	False	False	True	81.75849272052527	6069.0	NC_000962.3:2300912-2304311	NC_000962.3:2294816-2298269	NC_000962.3:2300912-2304311;NC_000962.3:2294816-2298269	97	2300912	2306889	95	2294816	2298269
NC_000962.3	2303443	2306885	-	NC_000962.3	1875404	1878873	2560	3594	0.7122982749026154	1877138.5	2305164.0	428025.5	3442	3469	pks12	pks7	0	0	False	False	False	True	71.22982749026154	428025.5	NC_000962.3:2303443-2306885	NC_000962.3:1875404-1878873	NC_000962.3:2303443-2306885;NC_000962.3:1875404-1878873	97	2300912	2306889	75	1875403	1878873
NC_000962.3	2305265	2306889	+	NC_000962.3	2299196	2300826	1516	1639	0.924954240390482	2300011.0	2306077.0	6066.0	1624	1630	pks12	pks12	0	0	False	False	False	True	92.4954240390482	6066.0	NC_000962.3:2305265-2306889	NC_000962.3:2299196-2300826	NC_000962.3:2305265-2306889;NC_000962.3:2299196-2300826	97	2300912	2306889	96	2299196	2300826
NC_000962.3	2337936	2338094	+	NC_000962.3	2340529	2340687	146	158	0.9240506329113924	2340608.0	2338015.0	2593.0	158	158	Rv2081c	Rv2082	0	0	False	False	False	True	92.40506329113924	2593.0	NC_000962.3:2337936-2338094	NC_000962.3:2340529-2340687	NC_000962.3:2337936-2338094;NC_000962.3:2340529-2340687	98	2337936	2338094	99	2340529	2340687
NC_000962.3	2340529	2340687	+	NC_000962.3	2337936	2338094	146	158	0.9240506329113924	2338015.0	2340608.0	2593.0	158	158	Rv2082	Rv2081c	0	0	False	False	False	True	92.40506329113924	2593.0	NC_000962.3:2340529-2340687	NC_000962.3:2337936-2338094	NC_000962.3:2340529-2340687;NC_000962.3:2337936-2338094	99	2340529	2340687	98	2337936	2338094
NC_000962.3	2341059	2341697	-	NC_000962.3	4383094	4383754	513	675	0.76	4383424.0	2341378.0	2042046.0	638	660	Rv2083	Rv3897c,Rv3898c	0	0	False	False	False	True	76.0	2042046.0	NC_000962.3:2341059-2341697	NC_000962.3:4383094-4383754	NC_000962.3:2341059-2341697;NC_000962.3:4383094-4383754	100	2341059	2341697	196	4383094	4383754
NC_000962.3	2347379	2347497	-	NC_000962.3	1451777	1451895	104	118	0.8813559322033898	1451836.0	2347438.0	895602.0	118	118	Rv2090	thrC	0	0	False	False	False	True	88.13559322033898	895602.0	NC_000962.3:2347379-2347497	NC_000962.3:1451777-1451895	NC_000962.3:2347379-2347497;NC_000962.3:1451777-1451895	101	2347379	2347613	56	1451777	1451998
NC_000962.3	2347379	2347554	-	NC_000962.3	1451777	1451952	152	175	0.8685714285714285	1451864.5	2347466.5	895602.0	175	175	Rv2090	thrC	0	0	False	False	False	True	86.85714285714286	895602.0	NC_000962.3:2347379-2347554	NC_000962.3:1451777-1451952	NC_000962.3:2347379-2347554;NC_000962.3:1451777-1451952	101	2347379	2347613	56	1451777	1451998
NC_000962.3	2347390	2347611	-	NC_000962.3	1451777	1451998	193	221	0.8733031674208145	1451887.5	2347500.5	895613.0	221	221	Rv2090	thrC,thrB	0	0	False	False	False	True	87.33031674208145	895613.0	NC_000962.3:2347390-2347611	NC_000962.3:1451777-1451998	NC_000962.3:2347390-2347611;NC_000962.3:1451777-1451998	101	2347379	2347613	56	1451777	1451998
NC_000962.3	2347394	2347499	+	NC_000962.3	2347508	2347613	104	105	0.9904761904761905	2347560.5	2347446.5	114.0	105	105	Rv2090	Rv2090	0	0	False	False	False	True	99.04761904761905	114.0	NC_000962.3:2347394-2347499	NC_000962.3:2347508-2347613	NC_000962.3:2347394-2347499;NC_000962.3:2347508-2347613	101	2347379	2347613	101	2347379	2347613
NC_000962.3	2347451	2347610	-	NC_000962.3	1451835	1451994	139	159	0.8742138364779874	1451914.5	2347530.5	895616.0	159	159	Rv2090		0	0	False	False	False	True	87.42138364779875	895616.0	NC_000962.3:2347451-2347610	NC_000962.3:1451835-1451994	NC_000962.3:2347451-2347610;NC_000962.3:1451835-1451994	101	2347379	2347613	56	1451777	1451998
NC_000962.3	2347508	2347610	-	NC_000962.3	1451892	1451994	91	102	0.8921568627450981	1451943.0	2347559.0	895616.0	102	102	Rv2090		0	0	False	False	False	True	89.2156862745098	895616.0	NC_000962.3:2347508-2347610	NC_000962.3:1451892-1451994	NC_000962.3:2347508-2347610;NC_000962.3:1451892-1451994	101	2347379	2347613	56	1451777	1451998
NC_000962.3	2347508	2347613	+	NC_000962.3	2347394	2347499	104	105	0.9904761904761905	2347446.5	2347560.5	114.0	105	105	Rv2090	Rv2090	0	0	False	False	False	True	99.04761904761905	114.0	NC_000962.3:2347508-2347613	NC_000962.3:2347394-2347499	NC_000962.3:2347508-2347613;NC_000962.3:2347394-2347499	101	2347379	2347613	101	2347379	2347613
NC_000962.3	2358502	2360031	+	NC_000962.3	4221088	4222560	1234	1536	0.8033854166666666	4221824.0	2359266.5	1862557.5	1529	1472	Rv2100	Rv3776	0	0	False	False	True	False	80.33854166666666	1862557.5	NC_000962.3:2358502-2360031	NC_000962.3:4221088-4222560	NC_000962.3:2358502-2360031;NC_000962.3:4221088-4222560	102	2358502	2360031	190	4221088	4222560
NC_000962.3	2365403	2366768	-	NC_000962.3	1541951	1543318	1364	1367	0.9978054133138259	1542634.5	2366085.5	823451.0	1365	1367	Rv2105,Rv2106	Rv1369c,Rv1370c	1	1	False	False	False	True	99.7805413313826	823451.0	NC_000962.3:2365403-2366768	NC_000962.3:1541951-1543318	NC_000962.3:2365403-2366768;NC_000962.3:1541951-1543318	103	2365403	2366771	60	1541948	1543318
NC_000962.3	2365410	2366771	+	NC_000962.3	3551226	3552587	1361	1361	1.0	3551906.5	2366090.5	1185816.0	1361	1361	Rv2105,Rv2106	Rv3184,Rv3185	1	1	False	False	False	True	100.0	1185816.0	NC_000962.3:2365410-2366771	NC_000962.3:3551226-3552587	NC_000962.3:2365410-2366771;NC_000962.3:3551226-3552587	103	2365403	2366771	158	3551212	3552587
NC_000962.3	2365413	2366768	+	NC_000962.3	889020	890375	1355	1355	1.0	889697.5	2366090.5	1476393.0	1355	1355	Rv2105,Rv2106	Rv0795,Rv0796	1	1	False	False	False	True	100.0	1476393.0	NC_000962.3:2365413-2366768	NC_000962.3:889020-890375	NC_000962.3:2365413-2366768;NC_000962.3:889020-890375	103	2365403	2366771	33	889019	891461
NC_000962.3	2365413	2366768	+	NC_000962.3	1996100	1997455	1355	1355	1.0	1996777.5	2366090.5	369313.0	1355	1355	Rv2105,Rv2106	Rv1763,Rv1764,Rv1765c	1	1	False	False	False	True	100.0	369313.0	NC_000962.3:2365413-2366768	NC_000962.3:1996100-1997455	NC_000962.3:2365413-2366768;NC_000962.3:1996100-1997455	103	2365403	2366771	83	1996098	1998612
NC_000962.3	2365413	2366768	+	NC_000962.3	2635576	2636931	1355	1355	1.0	2636253.5	2366090.5	270163.0	1355	1355	Rv2105,Rv2106	PPE39,Rv2354,Rv2355	1	1	False	False	False	True	100.0	270163.0	NC_000962.3:2365413-2366768	NC_000962.3:2635576-2636931	NC_000962.3:2365413-2366768;NC_000962.3:2635576-2636931	103	2365403	2366771	112	2634780	2637028
NC_000962.3	2365413	2366768	+	NC_000962.3	2972108	2973463	1355	1355	1.0	2972785.5	2366090.5	606695.0	1355	1355	Rv2105,Rv2106	Rv2648,Rv2649	1	1	False	False	False	True	100.0	606695.0	NC_000962.3:2365413-2366768	NC_000962.3:2972108-2973463	NC_000962.3:2365413-2366768;NC_000962.3:2972108-2973463	103	2365403	2366771	127	2972104	2973463
NC_000962.3	2365413	2366768	+	NC_000962.3	3552712	3554067	1355	1355	1.0	3553389.5	2366090.5	1187299.0	1355	1355	Rv2105,Rv2106	Rv3186,Rv3187	1	1	False	False	False	True	100.0	1187299.0	NC_000962.3:2365413-2366768	NC_000962.3:3552712-3554067	NC_000962.3:2365413-2366768;NC_000962.3:3552712-3554067	103	2365403	2366771	159	3552704	3554070
NC_000962.3	2365413	2366768	+	NC_000962.3	3710381	3711736	1355	1355	1.0	3711058.5	2366090.5	1344968.0	1355	1355	Rv2105,Rv2106	Rv3325,Rv3326	1	1	False	False	False	True	100.0	1344968.0	NC_000962.3:2365413-2366768	NC_000962.3:3710381-3711736	NC_000962.3:2365413-2366768;NC_000962.3:3710381-3711736	103	2365403	2366771	162	3710379	3712822
NC_000962.3	2365413	2366768	-	NC_000962.3	3795057	3796412	1355	1355	1.0	3795734.5	2366090.5	1429644.0	1355	1355	Rv2105,Rv2106	Rv3380c,Rv3381c	1	1	False	False	False	True	100.0	1429644.0	NC_000962.3:2365413-2366768	NC_000962.3:3795057-3796412	NC_000962.3:2365413-2366768;NC_000962.3:3795057-3796412	103	2365403	2366771	172	3795041	3796426
NC_000962.3	2365413	2366768	+	NC_000962.3	3890778	3892133	1355	1355	1.0	3891455.5	2366090.5	1525365.0	1355	1355	Rv2105,Rv2106	Rv3474,Rv3475	1	1	False	False	False	True	100.0	1525365.0	NC_000962.3:2365413-2366768	NC_000962.3:3890778-3892133	NC_000962.3:2365413-2366768;NC_000962.3:3890778-3892133	103	2365403	2366771	178	3890771	3892140
NC_000962.3	2365413	2366769	-	NC_000962.3	1987701	1989057	1356	1356	1.0	1988379.0	2366091.0	377712.0	1356	1356	Rv2105,Rv2106	Rv1756c,Rv1757c,cut1	1	1	False	False	False	True	100.0	377712.0	NC_000962.3:2365413-2366769	NC_000962.3:1987701-1989057	NC_000962.3:2365413-2366769;NC_000962.3:1987701-1989057	103	2365403	2366771	82	1987686	1989059
NC_000962.3	2365413	2366769	-	NC_000962.3	2430115	2431471	1356	1356	1.0	2430793.0	2366091.0	64702.0	1356	1356	Rv2105,Rv2106	Rv2167c,Rv2168c	1	1	False	False	False	True	100.0	64702.0	NC_000962.3:2365413-2366769	NC_000962.3:2430115-2431471	NC_000962.3:2365413-2366769;NC_000962.3:2430115-2431471	103	2365403	2366771	104	2430113	2431474
NC_000962.3	2365413	2366769	+	NC_000962.3	2550013	2551369	1356	1356	1.0	2550691.0	2366091.0	184600.0	1356	1356	Rv2105,Rv2106	Rv2277c,Rv2278,Rv2279	1	1	False	False	False	True	100.0	184600.0	NC_000962.3:2365413-2366769	NC_000962.3:2550013-2551369	NC_000962.3:2365413-2366769;NC_000962.3:2550013-2551369	103	2365403	2366771	110	2550005	2551370
NC_000962.3	2365413	2366769	-	NC_000962.3	2784613	2785969	1356	1356	1.0	2785291.0	2366091.0	419200.0	1356	1356	Rv2105,Rv2106	Rv2479c,Rv2480c	1	1	False	False	False	True	100.0	419200.0	NC_000962.3:2365413-2366769	NC_000962.3:2784613-2785969	NC_000962.3:2365413-2366769;NC_000962.3:2784613-2785969	103	2365403	2366771	118	2784600	2785977
NC_000962.3	2365413	2366769	-	NC_000962.3	3120522	3121878	1356	1356	1.0	3121200.0	2366091.0	755109.0	1356	1356	Rv2105,Rv2106	Rv2814c,Rv2815c	1	1	False	False	False	True	100.0	755109.0	NC_000962.3:2365413-2366769	NC_000962.3:3120522-3121878	NC_000962.3:2365413-2366769;NC_000962.3:3120522-3121878	103	2365403	2366771	137	3119183	3123577
NC_000962.3	2430113	2431474	+	NC_000962.3	3120520	3121881	1361	1361	1.0	3121200.5	2430793.5	690407.0	1361	1361	Rv2167c,Rv2168c	Rv2814c,Rv2815c	1	1	False	False	False	True	100.0	690407.0	NC_000962.3:2430113-2431474	NC_000962.3:3120520-3121881	NC_000962.3:2430113-2431474;NC_000962.3:3120520-3121881	104	2430113	2431474	137	3119183	3123577
NC_000962.3	2430114	2431471	-	NC_000962.3	2550013	2551370	1357	1357	1.0	2550691.5	2430792.5	119899.0	1357	1357	Rv2167c,Rv2168c	Rv2277c,Rv2278,Rv2279	1	1	False	False	False	True	100.0	119899.0	NC_000962.3:2430114-2431471	NC_000962.3:2550013-2551370	NC_000962.3:2430114-2431471;NC_000962.3:2550013-2551370	104	2430113	2431474	110	2550005	2551370
NC_000962.3	2430115	2431471	-	NC_000962.3	2365413	2366769	1356	1356	1.0	2366091.0	2430793.0	64702.0	1356	1356	Rv2167c,Rv2168c	Rv2105,Rv2106	1	1	False	False	False	True	100.0	64702.0	NC_000962.3:2430115-2431471	NC_000962.3:2365413-2366769	NC_000962.3:2430115-2431471;NC_000962.3:2365413-2366769	104	2430113	2431474	103	2365403	2366771
NC_000962.3	2430115	2431471	+	NC_000962.3	2784613	2785969	1356	1356	1.0	2785291.0	2430793.0	354498.0	1356	1356	Rv2167c,Rv2168c	Rv2479c,Rv2480c	1	1	False	False	False	True	100.0	354498.0	NC_000962.3:2430115-2431471	NC_000962.3:2784613-2785969	NC_000962.3:2430115-2431471;NC_000962.3:2784613-2785969	104	2430113	2431474	118	2784600	2785977
NC_000962.3	2430115	2431471	-	NC_000962.3	3551229	3552585	1356	1356	1.0	3551907.0	2430793.0	1121114.0	1356	1356	Rv2167c,Rv2168c	Rv3184,Rv3185	1	1	False	False	False	True	100.0	1121114.0	NC_000962.3:2430115-2431471	NC_000962.3:3551229-3552585	NC_000962.3:2430115-2431471;NC_000962.3:3551229-3552585	104	2430113	2431474	158	3551212	3552587
NC_000962.3	2430115	2431472	+	NC_000962.3	1987701	1989058	1357	1357	1.0	1988379.5	2430793.5	442414.0	1357	1357	Rv2167c,Rv2168c	Rv1756c,Rv1757c,cut1	1	1	False	False	False	True	100.0	442414.0	NC_000962.3:2430115-2431472	NC_000962.3:1987701-1989058	NC_000962.3:2430115-2431472;NC_000962.3:1987701-1989058	104	2430113	2431474	82	1987686	1989059
NC_000962.3	2430116	2431471	-	NC_000962.3	889020	890375	1355	1355	1.0	889697.5	2430793.5	1541096.0	1355	1355	Rv2167c,Rv2168c	Rv0795,Rv0796	1	1	False	False	False	True	100.0	1541096.0	NC_000962.3:2430116-2431471	NC_000962.3:889020-890375	NC_000962.3:2430116-2431471;NC_000962.3:889020-890375	104	2430113	2431474	33	889019	891461
NC_000962.3	2430116	2431471	-	NC_000962.3	2972108	2973463	1355	1355	1.0	2972785.5	2430793.5	541992.0	1355	1355	Rv2167c,Rv2168c	Rv2648,Rv2649	1	1	False	False	False	True	100.0	541992.0	NC_000962.3:2430116-2431471	NC_000962.3:2972108-2973463	NC_000962.3:2430116-2431471;NC_000962.3:2972108-2973463	104	2430113	2431474	127	2972104	2973463
NC_000962.3	2430116	2431471	-	NC_000962.3	3552712	3554067	1355	1355	1.0	3553389.5	2430793.5	1122596.0	1355	1355	Rv2167c,Rv2168c	Rv3186,Rv3187	1	1	False	False	False	True	100.0	1122596.0	NC_000962.3:2430116-2431471	NC_000962.3:3552712-3554067	NC_000962.3:2430116-2431471;NC_000962.3:3552712-3554067	104	2430113	2431474	159	3552704	3554070
NC_000962.3	2430116	2431471	+	NC_000962.3	3795057	3796412	1355	1355	1.0	3795734.5	2430793.5	1364941.0	1355	1355	Rv2167c,Rv2168c	Rv3380c,Rv3381c	1	1	False	False	False	True	100.0	1364941.0	NC_000962.3:2430116-2431471	NC_000962.3:3795057-3796412	NC_000962.3:2430116-2431471;NC_000962.3:3795057-3796412	104	2430113	2431474	172	3795041	3796426
NC_000962.3	2430116	2431472	+	NC_000962.3	1541951	1543307	1356	1356	1.0	1542629.0	2430794.0	888165.0	1356	1356	Rv2167c,Rv2168c	Rv1369c,Rv1370c	1	1	False	False	False	True	100.0	888165.0	NC_000962.3:2430116-2431472	NC_000962.3:1541951-1543307	NC_000962.3:2430116-2431472;NC_000962.3:1541951-1543307	104	2430113	2431474	60	1541948	1543318
NC_000962.3	2430116	2431472	-	NC_000962.3	2635575	2636931	1356	1356	1.0	2636253.0	2430794.0	205459.0	1356	1356	Rv2167c,Rv2168c	PPE39,Rv2354,Rv2355	1	1	False	False	False	True	100.0	205459.0	NC_000962.3:2430116-2431472	NC_000962.3:2635575-2636931	NC_000962.3:2430116-2431472;NC_000962.3:2635575-2636931	104	2430113	2431474	112	2634780	2637028
NC_000962.3	2430116	2431472	-	NC_000962.3	3710380	3711736	1356	1356	1.0	3711058.0	2430794.0	1280264.0	1356	1356	Rv2167c,Rv2168c	Rv3325,Rv3326	1	1	False	False	False	True	100.0	1280264.0	NC_000962.3:2430116-2431472	NC_000962.3:3710380-3711736	NC_000962.3:2430116-2431472;NC_000962.3:3710380-3711736	104	2430113	2431474	162	3710379	3712822
NC_000962.3	2430116	2431472	-	NC_000962.3	3890777	3892133	1356	1356	1.0	3891455.0	2430794.0	1460661.0	1356	1356	Rv2167c,Rv2168c	Rv3474,Rv3475	1	1	False	False	False	True	100.0	1460661.0	NC_000962.3:2430116-2431472	NC_000962.3:3890777-3892133	NC_000962.3:2430116-2431472;NC_000962.3:3890777-3892133	104	2430113	2431474	178	3890771	3892140
NC_000962.3	2430116	2431473	-	NC_000962.3	1996098	1997455	1357	1357	1.0	1996776.5	2430794.5	434018.0	1357	1357	Rv2167c,Rv2168c	Rv1763,Rv1764,Rv1765c	1	1	False	False	False	True	100.0	434018.0	NC_000962.3:2430116-2431473	NC_000962.3:1996098-1997455	NC_000962.3:2430116-2431473;NC_000962.3:1996098-1997455	104	2430113	2431474	83	1996098	1998612
NC_000962.3	2439139	2439948	+	NC_000962.3	2720634	2721442	794	810	0.980246913580247	2721038.0	2439543.5	281494.5	809	808	pknL,Rv2177c	Rv2423,Rv2424c	1	1	False	False	False	True	98.0246913580247	281494.5	NC_000962.3:2439139-2439948	NC_000962.3:2720634-2721442	NC_000962.3:2439139-2439948;NC_000962.3:2720634-2721442	105	2439139	2439948	117	2720634	2721442
NC_000962.3	2461319	2461390	+	NC_000962.3	2461434	2461504	70	71	0.9859154929577465	2461469.0	2461354.5	114.5	71	70	qcrB	Rv2197c	0	0	False	False	False	True	98.59154929577466	114.5	NC_000962.3:2461319-2461390	NC_000962.3:2461434-2461504	NC_000962.3:2461319-2461390;NC_000962.3:2461434-2461504	106	2461319	2461390	107	2461434	2461504
NC_000962.3	2461434	2461504	+	NC_000962.3	2461319	2461390	70	71	0.9859154929577465	2461354.5	2461469.0	114.5	70	71	Rv2197c	qcrB	0	0	False	False	False	True	98.59154929577466	114.5	NC_000962.3:2461434-2461504	NC_000962.3:2461319-2461390	NC_000962.3:2461434-2461504;NC_000962.3:2461319-2461390	107	2461434	2461504	106	2461319	2461390
NC_000962.3	2531892	2531997	+	NC_000962.3	2532104	2532209	104	105	0.9904761904761905	2532156.5	2531944.5	212.0	105	105	Rv2258c		0	0	False	False	False	True	99.04761904761905	212.0	NC_000962.3:2531892-2531997	NC_000962.3:2532104-2532209	NC_000962.3:2531892-2531997;NC_000962.3:2532104-2532209	108	2531892	2532002	109	2532005	2532209
NC_000962.3	2531899	2532002	+	NC_000962.3	1644262	1644365	93	103	0.9029126213592233	1644313.5	2531950.5	887637.0	103	103		Rv1459c	0	0	False	False	False	True	90.29126213592234	887637.0	NC_000962.3:2531899-2532002	NC_000962.3:1644262-1644365	NC_000962.3:2531899-2532002;NC_000962.3:1644262-1644365	108	2531892	2532002	65	1644262	1644365
NC_000962.3	2532005	2532108	+	NC_000962.3	1644262	1644365	91	103	0.883495145631068	1644313.5	2532056.5	887743.0	103	103		Rv1459c	0	0	False	False	False	True	88.3495145631068	887743.0	NC_000962.3:2532005-2532108	NC_000962.3:1644262-1644365	NC_000962.3:2532005-2532108;NC_000962.3:1644262-1644365	109	2532005	2532209	65	1644262	1644365
NC_000962.3	2532104	2532209	+	NC_000962.3	2531892	2531997	104	105	0.9904761904761905	2531944.5	2532156.5	212.0	105	105		Rv2258c	0	0	False	False	False	True	99.04761904761905	212.0	NC_000962.3:2532104-2532209	NC_000962.3:2531892-2531997	NC_000962.3:2532104-2532209;NC_000962.3:2531892-2531997	109	2532005	2532209	108	2531892	2532002
NC_000962.3	2550005	2551369	-	NC_000962.3	2784613	2785977	1363	1364	0.999266862170088	2785295.0	2550687.0	234608.0	1364	1364	Rv2277c,Rv2278,Rv2279	Rv2479c,Rv2480c	1	1	False	False	False	True	99.9266862170088	234608.0	NC_000962.3:2550005-2551369	NC_000962.3:2784613-2785977	NC_000962.3:2550005-2551369;NC_000962.3:2784613-2785977	110	2550005	2551370	118	2784600	2785977
NC_000962.3	2550009	2551370	-	NC_000962.3	3120521	3121882	1360	1361	0.9992652461425422	3121201.5	2550689.5	570512.0	1361	1361	Rv2277c,Rv2278,Rv2279	Rv2814c,Rv2815c	1	1	False	False	False	True	99.92652461425422	570512.0	NC_000962.3:2550009-2551370	NC_000962.3:3120521-3121882	NC_000962.3:2550009-2551370;NC_000962.3:3120521-3121882	110	2550005	2551370	137	3119183	3123577
NC_000962.3	2550011	2551368	+	NC_000962.3	2972106	2973463	1357	1357	1.0	2972784.5	2550689.5	422095.0	1357	1357	Rv2277c,Rv2278,Rv2279	Rv2648,Rv2649	1	1	False	False	False	True	100.0	422095.0	NC_000962.3:2550011-2551368	NC_000962.3:2972106-2973463	NC_000962.3:2550011-2551368;NC_000962.3:2972106-2973463	110	2550005	2551370	127	2972104	2973463
NC_000962.3	2550012	2551368	+	NC_000962.3	889019	890375	1356	1356	1.0	889697.0	2550690.0	1660993.0	1356	1356	Rv2277c,Rv2278,Rv2279	Rv0795,Rv0796	1	1	False	False	False	True	100.0	1660993.0	NC_000962.3:2550012-2551368	NC_000962.3:889019-890375	NC_000962.3:2550012-2551368;NC_000962.3:889019-890375	110	2550005	2551370	33	889019	891461
NC_000962.3	2550013	2551368	-	NC_000962.3	1541951	1543306	1355	1355	1.0	1542628.5	2550690.5	1008062.0	1355	1355	Rv2277c,Rv2278,Rv2279	Rv1369c,Rv1370c	1	1	False	False	False	True	100.0	1008062.0	NC_000962.3:2550013-2551368	NC_000962.3:1541951-1543306	NC_000962.3:2550013-2551368;NC_000962.3:1541951-1543306	110	2550005	2551370	60	1541948	1543318
NC_000962.3	2550013	2551368	+	NC_000962.3	1996100	1997455	1355	1355	1.0	1996777.5	2550690.5	553913.0	1355	1355	Rv2277c,Rv2278,Rv2279	Rv1763,Rv1764,Rv1765c	1	1	False	False	False	True	100.0	553913.0	NC_000962.3:2550013-2551368	NC_000962.3:1996100-1997455	NC_000962.3:2550013-2551368;NC_000962.3:1996100-1997455	110	2550005	2551370	83	1996098	1998612
NC_000962.3	2550013	2551368	+	NC_000962.3	2635576	2636931	1355	1355	1.0	2636253.5	2550690.5	85563.0	1355	1355	Rv2277c,Rv2278,Rv2279	PPE39,Rv2354,Rv2355	1	1	False	False	False	True	100.0	85563.0	NC_000962.3:2550013-2551368	NC_000962.3:2635576-2636931	NC_000962.3:2550013-2551368;NC_000962.3:2635576-2636931	110	2550005	2551370	112	2634780	2637028
NC_000962.3	2550013	2551368	+	NC_000962.3	3552712	3554067	1355	1355	1.0	3553389.5	2550690.5	1002699.0	1355	1355	Rv2277c,Rv2278,Rv2279	Rv3186,Rv3187	1	1	False	False	False	True	100.0	1002699.0	NC_000962.3:2550013-2551368	NC_000962.3:3552712-3554067	NC_000962.3:2550013-2551368;NC_000962.3:3552712-3554067	110	2550005	2551370	159	3552704	3554070
NC_000962.3	2550013	2551368	+	NC_000962.3	3710381	3711736	1355	1355	1.0	3711058.5	2550690.5	1160368.0	1355	1355	Rv2277c,Rv2278,Rv2279	Rv3325,Rv3326	1	1	False	False	False	True	100.0	1160368.0	NC_000962.3:2550013-2551368	NC_000962.3:3710381-3711736	NC_000962.3:2550013-2551368;NC_000962.3:3710381-3711736	110	2550005	2551370	162	3710379	3712822
NC_000962.3	2550013	2551368	-	NC_000962.3	3795057	3796412	1355	1355	1.0	3795734.5	2550690.5	1245044.0	1355	1355	Rv2277c,Rv2278,Rv2279	Rv3380c,Rv3381c	1	1	False	False	False	True	100.0	1245044.0	NC_000962.3:2550013-2551368	NC_000962.3:3795057-3796412	NC_000962.3:2550013-2551368;NC_000962.3:3795057-3796412	110	2550005	2551370	172	3795041	3796426
NC_000962.3	2550013	2551368	+	NC_000962.3	3890778	3892133	1355	1355	1.0	3891455.5	2550690.5	1340765.0	1355	1355	Rv2277c,Rv2278,Rv2279	Rv3474,Rv3475	1	1	False	False	False	True	100.0	1340765.0	NC_000962.3:2550013-2551368	NC_000962.3:3890778-3892133	NC_000962.3:2550013-2551368;NC_000962.3:3890778-3892133	110	2550005	2551370	178	3890771	3892140
NC_000962.3	2550013	2551369	-	NC_000962.3	1987701	1989057	1356	1356	1.0	1988379.0	2550691.0	562312.0	1356	1356	Rv2277c,Rv2278,Rv2279	Rv1756c,Rv1757c,cut1	1	1	False	False	False	True	100.0	562312.0	NC_000962.3:2550013-2551369	NC_000962.3:1987701-1989057	NC_000962.3:2550013-2551369;NC_000962.3:1987701-1989057	110	2550005	2551370	82	1987686	1989059
NC_000962.3	2550013	2551369	+	NC_000962.3	2365413	2366769	1356	1356	1.0	2366091.0	2550691.0	184600.0	1356	1356	Rv2277c,Rv2278,Rv2279	Rv2105,Rv2106	1	1	False	False	False	True	100.0	184600.0	NC_000962.3:2550013-2551369	NC_000962.3:2365413-2366769	NC_000962.3:2550013-2551369;NC_000962.3:2365413-2366769	110	2550005	2551370	103	2365403	2366771
NC_000962.3	2550013	2551369	+	NC_000962.3	3551229	3552585	1356	1356	1.0	3551907.0	2550691.0	1001216.0	1356	1356	Rv2277c,Rv2278,Rv2279	Rv3184,Rv3185	1	1	False	False	False	True	100.0	1001216.0	NC_000962.3:2550013-2551369	NC_000962.3:3551229-3552585	NC_000962.3:2550013-2551369;NC_000962.3:3551229-3552585	110	2550005	2551370	158	3551212	3552587
NC_000962.3	2550013	2551370	-	NC_000962.3	2430114	2431471	1357	1357	1.0	2430792.5	2550691.5	119899.0	1357	1357	Rv2277c,Rv2278,Rv2279	Rv2167c,Rv2168c	1	1	False	False	False	True	100.0	119899.0	NC_000962.3:2550013-2551370	NC_000962.3:2430114-2431471	NC_000962.3:2550013-2551370;NC_000962.3:2430114-2431471	110	2550005	2551370	104	2430113	2431474
NC_000962.3	2625885	2626683	-	NC_000962.3	1340494	1341292	778	798	0.974937343358396	1340893.0	2626284.0	1285391.0	798	798	esxO,esxP,Rv2348c	PPE18,esxK,esxL	0	0	True	False	False	False	97.4937343358396	1285391.0	NC_000962.3:2625885-2626683	NC_000962.3:1340494-1341292	NC_000962.3:2625885-2626683;NC_000962.3:1340494-1341292	111	2625885	2626683	53	1340494	1341292
NC_000962.3	2625889	2626510	+	NC_000962.3	4059985	4060582	572	621	0.9210950080515298	4060283.5	2626199.5	1434084.0	621	597	esxO,esxP	esxV,esxW	0	0	True	False	False	False	92.10950080515298	1434084.0	NC_000962.3:2625889-2626510	NC_000962.3:4059985-4060582	NC_000962.3:2625889-2626510;NC_000962.3:4059985-4060582	111	2625885	2626683	186	4059983	4060591
NC_000962.3	2625889	2626534	-	NC_000962.3	2030331	2030976	604	655	0.9221374045801527	2030653.5	2626211.5	595558.0	645	645	esxO,esxP	esxM,esxN	0	0	True	False	False	False	92.21374045801527	595558.0	NC_000962.3:2625889-2626534	NC_000962.3:2030331-2030976	NC_000962.3:2625889-2626534;NC_000962.3:2030331-2030976	111	2625885	2626683	86	2030331	2030983
NC_000962.3	2625889	2626536	+	NC_000962.3	1160545	1161167	595	647	0.919629057187017	1160856.0	2626212.5	1465356.5	647	622	esxO,esxP	esxI,esxJ	0	0	True	False	False	False	91.9629057187017	1465356.5	NC_000962.3:2625889-2626536	NC_000962.3:1160545-1161167	NC_000962.3:2625889-2626536;NC_000962.3:1160545-1161167	111	2625885	2626683	41	1160538	1161167
NC_000962.3	2634780	2635576	+	NC_000962.3	2637928	2638724	611	807	0.7571251548946716	2638326.0	2635178.0	3148.0	796	796	PPE39	PPE40	0	0	False	True	False	False	75.71251548946717	3148.0	NC_000962.3:2634780-2635576	NC_000962.3:2637928-2638724	NC_000962.3:2634780-2635576;NC_000962.3:2637928-2638724	112	2634780	2637028	114	2637928	2639613
NC_000962.3	2635574	2636931	-	NC_000962.3	1987702	1989059	1357	1357	1.0	1988380.5	2636252.5	647872.0	1357	1357	PPE39,Rv2354,Rv2355	Rv1756c,Rv1757c,cut1	1	1	False	True	False	False	100.0	647872.0	NC_000962.3:2635574-2636931	NC_000962.3:1987702-1989059	NC_000962.3:2635574-2636931;NC_000962.3:1987702-1989059	112	2634780	2637028	82	1987686	1989059
NC_000962.3	2635575	2636931	-	NC_000962.3	1541951	1543307	1356	1356	1.0	1542629.0	2636253.0	1093624.0	1356	1356	PPE39,Rv2354,Rv2355	Rv1369c,Rv1370c	1	1	False	True	False	False	100.0	1093624.0	NC_000962.3:2635575-2636931	NC_000962.3:1541951-1543307	NC_000962.3:2635575-2636931;NC_000962.3:1541951-1543307	112	2634780	2637028	60	1541948	1543318
NC_000962.3	2635575	2636931	+	NC_000962.3	1996099	1997455	1356	1356	1.0	1996777.0	2636253.0	639476.0	1356	1356	PPE39,Rv2354,Rv2355	Rv1763,Rv1764,Rv1765c	1	1	False	True	False	False	100.0	639476.0	NC_000962.3:2635575-2636931	NC_000962.3:1996099-1997455	NC_000962.3:2635575-2636931;NC_000962.3:1996099-1997455	112	2634780	2637028	83	1996098	1998612
NC_000962.3	2635575	2636931	-	NC_000962.3	2430116	2431472	1356	1356	1.0	2430794.0	2636253.0	205459.0	1356	1356	PPE39,Rv2354,Rv2355	Rv2167c,Rv2168c	1	1	False	True	False	False	100.0	205459.0	NC_000962.3:2635575-2636931	NC_000962.3:2430116-2431472	NC_000962.3:2635575-2636931;NC_000962.3:2430116-2431472	112	2634780	2637028	104	2430113	2431474
NC_000962.3	2635575	2636931	-	NC_000962.3	3120523	3121879	1356	1356	1.0	3121201.0	2636253.0	484948.0	1356	1356	PPE39,Rv2354,Rv2355	Rv2814c,Rv2815c	1	1	False	True	False	False	100.0	484948.0	NC_000962.3:2635575-2636931	NC_000962.3:3120523-3121879	NC_000962.3:2635575-2636931;NC_000962.3:3120523-3121879	112	2634780	2637028	137	3119183	3123577
NC_000962.3	2635575	2636931	+	NC_000962.3	3710380	3711736	1356	1356	1.0	3711058.0	2636253.0	1074805.0	1356	1356	PPE39,Rv2354,Rv2355	Rv3325,Rv3326	1	1	False	True	False	False	100.0	1074805.0	NC_000962.3:2635575-2636931	NC_000962.3:3710380-3711736	NC_000962.3:2635575-2636931;NC_000962.3:3710380-3711736	112	2634780	2637028	162	3710379	3712822
NC_000962.3	2635575	2636937	+	NC_000962.3	3890777	3892140	1362	1363	0.9992663242846662	3891458.5	2636256.0	1255202.5	1362	1363	PPE39,Rv2354,Rv2355	Rv3474,Rv3475	1	1	False	True	False	False	99.92663242846662	1255202.5	NC_000962.3:2635575-2636937	NC_000962.3:3890777-3892140	NC_000962.3:2635575-2636937;NC_000962.3:3890777-3892140	112	2634780	2637028	178	3890771	3892140
NC_000962.3	2635576	2636931	+	NC_000962.3	889020	890375	1355	1355	1.0	889697.5	2636253.5	1746556.0	1355	1355	PPE39,Rv2354,Rv2355	Rv0795,Rv0796	1	1	False	True	False	False	100.0	1746556.0	NC_000962.3:2635576-2636931	NC_000962.3:889020-890375	NC_000962.3:2635576-2636931;NC_000962.3:889020-890375	112	2634780	2637028	33	889019	891461
NC_000962.3	2635576	2636931	+	NC_000962.3	2365413	2366768	1355	1355	1.0	2366090.5	2636253.5	270163.0	1355	1355	PPE39,Rv2354,Rv2355	Rv2105,Rv2106	1	1	False	True	False	False	100.0	270163.0	NC_000962.3:2635576-2636931	NC_000962.3:2365413-2366768	NC_000962.3:2635576-2636931;NC_000962.3:2365413-2366768	112	2634780	2637028	103	2365403	2366771
NC_000962.3	2635576	2636931	+	NC_000962.3	2550013	2551368	1355	1355	1.0	2550690.5	2636253.5	85563.0	1355	1355	PPE39,Rv2354,Rv2355	Rv2277c,Rv2278,Rv2279	1	1	False	True	False	False	100.0	85563.0	NC_000962.3:2635576-2636931	NC_000962.3:2550013-2551368	NC_000962.3:2635576-2636931;NC_000962.3:2550013-2551368	112	2634780	2637028	110	2550005	2551370
NC_000962.3	2635576	2636931	-	NC_000962.3	2784614	2785969	1355	1355	1.0	2785291.5	2636253.5	149038.0	1355	1355	PPE39,Rv2354,Rv2355	Rv2479c,Rv2480c	1	1	False	True	False	False	100.0	149038.0	NC_000962.3:2635576-2636931	NC_000962.3:2784614-2785969	NC_000962.3:2635576-2636931;NC_000962.3:2784614-2785969	112	2634780	2637028	118	2784600	2785977
NC_000962.3	2635576	2636931	+	NC_000962.3	2972108	2973463	1355	1355	1.0	2972785.5	2636253.5	336532.0	1355	1355	PPE39,Rv2354,Rv2355	Rv2648,Rv2649	1	1	False	True	False	False	100.0	336532.0	NC_000962.3:2635576-2636931	NC_000962.3:2972108-2973463	NC_000962.3:2635576-2636931;NC_000962.3:2972108-2973463	112	2634780	2637028	127	2972104	2973463
NC_000962.3	2635576	2636931	+	NC_000962.3	3551229	3552584	1355	1355	1.0	3551906.5	2636253.5	915653.0	1355	1355	PPE39,Rv2354,Rv2355	Rv3184,Rv3185	1	1	False	True	False	False	100.0	915653.0	NC_000962.3:2635576-2636931	NC_000962.3:3551229-3552584	NC_000962.3:2635576-2636931;NC_000962.3:3551229-3552584	112	2634780	2637028	158	3551212	3552587
NC_000962.3	2635576	2636932	+	NC_000962.3	3552712	3554068	1356	1356	1.0	3553390.0	2636254.0	917136.0	1356	1356	PPE39,Rv2354,Rv2355	Rv3186,Rv3187	1	1	False	True	False	False	100.0	917136.0	NC_000962.3:2635576-2636932	NC_000962.3:3552712-3554068	NC_000962.3:2635576-2636932;NC_000962.3:3552712-3554068	112	2634780	2637028	159	3552704	3554070
NC_000962.3	2635576	2636932	-	NC_000962.3	3795056	3796412	1356	1356	1.0	3795734.0	2636254.0	1159480.0	1356	1356	PPE39,Rv2354,Rv2355	Rv3380c,Rv3381c	1	1	False	True	False	False	100.0	1159480.0	NC_000962.3:2635576-2636932	NC_000962.3:3795056-3796412	NC_000962.3:2635576-2636932;NC_000962.3:3795056-3796412	112	2634780	2637028	172	3795041	3796426
NC_000962.3	2636922	2637028	+	NC_000962.3	2639509	2639613	104	106	0.9811320754716981	2639561.0	2636975.0	2586.0	106	104		PPE40	0	0	False	False	False	True	98.11320754716981	2586.0	NC_000962.3:2636922-2637028	NC_000962.3:2639509-2639613	NC_000962.3:2636922-2637028;NC_000962.3:2639509-2639613	112	2634780	2637028	114	2637928	2639613
NC_000962.3	2637068	2637535	-	NC_000962.3	4053631	4054094	390	488	0.7991803278688525	4053862.5	2637301.5	1416561.0	467	463		Rv3612c,Rv3613c	0	0	False	False	False	True	79.91803278688525	1416561.0	NC_000962.3:2637068-2637535	NC_000962.3:4053631-4054094	NC_000962.3:2637068-2637535;NC_000962.3:4053631-4054094	113	2637068	2637535	185	4053631	4054094
NC_000962.3	2637257	2637533	+	NC_000962.3	1814852	1815128	263	276	0.9528985507246377	1814990.0	2637395.0	822405.0	276	276			0	0	False	False	False	True	95.28985507246377	822405.0	NC_000962.3:2637257-2637533	NC_000962.3:1814852-1815128	NC_000962.3:2637257-2637533;NC_000962.3:1814852-1815128	113	2637068	2637535	74	1814852	1815128
NC_000962.3	2637299	2637501	-	NC_000962.3	309900	310101	187	202	0.9257425742574258	310000.5	2637400.0	2327399.5	202	201		Rv0257	0	0	False	False	False	True	92.57425742574257	2084132.5	NC_000962.3:2637299-2637501	NC_000962.3:309900-310101	NC_000962.3:2637299-2637501;NC_000962.3:309900-310101	113	2637068	2637535	8	309898	310101
NC_000962.3	2637928	2638724	+	NC_000962.3	2634780	2635576	611	807	0.7571251548946716	2635178.0	2638326.0	3148.0	796	796	PPE40	PPE39	0	0	False	True	False	False	75.71251548946717	3148.0	NC_000962.3:2637928-2638724	NC_000962.3:2634780-2635576	NC_000962.3:2637928-2638724;NC_000962.3:2634780-2635576	114	2637928	2639613	112	2634780	2637028
NC_000962.3	2638257	2639531	+	NC_000962.3	3527948	3529162	965	1303	0.740598618572525	3528555.0	2638894.0	889661.0	1274	1214	PPE40	PPE53	0	0	False	True	False	False	74.0598618572525	889661.0	NC_000962.3:2638257-2639531	NC_000962.3:3527948-3529162	NC_000962.3:2638257-2639531;NC_000962.3:3527948-3529162	114	2637928	2639613	157	3527948	3529180
NC_000962.3	2639509	2639613	+	NC_000962.3	2636922	2637028	104	106	0.9811320754716981	2636975.0	2639561.0	2586.0	104	106	PPE40		0	0	False	True	False	False	98.11320754716981	2586.0	NC_000962.3:2639509-2639613	NC_000962.3:2636922-2637028	NC_000962.3:2639509-2639613;NC_000962.3:2636922-2637028	114	2637928	2639613	112	2634780	2637028
NC_000962.3	2650377	2651923	-	NC_000962.3	1638061	1639561	1145	1566	0.731162196679438	1638811.0	2651150.0	1012339.0	1546	1500	Rv2370c,PE_PGRS40	PE_PGRS28,Rv1453	0	0	False	True	False	False	73.11621966794381	1012339.0	NC_000962.3:2650377-2651923	NC_000962.3:1638061-1639561	NC_000962.3:2650377-2651923;NC_000962.3:1638061-1639561	115	2650377	2651923	64	1636705	1639561
NC_000962.3	2687131	2687217	-	NC_000962.3	960241	960326	81	87	0.9310344827586207	960283.5	2687174.0	1726890.5	86	85	che1		0	0	False	False	False	True	93.10344827586206	1726890.5	NC_000962.3:2687131-2687217	NC_000962.3:960241-960326	NC_000962.3:2687131-2687217;NC_000962.3:960241-960326	116	2687131	2687217	37	960166	960326
NC_000962.3	2687132	2687217	-	NC_000962.3	3192270	3192354	76	86	0.8837209302325582	3192312.0	2687174.5	505137.5	85	84	che1		0	0	False	False	False	True	88.37209302325581	505137.5	NC_000962.3:2687132-2687217	NC_000962.3:3192270-3192354	NC_000962.3:2687132-2687217;NC_000962.3:3192270-3192354	116	2687131	2687217	143	3192203	3192354
NC_000962.3	2687133	2687217	-	NC_000962.3	3192217	3192300	75	85	0.8823529411764706	3192258.5	2687175.0	505083.5	84	83	che1		0	0	False	False	False	True	88.23529411764706	505083.5	NC_000962.3:2687133-2687217	NC_000962.3:3192217-3192300	NC_000962.3:2687133-2687217;NC_000962.3:3192217-3192300	116	2687131	2687217	143	3192203	3192354
NC_000962.3	2720634	2721442	+	NC_000962.3	2439139	2439948	794	810	0.980246913580247	2439543.5	2721038.0	281494.5	808	809	Rv2423,Rv2424c	pknL,Rv2177c	1	1	False	False	False	True	98.0246913580247	281494.5	NC_000962.3:2720634-2721442	NC_000962.3:2439139-2439948	NC_000962.3:2720634-2721442;NC_000962.3:2439139-2439948	117	2720634	2721442	105	2439139	2439948
NC_000962.3	2784600	2785969	+	NC_000962.3	3795043	3796412	1365	1369	0.9970781592403214	3795727.5	2785284.5	1010443.0	1369	1369	Rv2478c,Rv2479c,Rv2480c	Rv3380c,Rv3381c	1	1	False	False	False	True	99.70781592403213	1010443.0	NC_000962.3:2784600-2785969	NC_000962.3:3795043-3796412	NC_000962.3:2784600-2785969;NC_000962.3:3795043-3796412	118	2784600	2785977	172	3795041	3796426
NC_000962.3	2784612	2785969	+	NC_000962.3	1987700	1989057	1357	1357	1.0	1988378.5	2785290.5	796912.0	1357	1357	Rv2479c,Rv2480c	Rv1756c,Rv1757c,cut1	1	1	False	False	False	True	100.0	796912.0	NC_000962.3:2784612-2785969	NC_000962.3:1987700-1989057	NC_000962.3:2784612-2785969;NC_000962.3:1987700-1989057	118	2784600	2785977	82	1987686	1989059
NC_000962.3	2784613	2785969	-	NC_000962.3	2365413	2366769	1356	1356	1.0	2366091.0	2785291.0	419200.0	1356	1356	Rv2479c,Rv2480c	Rv2105,Rv2106	1	1	False	False	False	True	100.0	419200.0	NC_000962.3:2784613-2785969	NC_000962.3:2365413-2366769	NC_000962.3:2784613-2785969;NC_000962.3:2365413-2366769	118	2784600	2785977	103	2365403	2366771
NC_000962.3	2784613	2785969	+	NC_000962.3	2430115	2431471	1356	1356	1.0	2430793.0	2785291.0	354498.0	1356	1356	Rv2479c,Rv2480c	Rv2167c,Rv2168c	1	1	False	False	False	True	100.0	354498.0	NC_000962.3:2784613-2785969	NC_000962.3:2430115-2431471	NC_000962.3:2784613-2785969;NC_000962.3:2430115-2431471	118	2784600	2785977	104	2430113	2431474
NC_000962.3	2784613	2785969	+	NC_000962.3	3120522	3121878	1356	1356	1.0	3121200.0	2785291.0	335909.0	1356	1356	Rv2479c,Rv2480c	Rv2814c,Rv2815c	1	1	False	False	False	True	100.0	335909.0	NC_000962.3:2784613-2785969	NC_000962.3:3120522-3121878	NC_000962.3:2784613-2785969;NC_000962.3:3120522-3121878	118	2784600	2785977	137	3119183	3123577
NC_000962.3	2784613	2785969	-	NC_000962.3	3551229	3552585	1356	1356	1.0	3551907.0	2785291.0	766616.0	1356	1356	Rv2479c,Rv2480c	Rv3184,Rv3185	1	1	False	False	False	True	100.0	766616.0	NC_000962.3:2784613-2785969	NC_000962.3:3551229-3552585	NC_000962.3:2784613-2785969;NC_000962.3:3551229-3552585	118	2784600	2785977	158	3551212	3552587
NC_000962.3	2784613	2785977	-	NC_000962.3	2550005	2551369	1363	1364	0.999266862170088	2550687.0	2785295.0	234608.0	1364	1364	Rv2479c,Rv2480c	Rv2277c,Rv2278,Rv2279	1	1	False	False	False	True	99.9266862170088	234608.0	NC_000962.3:2784613-2785977	NC_000962.3:2550005-2551369	NC_000962.3:2784613-2785977;NC_000962.3:2550005-2551369	118	2784600	2785977	110	2550005	2551370
NC_000962.3	2784614	2785969	+	NC_000962.3	1541951	1543306	1355	1355	1.0	1542628.5	2785291.5	1242663.0	1355	1355	Rv2479c,Rv2480c	Rv1369c,Rv1370c	1	1	False	False	False	True	100.0	1242663.0	NC_000962.3:2784614-2785969	NC_000962.3:1541951-1543306	NC_000962.3:2784614-2785969;NC_000962.3:1541951-1543306	118	2784600	2785977	60	1541948	1543318
NC_000962.3	2784614	2785969	-	NC_000962.3	1996100	1997455	1355	1355	1.0	1996777.5	2785291.5	788514.0	1355	1355	Rv2479c,Rv2480c	Rv1763,Rv1764,Rv1765c	1	1	False	False	False	True	100.0	788514.0	NC_000962.3:2784614-2785969	NC_000962.3:1996100-1997455	NC_000962.3:2784614-2785969;NC_000962.3:1996100-1997455	118	2784600	2785977	83	1996098	1998612
NC_000962.3	2784614	2785969	-	NC_000962.3	2635576	2636931	1355	1355	1.0	2636253.5	2785291.5	149038.0	1355	1355	Rv2479c,Rv2480c	PPE39,Rv2354,Rv2355	1	1	False	False	False	True	100.0	149038.0	NC_000962.3:2784614-2785969	NC_000962.3:2635576-2636931	NC_000962.3:2784614-2785969;NC_000962.3:2635576-2636931	118	2784600	2785977	112	2634780	2637028
NC_000962.3	2784614	2785969	-	NC_000962.3	3552712	3554067	1355	1355	1.0	3553389.5	2785291.5	768098.0	1355	1355	Rv2479c,Rv2480c	Rv3186,Rv3187	1	1	False	False	False	True	100.0	768098.0	NC_000962.3:2784614-2785969	NC_000962.3:3552712-3554067	NC_000962.3:2784614-2785969;NC_000962.3:3552712-3554067	118	2784600	2785977	159	3552704	3554070
NC_000962.3	2784614	2785969	-	NC_000962.3	3710381	3711736	1355	1355	1.0	3711058.5	2785291.5	925767.0	1355	1355	Rv2479c,Rv2480c	Rv3325,Rv3326	1	1	False	False	False	True	100.0	925767.0	NC_000962.3:2784614-2785969	NC_000962.3:3710381-3711736	NC_000962.3:2784614-2785969;NC_000962.3:3710381-3711736	118	2784600	2785977	162	3710379	3712822
NC_000962.3	2784614	2785969	-	NC_000962.3	3890778	3892133	1355	1355	1.0	3891455.5	2785291.5	1106164.0	1355	1355	Rv2479c,Rv2480c	Rv3474,Rv3475	1	1	False	False	False	True	100.0	1106164.0	NC_000962.3:2784614-2785969	NC_000962.3:3890778-3892133	NC_000962.3:2784614-2785969;NC_000962.3:3890778-3892133	118	2784600	2785977	178	3890771	3892140
NC_000962.3	2784614	2785970	-	NC_000962.3	889019	890375	1356	1356	1.0	889697.0	2785292.0	1895595.0	1356	1356	Rv2479c,Rv2480c	Rv0795,Rv0796	1	1	False	False	False	True	100.0	1895595.0	NC_000962.3:2784614-2785970	NC_000962.3:889019-890375	NC_000962.3:2784614-2785970;NC_000962.3:889019-890375	118	2784600	2785977	33	889019	891461
NC_000962.3	2784614	2785970	-	NC_000962.3	2972107	2973463	1356	1356	1.0	2972785.0	2785292.0	187493.0	1356	1356	Rv2479c,Rv2480c	Rv2648,Rv2649	1	1	False	False	False	True	100.0	187493.0	NC_000962.3:2784614-2785970	NC_000962.3:2972107-2973463	NC_000962.3:2784614-2785970;NC_000962.3:2972107-2973463	118	2784600	2785977	127	2972104	2973463
NC_000962.3	2796717	2797499	+	NC_000962.3	2805574	2806355	608	807	0.7534076827757125	2805964.5	2797108.0	8856.5	782	781	PE_PGRS42,Rv2488c	PE_PGRS43	0	0	False	True	False	False	75.34076827757124	8856.5	NC_000962.3:2796717-2797499	NC_000962.3:2805574-2806355	NC_000962.3:2796717-2797499;NC_000962.3:2805574-2806355	119	2796717	2797499	120	2805574	2806355
NC_000962.3	2805574	2806355	+	NC_000962.3	2796717	2797499	608	806	0.7543424317617866	2797108.0	2805964.5	8856.5	781	782	PE_PGRS43	PE_PGRS42,Rv2488c	0	0	False	True	False	False	75.43424317617865	8856.5	NC_000962.3:2805574-2806355	NC_000962.3:2796717-2797499	NC_000962.3:2805574-2806355;NC_000962.3:2796717-2797499	120	2805574	2806355	119	2796717	2797499
NC_000962.3	2828493	2829928	-	NC_000962.3	1169297	1170732	1433	1435	0.9986062717770035	1170014.5	2829210.5	1659196.0	1435	1435	Rv2512c	Rv1047	1	1	False	False	False	True	99.86062717770035	1659196.0	NC_000962.3:2828493-2829928	NC_000962.3:1169297-1170732	NC_000962.3:2828493-2829928;NC_000962.3:1169297-1170732	121	2828493	2829936	43	1169296	1170733
NC_000962.3	2828493	2829928	+	NC_000962.3	1341295	1342730	1435	1435	1.0	1342012.5	2829210.5	1487198.0	1435	1435	Rv2512c	Rv1199c	1	1	False	False	False	True	100.0	1487198.0	NC_000962.3:2828493-2829928	NC_000962.3:1341295-1342730	NC_000962.3:2828493-2829928;NC_000962.3:1341295-1342730	121	2828493	2829936	54	1341295	1342730
NC_000962.3	2828493	2829929	-	NC_000962.3	3481324	3482760	1434	1436	0.9986072423398329	3482042.0	2829211.0	652831.0	1436	1436	Rv2512c	Rv3115	1	1	False	False	False	True	99.86072423398329	652831.0	NC_000962.3:2828493-2829929	NC_000962.3:3481324-3482760	NC_000962.3:2828493-2829929;NC_000962.3:3481324-3482760	121	2828493	2829936	155	3481324	3482760
NC_000962.3	2828493	2829930	+	NC_000962.3	3381312	3382749	1435	1437	0.9986082115518441	3382030.5	2829211.5	552819.0	1437	1437	Rv2512c	Rv3023c	1	1	False	False	False	True	99.86082115518441	552819.0	NC_000962.3:2828493-2829930	NC_000962.3:3381312-3382749	NC_000962.3:2828493-2829930;NC_000962.3:3381312-3382749	121	2828493	2829936	154	3381311	3382749
NC_000962.3	2829019	2829936	-	NC_000962.3	2982934	2983854	916	920	0.9956521739130435	2983394.0	2829477.5	153916.5	917	920	Rv2512c	Rv2665,Rv2666	1	1	False	False	False	True	99.56521739130434	153916.5	NC_000962.3:2829019-2829936	NC_000962.3:2982934-2983854	NC_000962.3:2829019-2829936;NC_000962.3:2982934-2983854	121	2828493	2829936	129	2982934	2983854
NC_000962.3	2866468	2867121	+	NC_000962.3	2867124	2867777	590	660	0.8939393939393939	2867450.5	2866794.5	656.0	653	653	lppA	lppA,lppB	0	0	False	False	False	True	89.39393939393939	656.0	NC_000962.3:2866468-2867121	NC_000962.3:2867124-2867777	NC_000962.3:2866468-2867121;NC_000962.3:2867124-2867777	122	2866468	2867121	123	2867124	2867777
NC_000962.3	2867124	2867777	+	NC_000962.3	2866468	2867121	590	660	0.8939393939393939	2866794.5	2867450.5	656.0	653	653	lppA,lppB	lppA	0	0	False	False	False	True	89.39393939393939	656.0	NC_000962.3:2867124-2867777	NC_000962.3:2866468-2867121	NC_000962.3:2867124-2867777;NC_000962.3:2866468-2867121	123	2867124	2867777	122	2866468	2867121
NC_000962.3	2882289	2884330	+	NC_000962.3	80623	82664	1650	2058	0.8017492711370262	81643.5	2883309.5	2801666.0	2041	2041	Rv2563,glnQ	Rv0072,Rv0073	0	0	False	False	False	True	80.17492711370262	1609866.0	NC_000962.3:2882289-2884330	NC_000962.3:80623-82664	NC_000962.3:2882289-2884330;NC_000962.3:80623-82664	124	2882289	2884330	1	80623	82664
NC_000962.3	2944267	2945226	+	NC_000962.3	1095712	1096692	924	982	0.9409368635437881	1096202.0	2944746.5	1848544.5	959	980	PE_PGRS45	PE_PGRS18	0	0	False	True	False	False	94.09368635437882	1848544.5	NC_000962.3:2944267-2945226	NC_000962.3:1095712-1096692	NC_000962.3:2944267-2945226;NC_000962.3:1095712-1096692	125	2944267	2945226	40	1095248	1096692
NC_000962.3	2944363	2945221	+	NC_000962.3	1093740	1094592	814	864	0.9421296296296297	1094166.0	2944792.0	1850626.0	858	852	PE_PGRS45	PE_PGRS17	0	0	False	True	False	False	94.21296296296296	1850626.0	NC_000962.3:2944363-2945221	NC_000962.3:1093740-1094592	NC_000962.3:2944363-2945221;NC_000962.3:1093740-1094592	125	2944267	2945226	39	1093195	1094592
NC_000962.3	2971756	2971987	+	NC_000962.3	1780349	1780580	206	233	0.8841201716738197	1780464.5	2971871.5	1191407.0	231	231	Rv2647	Rv1575	0	0	False	False	False	True	88.41201716738198	1191407.0	NC_000962.3:2971756-2971987	NC_000962.3:1780349-1780580	NC_000962.3:2971756-2971987;NC_000962.3:1780349-1780580	126	2971756	2971987	71	1780334	1780580
NC_000962.3	2972104	2973463	+	NC_000962.3	3551224	3552584	1359	1360	0.9992647058823529	3551904.0	2972783.5	579120.5	1359	1360	Rv2648,Rv2649	Rv3184,Rv3185	1	1	False	False	False	True	99.92647058823529	579120.5	NC_000962.3:2972104-2973463	NC_000962.3:3551224-3552584	NC_000962.3:2972104-2973463;NC_000962.3:3551224-3552584	127	2972104	2973463	158	3551212	3552587
NC_000962.3	2972106	2973463	+	NC_000962.3	2550011	2551368	1357	1357	1.0	2550689.5	2972784.5	422095.0	1357	1357	Rv2648,Rv2649	Rv2277c,Rv2278,Rv2279	1	1	False	False	False	True	100.0	422095.0	NC_000962.3:2972106-2973463	NC_000962.3:2550011-2551368	NC_000962.3:2972106-2973463;NC_000962.3:2550011-2551368	127	2972104	2973463	110	2550005	2551370
NC_000962.3	2972107	2973463	+	NC_000962.3	889019	890375	1356	1356	1.0	889697.0	2972785.0	2083088.0	1356	1356	Rv2648,Rv2649	Rv0795,Rv0796	1	1	False	False	False	True	100.0	2083088.0	NC_000962.3:2972107-2973463	NC_000962.3:889019-890375	NC_000962.3:2972107-2973463;NC_000962.3:889019-890375	127	2972104	2973463	33	889019	891461
NC_000962.3	2972107	2973463	-	NC_000962.3	2784614	2785970	1356	1356	1.0	2785292.0	2972785.0	187493.0	1356	1356	Rv2648,Rv2649	Rv2479c,Rv2480c	1	1	False	False	False	True	100.0	187493.0	NC_000962.3:2972107-2973463	NC_000962.3:2784614-2785970	NC_000962.3:2972107-2973463;NC_000962.3:2784614-2785970	127	2972104	2973463	118	2784600	2785977
NC_000962.3	2972108	2973463	-	NC_000962.3	1541951	1543306	1355	1355	1.0	1542628.5	2972785.5	1430157.0	1355	1355	Rv2648,Rv2649	Rv1369c,Rv1370c	1	1	False	False	False	True	100.0	1430157.0	NC_000962.3:2972108-2973463	NC_000962.3:1541951-1543306	NC_000962.3:2972108-2973463;NC_000962.3:1541951-1543306	127	2972104	2973463	60	1541948	1543318
NC_000962.3	2972108	2973463	-	NC_000962.3	1987702	1989057	1355	1355	1.0	1988379.5	2972785.5	984406.0	1355	1355	Rv2648,Rv2649	Rv1756c,Rv1757c,cut1	1	1	False	False	False	True	100.0	984406.0	NC_000962.3:2972108-2973463	NC_000962.3:1987702-1989057	NC_000962.3:2972108-2973463;NC_000962.3:1987702-1989057	127	2972104	2973463	82	1987686	1989059
NC_000962.3	2972108	2973463	+	NC_000962.3	1996100	1997455	1355	1355	1.0	1996777.5	2972785.5	976008.0	1355	1355	Rv2648,Rv2649	Rv1763,Rv1764,Rv1765c	1	1	False	False	False	True	100.0	976008.0	NC_000962.3:2972108-2973463	NC_000962.3:1996100-1997455	NC_000962.3:2972108-2973463;NC_000962.3:1996100-1997455	127	2972104	2973463	83	1996098	1998612
NC_000962.3	2972108	2973463	+	NC_000962.3	2365413	2366768	1355	1355	1.0	2366090.5	2972785.5	606695.0	1355	1355	Rv2648,Rv2649	Rv2105,Rv2106	1	1	False	False	False	True	100.0	606695.0	NC_000962.3:2972108-2973463	NC_000962.3:2365413-2366768	NC_000962.3:2972108-2973463;NC_000962.3:2365413-2366768	127	2972104	2973463	103	2365403	2366771
NC_000962.3	2972108	2973463	-	NC_000962.3	2430116	2431471	1355	1355	1.0	2430793.5	2972785.5	541992.0	1355	1355	Rv2648,Rv2649	Rv2167c,Rv2168c	1	1	False	False	False	True	100.0	541992.0	NC_000962.3:2972108-2973463	NC_000962.3:2430116-2431471	NC_000962.3:2972108-2973463;NC_000962.3:2430116-2431471	127	2972104	2973463	104	2430113	2431474
NC_000962.3	2972108	2973463	+	NC_000962.3	2635576	2636931	1355	1355	1.0	2636253.5	2972785.5	336532.0	1355	1355	Rv2648,Rv2649	PPE39,Rv2354,Rv2355	1	1	False	False	False	True	100.0	336532.0	NC_000962.3:2972108-2973463	NC_000962.3:2635576-2636931	NC_000962.3:2972108-2973463;NC_000962.3:2635576-2636931	127	2972104	2973463	112	2634780	2637028
NC_000962.3	2972108	2973463	-	NC_000962.3	3120523	3121878	1355	1355	1.0	3121200.5	2972785.5	148415.0	1355	1355	Rv2648,Rv2649	Rv2814c,Rv2815c	1	1	False	False	False	True	100.0	148415.0	NC_000962.3:2972108-2973463	NC_000962.3:3120523-3121878	NC_000962.3:2972108-2973463;NC_000962.3:3120523-3121878	127	2972104	2973463	137	3119183	3123577
NC_000962.3	2972108	2973463	+	NC_000962.3	3552712	3554067	1355	1355	1.0	3553389.5	2972785.5	580604.0	1355	1355	Rv2648,Rv2649	Rv3186,Rv3187	1	1	False	False	False	True	100.0	580604.0	NC_000962.3:2972108-2973463	NC_000962.3:3552712-3554067	NC_000962.3:2972108-2973463;NC_000962.3:3552712-3554067	127	2972104	2973463	159	3552704	3554070
NC_000962.3	2972108	2973463	+	NC_000962.3	3710381	3711736	1355	1355	1.0	3711058.5	2972785.5	738273.0	1355	1355	Rv2648,Rv2649	Rv3325,Rv3326	1	1	False	False	False	True	100.0	738273.0	NC_000962.3:2972108-2973463	NC_000962.3:3710381-3711736	NC_000962.3:2972108-2973463;NC_000962.3:3710381-3711736	127	2972104	2973463	162	3710379	3712822
NC_000962.3	2972108	2973463	-	NC_000962.3	3795057	3796412	1355	1355	1.0	3795734.5	2972785.5	822949.0	1355	1355	Rv2648,Rv2649	Rv3380c,Rv3381c	1	1	False	False	False	True	100.0	822949.0	NC_000962.3:2972108-2973463	NC_000962.3:3795057-3796412	NC_000962.3:2972108-2973463;NC_000962.3:3795057-3796412	127	2972104	2973463	172	3795041	3796426
NC_000962.3	2972108	2973463	+	NC_000962.3	3890778	3892133	1355	1355	1.0	3891455.5	2972785.5	918670.0	1355	1355	Rv2648,Rv2649	Rv3474,Rv3475	1	1	False	False	False	True	100.0	918670.0	NC_000962.3:2972108-2973463	NC_000962.3:3890778-3892133	NC_000962.3:2972108-2973463;NC_000962.3:3890778-3892133	127	2972104	2973463	178	3890771	3892140
NC_000962.3	2973775	2975987	+	NC_000962.3	1780615	1782817	1933	2231	0.8664276109367997	1781716.0	2974881.0	1193165.0	2212	2202	Rv2650c,Rv2651c,Rv2652c	Rv1575,Rv1576c,Rv1577c,Rv1578c	0	0	False	False	False	True	86.64276109367997	1193165.0	NC_000962.3:2973775-2975987	NC_000962.3:1780615-1782817	NC_000962.3:2973775-2975987;NC_000962.3:1780615-1782817	128	2973775	2975987	72	1780615	1782817
NC_000962.3	2982934	2983854	-	NC_000962.3	2829019	2829936	916	920	0.9956521739130435	2829477.5	2983394.0	153916.5	920	917	Rv2665,Rv2666	Rv2512c	1	1	False	False	False	True	99.56521739130434	153916.5	NC_000962.3:2982934-2983854	NC_000962.3:2829019-2829936	NC_000962.3:2982934-2983854;NC_000962.3:2829019-2829936	129	2982934	2983854	121	2828493	2829936
NC_000962.3	2982944	2983854	+	NC_000962.3	1169296	1170206	909	910	0.9989010989010989	1169751.0	2983399.0	1813648.0	910	910	Rv2665,Rv2666	Rv1047	1	1	False	False	False	True	99.8901098901099	1813648.0	NC_000962.3:2982944-2983854	NC_000962.3:1169296-1170206	NC_000962.3:2982944-2983854;NC_000962.3:1169296-1170206	129	2982934	2983854	43	1169296	1170733
NC_000962.3	2982945	2983854	-	NC_000962.3	1341821	1342730	908	909	0.9988998899889989	1342275.5	2983399.5	1641124.0	909	909	Rv2665,Rv2666	Rv1199c	1	1	False	False	False	True	99.8899889988999	1641124.0	NC_000962.3:2982945-2983854	NC_000962.3:1341821-1342730	NC_000962.3:2982945-2983854;NC_000962.3:1341821-1342730	129	2982934	2983854	54	1341295	1342730
NC_000962.3	2982945	2983854	-	NC_000962.3	3381838	3382747	908	909	0.9988998899889989	3382292.5	2983399.5	398893.0	909	909	Rv2665,Rv2666	Rv3023c	1	1	False	False	False	True	99.8899889988999	398893.0	NC_000962.3:2982945-2983854	NC_000962.3:3381838-3382747	NC_000962.3:2982945-2983854;NC_000962.3:3381838-3382747	129	2982934	2983854	154	3381311	3382749
NC_000962.3	2982945	2983854	+	NC_000962.3	3481325	3482234	908	909	0.9988998899889989	3481779.5	2983399.5	498380.0	909	909	Rv2665,Rv2666	Rv3115	1	1	False	False	False	True	99.8899889988999	498380.0	NC_000962.3:2982945-2983854	NC_000962.3:3481325-3482234	NC_000962.3:2982945-2983854;NC_000962.3:3481325-3482234	129	2982934	2983854	155	3481324	3482760
NC_000962.3	2996010	2996155	-	NC_000962.3	3192203	3192352	135	157	0.8598726114649682	3192277.5	2996082.5	196195.0	145	149	Rv2680		0	0	False	False	False	True	85.98726114649682	196195.0	NC_000962.3:2996010-2996155	NC_000962.3:3192203-3192352	NC_000962.3:2996010-2996155;NC_000962.3:3192203-3192352	130	2996010	2996160	143	3192203	3192354
NC_000962.3	2996010	2996160	-	NC_000962.3	960167	960323	146	156	0.9358974358974359	960245.0	2996085.0	2035840.0	150	156	Rv2680		0	0	False	False	False	True	93.58974358974359	2035840.0	NC_000962.3:2996010-2996160	NC_000962.3:960167-960323	NC_000962.3:2996010-2996160;NC_000962.3:960167-960323	130	2996010	2996160	37	960166	960326
NC_000962.3	3000614	3001893	+	NC_000962.3	3001983	3003262	1030	1293	0.7965970610982211	3002622.5	3001253.5	1369.0	1279	1279	arsA	arsB1	0	0	False	False	False	True	79.65970610982211	1369.0	NC_000962.3:3000614-3001893	NC_000962.3:3001983-3003262	NC_000962.3:3000614-3001893;NC_000962.3:3001983-3003262	131	3000614	3001893	132	3001983	3003262
NC_000962.3	3001983	3003262	+	NC_000962.3	3000614	3001893	1030	1294	0.7959814528593508	3001253.5	3002622.5	1369.0	1279	1279	arsB1	arsA	0	0	False	False	False	True	79.59814528593509	1369.0	NC_000962.3:3001983-3003262	NC_000962.3:3000614-3001893	NC_000962.3:3001983-3003262;NC_000962.3:3000614-3001893	132	3001983	3003262	131	3000614	3001893
NC_000962.3	3007037	3007114	+	NC_000962.3	3007143	3007220	77	77	1.0	3007181.5	3007075.5	106.0	77	77	Rv2689c		0	0	False	False	False	True	100.0	106.0	NC_000962.3:3007037-3007114	NC_000962.3:3007143-3007220	NC_000962.3:3007037-3007114;NC_000962.3:3007143-3007220	133	3007037	3007220	133	3007037	3007220
NC_000962.3	3007064	3007215	+	NC_000962.3	3192203	3192354	132	153	0.8627450980392157	3192278.5	3007139.5	185139.0	151	151			0	0	False	False	False	True	86.27450980392157	185139.0	NC_000962.3:3007064-3007215	NC_000962.3:3192203-3192354	NC_000962.3:3007064-3007215;NC_000962.3:3192203-3192354	133	3007037	3007220	143	3192203	3192354
NC_000962.3	3007143	3007220	+	NC_000962.3	3007037	3007114	77	77	1.0	3007075.5	3007181.5	106.0	77	77		Rv2689c	0	0	False	False	False	True	100.0	106.0	NC_000962.3:3007143-3007220	NC_000962.3:3007037-3007114	NC_000962.3:3007143-3007220;NC_000962.3:3007037-3007114	133	3007037	3007220	133	3007037	3007220
NC_000962.3	3082465	3082769	+	NC_000962.3	80184	80523	283	340	0.8323529411764706	80353.5	3082617.0	3002263.5	304	339	Rv2774c	Rv0071	0	0	False	False	False	True	83.23529411764706	1409268.5	NC_000962.3:3082465-3082769	NC_000962.3:80184-80523	NC_000962.3:3082465-3082769;NC_000962.3:80184-80523	134	3082465	3082769	0	80184	80523
NC_000962.3	3100173	3102227	+	NC_000962.3	4301541	4303432	1596	2060	0.7747572815533981	4302486.5	3101200.0	1201286.5	2054	1891	Rv2791c,Rv2792c	fadD23,Rv3827c,Rv3828c,Rv3829c	1	1	False	False	False	True	77.47572815533981	1201286.5	NC_000962.3:3100173-3102227	NC_000962.3:4301541-4303432	NC_000962.3:3100173-3102227;NC_000962.3:4301541-4303432	135	3100173	3102233	193	4301541	4303432
NC_000962.3	3100174	3100487	-	NC_000962.3	921579	921892	279	318	0.8773584905660378	921735.5	3100330.5	2178595.0	313	313	Rv2791c	Rv0828c,Rv0829	1	1	False	False	False	True	87.73584905660378	2178595.0	NC_000962.3:3100174-3100487	NC_000962.3:921579-921892	NC_000962.3:3100174-3100487;NC_000962.3:921579-921892	135	3100173	3102233	35	921579	921893
NC_000962.3	3100174	3102228	+	NC_000962.3	3333757	3335814	1717	2077	0.8266730861819933	3334785.5	3101201.0	233584.5	2054	2057	Rv2791c,Rv2792c	thiL,Rv2978c,Rv2979c	1	1	False	False	False	True	82.66730861819933	233584.5	NC_000962.3:3100174-3102228	NC_000962.3:3333757-3335814	NC_000962.3:3100174-3102228;NC_000962.3:3333757-3335814	135	3100173	3102233	151	3333757	3335814
NC_000962.3	3100174	3102233	+	NC_000962.3	3194138	3196202	1673	2084	0.8027831094049904	3195170.0	3101203.5	93966.5	2059	2064	Rv2791c,Rv2792c	Rv2884,Rv2885c,Rv2886c	1	1	False	False	False	True	80.27831094049904	93966.5	NC_000962.3:3100174-3102233	NC_000962.3:3194138-3196202	NC_000962.3:3100174-3102233;NC_000962.3:3194138-3196202	135	3100173	3102233	144	3194137	3196202
NC_000962.3	3100868	3102228	-	NC_000962.3	701363	702728	1118	1378	0.8113207547169812	702045.5	3101548.0	2399502.5	1360	1365	Rv2791c,Rv2792c	Rv0605,Rv0606	1	1	False	False	False	True	81.13207547169812	2012029.5	NC_000962.3:3100868-3102228	NC_000962.3:701363-702728	NC_000962.3:3100868-3102228;NC_000962.3:701363-702728	135	3100173	3102233	27	701363	702728
NC_000962.3	3113641	3113937	+	NC_000962.3	3112883	3113179	259	298	0.8691275167785235	3113031.0	3113789.0	758.0	296	296	Rv2807	Rv2804c,Rv2805	0	0	False	False	False	True	86.91275167785236	758.0	NC_000962.3:3113641-3113937	NC_000962.3:3112883-3113179	NC_000962.3:3113641-3113937;NC_000962.3:3112883-3113179	136	3113641	3113937	136	3112883	3113179
NC_000962.3	3119183	3119721	+	NC_000962.3	3119993	3120524	423	593	0.7133220910623946	3120258.5	3119452.0	806.5	538	531			0	0	False	False	False	True	71.33220910623946	806.5	NC_000962.3:3119183-3119721	NC_000962.3:3119993-3120524	NC_000962.3:3119183-3119721;NC_000962.3:3119993-3120524	137	3119183	3123577	137	3119183	3123577
NC_000962.3	3119183	3120248	+	NC_000962.3	3122511	3123576	841	1162	0.7237521514629949	3123043.5	3119715.5	3328.0	1065	1065			0	0	False	False	False	True	72.37521514629948	3328.0	NC_000962.3:3119183-3120248	NC_000962.3:3122511-3123576	NC_000962.3:3119183-3120248;NC_000962.3:3122511-3123576	137	3119183	3123577	137	3119183	3123577
NC_000962.3	3119184	3119519	+	NC_000962.3	3123247	3123576	266	353	0.7535410764872521	3123411.5	3119351.5	4060.0	335	329			0	0	False	False	False	True	75.3541076487252	4060.0	NC_000962.3:3119184-3119519	NC_000962.3:3123247-3123576	NC_000962.3:3119184-3119519;NC_000962.3:3123247-3123576	137	3119183	3123577	137	3119183	3123577
NC_000962.3	3119184	3119736	+	NC_000962.3	3122954	3123576	435	669	0.6502242152466368	3123265.0	3119460.0	3805.0	552	622			0	0	False	False	False	True	65.02242152466367	3805.0	NC_000962.3:3119184-3119736	NC_000962.3:3122954-3123576	NC_000962.3:3119184-3119736;NC_000962.3:3122954-3123576	137	3119183	3123577	137	3119183	3123577
NC_000962.3	3119184	3119883	+	NC_000962.3	3122881	3123576	554	767	0.7222946544980443	3123228.5	3119533.5	3695.0	699	695			0	0	False	False	False	True	72.22946544980444	3695.0	NC_000962.3:3119184-3119883	NC_000962.3:3122881-3123576	NC_000962.3:3119184-3119883;NC_000962.3:3122881-3123576	137	3119183	3123577	137	3119183	3123577
NC_000962.3	3119184	3120176	+	NC_000962.3	3122660	3123576	735	1071	0.6862745098039216	3123118.0	3119680.0	3438.0	992	916			0	0	False	False	False	True	68.62745098039215	3438.0	NC_000962.3:3119184-3120176	NC_000962.3:3122660-3123576	NC_000962.3:3119184-3120176;NC_000962.3:3122660-3123576	137	3119183	3123577	137	3119183	3123577
NC_000962.3	3119184	3120524	+	NC_000962.3	3121937	3123338	1060	1536	0.6901041666666666	3122637.5	3119854.0	2783.5	1340	1401			0	0	False	False	False	True	69.01041666666666	2783.5	NC_000962.3:3119184-3120524	NC_000962.3:3121937-3123338	NC_000962.3:3119184-3120524;NC_000962.3:3121937-3123338	137	3119183	3123577	137	3119183	3123577
NC_000962.3	3119184	3120524	+	NC_000962.3	3122229	3123561	1045	1466	0.7128240109140518	3122895.0	3119854.0	3041.0	1340	1332			0	0	False	False	False	True	71.28240109140518	3041.0	NC_000962.3:3119184-3120524	NC_000962.3:3122229-3123561	NC_000962.3:3119184-3120524;NC_000962.3:3122229-3123561	137	3119183	3123577	137	3119183	3123577
NC_000962.3	3119189	3120394	+	NC_000962.3	3122379	3123576	961	1330	0.7225563909774436	3122977.5	3119791.5	3186.0	1205	1197			0	0	False	False	False	True	72.25563909774436	3186.0	NC_000962.3:3119189-3120394	NC_000962.3:3122379-3123576	NC_000962.3:3119189-3120394;NC_000962.3:3122379-3123576	137	3119183	3123577	137	3119183	3123577
NC_000962.3	3119334	3120524	+	NC_000962.3	3121937	3123193	933	1372	0.6800291545189504	3122565.0	3119929.0	2636.0	1190	1256			0	0	False	False	False	True	68.00291545189503	2636.0	NC_000962.3:3119334-3120524	NC_000962.3:3121937-3123193	NC_000962.3:3119334-3120524;NC_000962.3:3121937-3123193	137	3119183	3123577	137	3119183	3123577
NC_000962.3	3119415	3120524	+	NC_000962.3	3122307	3123410	869	1218	0.7134646962233169	3122858.5	3119969.5	2889.0	1109	1103			0	0	False	False	False	True	71.34646962233168	2889.0	NC_000962.3:3119415-3120524	NC_000962.3:3122307-3123410	NC_000962.3:3119415-3120524;NC_000962.3:3122307-3123410	137	3119183	3123577	137	3119183	3123577
NC_000962.3	3119427	3120468	+	NC_000962.3	3121878	3122917	824	1133	0.7272727272727273	3122397.5	3119947.5	2450.0	1041	1039			0	0	False	False	False	True	72.72727272727273	2450.0	NC_000962.3:3119427-3120468	NC_000962.3:3121878-3122917	NC_000962.3:3119427-3120468;NC_000962.3:3121878-3122917	137	3119183	3123577	137	3119183	3123577
NC_000962.3	3119847	3120468	+	NC_000962.3	3119184	3119812	489	680	0.7191176470588235	3119498.0	3120157.5	659.5	621	628			0	0	False	False	False	True	71.91176470588235	659.5	NC_000962.3:3119847-3120468	NC_000962.3:3119184-3119812	NC_000962.3:3119847-3120468;NC_000962.3:3119184-3119812	137	3119183	3123577	137	3119183	3123577
NC_000962.3	3119847	3120524	+	NC_000962.3	3121937	3122533	486	722	0.6731301939058172	3122235.0	3120185.5	2049.5	677	596			0	0	False	False	False	True	67.31301939058172	2049.5	NC_000962.3:3119847-3120524	NC_000962.3:3121937-3122533	NC_000962.3:3119847-3120524;NC_000962.3:3121937-3122533	137	3119183	3123577	137	3119183	3123577
NC_000962.3	3119920	3120524	+	NC_000962.3	3122157	3122758	479	654	0.7324159021406728	3122457.5	3120222.0	2235.5	604	601			0	0	False	False	False	True	73.24159021406727	2235.5	NC_000962.3:3119920-3120524	NC_000962.3:3122157-3122758	NC_000962.3:3119920-3120524;NC_000962.3:3122157-3122758	137	3119183	3123577	137	3119183	3123577
NC_000962.3	3119993	3120524	+	NC_000962.3	3119183	3119721	423	593	0.7133220910623946	3119452.0	3120258.5	806.5	531	538			0	0	False	False	False	True	71.33220910623946	806.5	NC_000962.3:3119993-3120524	NC_000962.3:3119183-3119721	NC_000962.3:3119993-3120524;NC_000962.3:3119183-3119721	137	3119183	3123577	137	3119183	3123577
NC_000962.3	3120067	3120469	+	NC_000962.3	3119184	3119592	322	445	0.7235955056179775	3119388.0	3120268.0	880.0	402	408			0	0	False	False	False	True	72.35955056179775	880.0	NC_000962.3:3120067-3120469	NC_000962.3:3119184-3119592	NC_000962.3:3120067-3120469;NC_000962.3:3119184-3119592	137	3119183	3123577	137	3119183	3123577
NC_000962.3	3120212	3120524	+	NC_000962.3	3119184	3119504	251	350	0.7171428571428572	3119344.0	3120368.0	1024.0	312	320			0	0	False	False	False	True	71.71428571428572	1024.0	NC_000962.3:3120212-3120524	NC_000962.3:3119184-3119504	NC_000962.3:3120212-3120524;NC_000962.3:3119184-3119504	137	3119183	3123577	137	3119183	3123577
NC_000962.3	3120517	3121880	-	NC_000962.3	1996098	1997463	1363	1365	0.9985347985347985	1996780.5	3121198.5	1124418.0	1363	1365	Rv2814c,Rv2815c	Rv1763,Rv1764,Rv1765c	1	1	False	False	False	True	99.85347985347985	1124418.0	NC_000962.3:3120517-3121880	NC_000962.3:1996098-1997463	NC_000962.3:3120517-3121880;NC_000962.3:1996098-1997463	137	3119183	3123577	83	1996098	1998612
NC_000962.3	3120520	3121881	+	NC_000962.3	2430113	2431474	1361	1361	1.0	2430793.5	3121200.5	690407.0	1361	1361	Rv2814c,Rv2815c	Rv2167c,Rv2168c	1	1	False	False	False	True	100.0	690407.0	NC_000962.3:3120520-3121881	NC_000962.3:2430113-2431474	NC_000962.3:3120520-3121881;NC_000962.3:2430113-2431474	137	3119183	3123577	104	2430113	2431474
NC_000962.3	3120521	3121882	-	NC_000962.3	2550009	2551370	1360	1361	0.9992652461425422	2550689.5	3121201.5	570512.0	1361	1361	Rv2814c,Rv2815c	Rv2277c,Rv2278,Rv2279	1	1	False	False	False	True	99.92652461425422	570512.0	NC_000962.3:3120521-3121882	NC_000962.3:2550009-2551370	NC_000962.3:3120521-3121882;NC_000962.3:2550009-2551370	137	3119183	3123577	110	2550005	2551370
NC_000962.3	3120522	3121878	-	NC_000962.3	2365413	2366769	1356	1356	1.0	2366091.0	3121200.0	755109.0	1356	1356	Rv2814c,Rv2815c	Rv2105,Rv2106	1	1	False	False	False	True	100.0	755109.0	NC_000962.3:3120522-3121878	NC_000962.3:2365413-2366769	NC_000962.3:3120522-3121878;NC_000962.3:2365413-2366769	137	3119183	3123577	103	2365403	2366771
NC_000962.3	3120522	3121878	+	NC_000962.3	2784613	2785969	1356	1356	1.0	2785291.0	3121200.0	335909.0	1356	1356	Rv2814c,Rv2815c	Rv2479c,Rv2480c	1	1	False	False	False	True	100.0	335909.0	NC_000962.3:3120522-3121878	NC_000962.3:2784613-2785969	NC_000962.3:3120522-3121878;NC_000962.3:2784613-2785969	137	3119183	3123577	118	2784600	2785977
NC_000962.3	3120522	3121878	-	NC_000962.3	3551229	3552585	1356	1356	1.0	3551907.0	3121200.0	430707.0	1356	1356	Rv2814c,Rv2815c	Rv3184,Rv3185	1	1	False	False	False	True	100.0	430707.0	NC_000962.3:3120522-3121878	NC_000962.3:3551229-3552585	NC_000962.3:3120522-3121878;NC_000962.3:3551229-3552585	137	3119183	3123577	158	3551212	3552587
NC_000962.3	3120522	3121879	+	NC_000962.3	1987701	1989058	1357	1357	1.0	1988379.5	3121200.5	1132821.0	1357	1357	Rv2814c,Rv2815c	Rv1756c,Rv1757c,cut1	1	1	False	False	False	True	100.0	1132821.0	NC_000962.3:3120522-3121879	NC_000962.3:1987701-1989058	NC_000962.3:3120522-3121879;NC_000962.3:1987701-1989058	137	3119183	3123577	82	1987686	1989059
NC_000962.3	3120523	3121878	-	NC_000962.3	889020	890375	1355	1355	1.0	889697.5	3121200.5	2231503.0	1355	1355	Rv2814c,Rv2815c	Rv0795,Rv0796	1	1	False	False	False	True	100.0	2180029.0	NC_000962.3:3120523-3121878	NC_000962.3:889020-890375	NC_000962.3:3120523-3121878;NC_000962.3:889020-890375	137	3119183	3123577	33	889019	891461
NC_000962.3	3120523	3121878	-	NC_000962.3	2972108	2973463	1355	1355	1.0	2972785.5	3121200.5	148415.0	1355	1355	Rv2814c,Rv2815c	Rv2648,Rv2649	1	1	False	False	False	True	100.0	148415.0	NC_000962.3:3120523-3121878	NC_000962.3:2972108-2973463	NC_000962.3:3120523-3121878;NC_000962.3:2972108-2973463	137	3119183	3123577	127	2972104	2973463
NC_000962.3	3120523	3121878	-	NC_000962.3	3552712	3554067	1355	1355	1.0	3553389.5	3121200.5	432189.0	1355	1355	Rv2814c,Rv2815c	Rv3186,Rv3187	1	1	False	False	False	True	100.0	432189.0	NC_000962.3:3120523-3121878	NC_000962.3:3552712-3554067	NC_000962.3:3120523-3121878;NC_000962.3:3552712-3554067	137	3119183	3123577	159	3552704	3554070
NC_000962.3	3120523	3121878	+	NC_000962.3	3795057	3796412	1355	1355	1.0	3795734.5	3121200.5	674534.0	1355	1355	Rv2814c,Rv2815c	Rv3380c,Rv3381c	1	1	False	False	False	True	100.0	674534.0	NC_000962.3:3120523-3121878	NC_000962.3:3795057-3796412	NC_000962.3:3120523-3121878;NC_000962.3:3795057-3796412	137	3119183	3123577	172	3795041	3796426
NC_000962.3	3120523	3121879	+	NC_000962.3	1541951	1543307	1356	1356	1.0	1542629.0	3121201.0	1578572.0	1356	1356	Rv2814c,Rv2815c	Rv1369c,Rv1370c	1	1	False	False	False	True	100.0	1578572.0	NC_000962.3:3120523-3121879	NC_000962.3:1541951-1543307	NC_000962.3:3120523-3121879;NC_000962.3:1541951-1543307	137	3119183	3123577	60	1541948	1543318
NC_000962.3	3120523	3121879	-	NC_000962.3	2635575	2636931	1356	1356	1.0	2636253.0	3121201.0	484948.0	1356	1356	Rv2814c,Rv2815c	PPE39,Rv2354,Rv2355	1	1	False	False	False	True	100.0	484948.0	NC_000962.3:3120523-3121879	NC_000962.3:2635575-2636931	NC_000962.3:3120523-3121879;NC_000962.3:2635575-2636931	137	3119183	3123577	112	2634780	2637028
NC_000962.3	3120523	3121879	-	NC_000962.3	3710380	3711736	1356	1356	1.0	3711058.0	3121201.0	589857.0	1356	1356	Rv2814c,Rv2815c	Rv3325,Rv3326	1	1	False	False	False	True	100.0	589857.0	NC_000962.3:3120523-3121879	NC_000962.3:3710380-3711736	NC_000962.3:3120523-3121879;NC_000962.3:3710380-3711736	137	3119183	3123577	162	3710379	3712822
NC_000962.3	3120523	3121879	-	NC_000962.3	3890777	3892133	1356	1356	1.0	3891455.0	3121201.0	770254.0	1356	1356	Rv2814c,Rv2815c	Rv3474,Rv3475	1	1	False	False	False	True	100.0	770254.0	NC_000962.3:3120523-3121879	NC_000962.3:3890777-3892133	NC_000962.3:3120523-3121879;NC_000962.3:3890777-3892133	137	3119183	3123577	178	3890771	3892140
NC_000962.3	3121878	3122917	+	NC_000962.3	3119427	3120468	824	1134	0.7266313932980599	3119947.5	3122397.5	2450.0	1039	1041			0	0	False	False	False	True	72.66313932980599	2450.0	NC_000962.3:3121878-3122917	NC_000962.3:3119427-3120468	NC_000962.3:3121878-3122917;NC_000962.3:3119427-3120468	137	3119183	3123577	137	3119183	3123577
NC_000962.3	3121937	3122339	+	NC_000962.3	3123172	3123577	329	439	0.7494305239179955	3123374.5	3122138.0	1236.5	402	405			0	0	False	False	False	True	74.94305239179954	1236.5	NC_000962.3:3121937-3122339	NC_000962.3:3123172-3123577	NC_000962.3:3121937-3122339;NC_000962.3:3123172-3123577	137	3119183	3123577	137	3119183	3123577
NC_000962.3	3121937	3122533	+	NC_000962.3	3119847	3120524	471	732	0.6434426229508197	3120185.5	3122235.0	2049.5	596	677			0	0	False	False	False	True	64.34426229508196	2049.5	NC_000962.3:3121937-3122533	NC_000962.3:3119847-3120524	NC_000962.3:3121937-3122533;NC_000962.3:3119847-3120524	137	3119183	3123577	137	3119183	3123577
NC_000962.3	3121937	3123193	+	NC_000962.3	3119334	3120524	933	1375	0.6785454545454546	3119929.0	3122565.0	2636.0	1256	1190			0	0	False	False	False	True	67.85454545454546	2636.0	NC_000962.3:3121937-3123193	NC_000962.3:3119334-3120524	NC_000962.3:3121937-3123193;NC_000962.3:3119334-3120524	137	3119183	3123577	137	3119183	3123577
NC_000962.3	3121937	3123338	+	NC_000962.3	3119184	3120524	1060	1535	0.6905537459283387	3119854.0	3122637.5	2783.5	1401	1340			0	0	False	False	False	True	69.05537459283387	2783.5	NC_000962.3:3121937-3123338	NC_000962.3:3119184-3120524	NC_000962.3:3121937-3123338;NC_000962.3:3119184-3120524	137	3119183	3123577	137	3119183	3123577
NC_000962.3	3122016	3122758	+	NC_000962.3	3119780	3120524	588	809	0.7268232385661311	3120152.0	3122387.0	2235.0	742	744			0	0	False	False	False	True	72.68232385661311	2235.0	NC_000962.3:3122016-3122758	NC_000962.3:3119780-3120524	NC_000962.3:3122016-3122758;NC_000962.3:3119780-3120524	137	3119183	3123577	137	3119183	3123577
NC_000962.3	3122084	3123410	+	NC_000962.3	3119183	3120524	1049	1471	0.7131203263086335	3119853.5	3122747.0	2893.5	1326	1341			0	0	False	False	False	True	71.31203263086336	2893.5	NC_000962.3:3122084-3123410	NC_000962.3:3119183-3120524	NC_000962.3:3122084-3123410;NC_000962.3:3119183-3120524	137	3119183	3123577	137	3119183	3123577
NC_000962.3	3122229	3123561	+	NC_000962.3	3119184	3120524	1045	1466	0.7128240109140518	3119854.0	3122895.0	3041.0	1332	1340			0	0	False	False	False	True	71.28240109140518	3041.0	NC_000962.3:3122229-3123561	NC_000962.3:3119184-3120524	NC_000962.3:3122229-3123561;NC_000962.3:3119184-3120524	137	3119183	3123577	137	3119183	3123577
NC_000962.3	3122374	3123576	+	NC_000962.3	3119184	3120394	966	1334	0.7241379310344828	3119789.0	3122975.0	3186.0	1202	1210			0	0	False	False	False	True	72.41379310344827	3186.0	NC_000962.3:3122374-3123576	NC_000962.3:3119184-3120394	NC_000962.3:3122374-3123576;NC_000962.3:3119184-3120394	137	3119183	3123577	137	3119183	3123577
NC_000962.3	3122511	3123576	+	NC_000962.3	3119183	3120248	841	1161	0.7243755383290267	3119715.5	3123043.5	3328.0	1065	1065			0	0	False	False	False	True	72.43755383290267	3328.0	NC_000962.3:3122511-3123576	NC_000962.3:3119183-3120248	NC_000962.3:3122511-3123576;NC_000962.3:3119183-3120248	137	3119183	3123577	137	3119183	3123577
NC_000962.3	3122660	3123576	+	NC_000962.3	3119184	3120176	735	1072	0.6856343283582089	3119680.0	3123118.0	3438.0	916	992			0	0	False	False	False	True	68.56343283582089	3438.0	NC_000962.3:3122660-3123576	NC_000962.3:3119184-3120176	NC_000962.3:3122660-3123576;NC_000962.3:3119184-3120176	137	3119183	3123577	137	3119183	3123577
NC_000962.3	3122881	3123576	+	NC_000962.3	3119184	3119883	552	766	0.720626631853786	3119533.5	3123228.5	3695.0	695	699			0	0	False	False	False	True	72.0626631853786	3695.0	NC_000962.3:3122881-3123576	NC_000962.3:3119184-3119883	NC_000962.3:3122881-3123576;NC_000962.3:3119184-3119883	137	3119183	3123577	137	3119183	3123577
NC_000962.3	3122954	3123576	+	NC_000962.3	3119184	3119736	435	669	0.6502242152466368	3119460.0	3123265.0	3805.0	622	552			0	0	False	False	False	True	65.02242152466367	3805.0	NC_000962.3:3122954-3123576	NC_000962.3:3119184-3119736	NC_000962.3:3122954-3123576;NC_000962.3:3119184-3119736	137	3119183	3123577	137	3119183	3123577
NC_000962.3	3123172	3123577	+	NC_000962.3	3121937	3122339	329	439	0.7494305239179955	3122138.0	3123374.5	1236.5	405	402			0	0	False	False	False	True	74.94305239179954	1236.5	NC_000962.3:3123172-3123577	NC_000962.3:3121937-3122339	NC_000962.3:3123172-3123577;NC_000962.3:3121937-3122339	137	3119183	3123577	137	3119183	3123577
NC_000962.3	3123247	3123576	+	NC_000962.3	3119184	3119519	266	353	0.7535410764872521	3119351.5	3123411.5	4060.0	329	335			0	0	False	False	False	True	75.3541076487252	4060.0	NC_000962.3:3123247-3123576	NC_000962.3:3119184-3119519	NC_000962.3:3123247-3123576;NC_000962.3:3119184-3119519	137	3119183	3123577	137	3119183	3123577
NC_000962.3	3132891	3133455	+	NC_000962.3	3135787	3136351	556	564	0.9858156028368794	3136069.0	3133173.0	2896.0	564	564	Rv2825c	Rv2828c,Rv2828A	0	0	False	False	False	True	98.58156028368793	2896.0	NC_000962.3:3132891-3133455	NC_000962.3:3135787-3136351	NC_000962.3:3132891-3133455;NC_000962.3:3135787-3136351	138	3132891	3133455	139	3135787	3136351
NC_000962.3	3135787	3136351	+	NC_000962.3	3132891	3133455	556	564	0.9858156028368794	3133173.0	3136069.0	2896.0	564	564	Rv2828c,Rv2828A	Rv2825c	0	0	False	False	False	True	98.58156028368793	2896.0	NC_000962.3:3135787-3136351	NC_000962.3:3132891-3133455	NC_000962.3:3135787-3136351;NC_000962.3:3132891-3133455	139	3135787	3136351	138	3132891	3133455
NC_000962.3	3155882	3155981	+	NC_000962.3	3155990	3156089	99	99	1.0	3156039.5	3155931.5	108.0	99	99			0	0	False	False	False	True	100.0	108.0	NC_000962.3:3155882-3155981	NC_000962.3:3155990-3156089	NC_000962.3:3155882-3155981;NC_000962.3:3155990-3156089	140	3155882	3155981	141	3155990	3156089
NC_000962.3	3155990	3156089	+	NC_000962.3	3155882	3155981	99	99	1.0	3155931.5	3156039.5	108.0	99	99			0	0	False	False	False	True	100.0	108.0	NC_000962.3:3155990-3156089	NC_000962.3:3155882-3155981	NC_000962.3:3155990-3156089;NC_000962.3:3155882-3155981	141	3155990	3156089	140	3155882	3155981
NC_000962.3	3171448	3171607	+	NC_000962.3	3239454	3239617	144	165	0.8727272727272727	3239535.5	3171527.5	68008.0	159	163	Rv2859c	fpg	0	0	False	False	False	True	87.27272727272727	68008.0	NC_000962.3:3171448-3171607	NC_000962.3:3239454-3239617	NC_000962.3:3171448-3171607;NC_000962.3:3239454-3239617	142	3171448	3171627	145	3239454	3239775
NC_000962.3	3171462	3171607	+	NC_000962.3	3239525	3239696	132	173	0.7630057803468208	3239610.5	3171534.5	68076.0	145	171	Rv2859c		0	0	False	False	False	True	76.30057803468208	68076.0	NC_000962.3:3171462-3171607	NC_000962.3:3239525-3239696	NC_000962.3:3171462-3171607;NC_000962.3:3239525-3239696	142	3171448	3171627	145	3239454	3239775
NC_000962.3	3171462	3171607	+	NC_000962.3	3239580	3239775	131	197	0.6649746192893401	3239677.5	3171534.5	68143.0	145	195	Rv2859c		0	0	False	False	False	True	66.49746192893402	68143.0	NC_000962.3:3171462-3171607	NC_000962.3:3239580-3239775	NC_000962.3:3171462-3171607;NC_000962.3:3239580-3239775	142	3171448	3171627	145	3239454	3239775
NC_000962.3	3171524	3171627	+	NC_000962.3	3239478	3239582	95	105	0.9047619047619048	3239530.0	3171575.5	67954.5	103	104	Rv2859c,glnA4		0	0	False	False	False	True	90.47619047619048	67954.5	NC_000962.3:3171524-3171627	NC_000962.3:3239478-3239582	NC_000962.3:3171524-3171627;NC_000962.3:3239478-3239582	142	3171448	3171627	145	3239454	3239775
NC_000962.3	3192203	3192247	+	NC_000962.3	960280	960324	44	44	1.0	960302.0	3192225.0	2231923.0	44	44			0	0	False	False	False	True	100.0	2179609.0	NC_000962.3:3192203-3192247	NC_000962.3:960280-960324	NC_000962.3:3192203-3192247;NC_000962.3:960280-960324	143	3192203	3192354	37	960166	960326
NC_000962.3	3192203	3192300	+	NC_000962.3	960227	960324	90	97	0.9278350515463918	960275.5	3192251.5	2231976.0	97	97			0	0	False	False	False	True	92.78350515463917	2179556.0	NC_000962.3:3192203-3192300	NC_000962.3:960227-960324	NC_000962.3:3192203-3192300;NC_000962.3:960227-960324	143	3192203	3192354	37	960166	960326
NC_000962.3	3192203	3192352	-	NC_000962.3	2996010	2996155	135	157	0.8598726114649682	2996082.5	3192277.5	196195.0	149	145		Rv2680	0	0	False	False	False	True	85.98726114649682	196195.0	NC_000962.3:3192203-3192352	NC_000962.3:2996010-2996155	NC_000962.3:3192203-3192352;NC_000962.3:2996010-2996155	143	3192203	3192354	130	2996010	2996160
NC_000962.3	3192203	3192354	+	NC_000962.3	960174	960325	137	151	0.9072847682119205	960249.5	3192278.5	2232029.0	151	151			0	0	False	False	False	True	90.72847682119205	2179503.0	NC_000962.3:3192203-3192354	NC_000962.3:960174-960325	NC_000962.3:3192203-3192354;NC_000962.3:960174-960325	143	3192203	3192354	37	960166	960326
NC_000962.3	3192203	3192354	+	NC_000962.3	3007064	3007215	132	153	0.8627450980392157	3007139.5	3192278.5	185139.0	151	151			0	0	False	False	False	True	86.27450980392157	185139.0	NC_000962.3:3192203-3192354	NC_000962.3:3007064-3007215	NC_000962.3:3192203-3192354;NC_000962.3:3007064-3007215	143	3192203	3192354	133	3007037	3007220
NC_000962.3	3192217	3192300	-	NC_000962.3	2687133	2687217	75	85	0.8823529411764706	2687175.0	3192258.5	505083.5	83	84		che1	0	0	False	False	False	True	88.23529411764706	505083.5	NC_000962.3:3192217-3192300	NC_000962.3:2687133-2687217	NC_000962.3:3192217-3192300;NC_000962.3:2687133-2687217	143	3192203	3192354	116	2687131	2687217
NC_000962.3	3192256	3192352	+	NC_000962.3	960174	960270	89	96	0.9270833333333334	960222.0	3192304.0	2232082.0	96	96			0	0	False	False	False	True	92.70833333333334	2179450.0	NC_000962.3:3192256-3192352	NC_000962.3:960174-960270	NC_000962.3:3192256-3192352;NC_000962.3:960174-960270	143	3192203	3192354	37	960166	960326
NC_000962.3	3192270	3192354	-	NC_000962.3	2687132	2687217	76	86	0.8837209302325582	2687174.5	3192312.0	505137.5	84	85		che1	0	0	False	False	False	True	88.37209302325581	505137.5	NC_000962.3:3192270-3192354	NC_000962.3:2687132-2687217	NC_000962.3:3192270-3192354;NC_000962.3:2687132-2687217	143	3192203	3192354	116	2687131	2687217
NC_000962.3	3194137	3194451	-	NC_000962.3	921579	921893	310	314	0.9872611464968153	921736.0	3194294.0	2272558.0	314	314	Rv2884,Rv2885c	Rv0828c,Rv0829	1	1	False	False	False	True	98.72611464968153	2138974.0	NC_000962.3:3194137-3194451	NC_000962.3:921579-921893	NC_000962.3:3194137-3194451;NC_000962.3:921579-921893	144	3194137	3196202	35	921579	921893
NC_000962.3	3194138	3196197	+	NC_000962.3	3333757	3335814	1626	2080	0.7817307692307692	3334785.5	3195167.5	139618.0	2059	2057	Rv2884,Rv2885c,Rv2886c	thiL,Rv2978c,Rv2979c	1	1	False	False	False	True	78.17307692307692	139618.0	NC_000962.3:3194138-3196197	NC_000962.3:3333757-3335814	NC_000962.3:3194138-3196197;NC_000962.3:3333757-3335814	144	3194137	3196202	151	3333757	3335814
NC_000962.3	3194138	3196202	+	NC_000962.3	3100174	3102233	1673	2083	0.8031685069611137	3101203.5	3195170.0	93966.5	2064	2059	Rv2884,Rv2885c,Rv2886c	Rv2791c,Rv2792c	1	1	False	False	False	True	80.31685069611137	93966.5	NC_000962.3:3194138-3196202	NC_000962.3:3100174-3102233	NC_000962.3:3194138-3196202;NC_000962.3:3100174-3102233	144	3194137	3196202	135	3100173	3102233
NC_000962.3	3239454	3239617	+	NC_000962.3	3171448	3171607	144	165	0.8727272727272727	3171527.5	3239535.5	68008.0	163	159	fpg	Rv2859c	0	0	False	False	False	True	87.27272727272727	68008.0	NC_000962.3:3239454-3239617	NC_000962.3:3171448-3171607	NC_000962.3:3239454-3239617;NC_000962.3:3171448-3171607	145	3239454	3239775	142	3171448	3171627
NC_000962.3	3239478	3239582	+	NC_000962.3	3171524	3171627	95	105	0.9047619047619048	3171575.5	3239530.0	67954.5	104	103		Rv2859c,glnA4	0	0	False	False	False	True	90.47619047619048	67954.5	NC_000962.3:3239478-3239582	NC_000962.3:3171524-3171627	NC_000962.3:3239478-3239582;NC_000962.3:3171524-3171627	145	3239454	3239775	142	3171448	3171627
NC_000962.3	3239525	3239696	+	NC_000962.3	3171462	3171607	132	173	0.7630057803468208	3171534.5	3239610.5	68076.0	171	145		Rv2859c	0	0	False	False	False	True	76.30057803468208	68076.0	NC_000962.3:3239525-3239696	NC_000962.3:3171462-3171607	NC_000962.3:3239525-3239696;NC_000962.3:3171462-3171607	145	3239454	3239775	142	3171448	3171627
NC_000962.3	3239580	3239775	+	NC_000962.3	3171462	3171607	131	197	0.6649746192893401	3171534.5	3239677.5	68143.0	195	145		Rv2859c	0	0	False	False	False	True	66.49746192893402	68143.0	NC_000962.3:3239580-3239775	NC_000962.3:3171462-3171607	NC_000962.3:3239580-3239775;NC_000962.3:3171462-3171607	145	3239454	3239775	142	3171448	3171627
NC_000962.3	3246396	3248376	+	NC_000962.3	3251819	3253802	1618	2040	0.7931372549019607	3252810.5	3247386.0	5424.5	1980	1983	ppsA	ppsB	0	0	False	False	False	True	79.31372549019608	5424.5	NC_000962.3:3246396-3248376	NC_000962.3:3251819-3253802	NC_000962.3:3246396-3248376;NC_000962.3:3251819-3253802	146	3246396	3248376	147	3251819	3253802
NC_000962.3	3251819	3253802	+	NC_000962.3	3246396	3248376	1616	2039	0.7925453653751839	3247386.0	3252810.5	5424.5	1983	1980	ppsB	ppsA	0	0	False	False	False	True	79.25453653751839	5424.5	NC_000962.3:3251819-3253802	NC_000962.3:3246396-3248376	NC_000962.3:3251819-3253802;NC_000962.3:3246396-3248376	147	3251819	3253802	146	3246396	3248376
NC_000962.3	3276484	3282708	+	NC_000962.3	1722178	1728375	4554	6398	0.7117849327914973	1725276.5	3279596.0	1554319.5	6224	6197	mas	pks5	0	0	False	False	False	True	71.17849327914973	1554319.5	NC_000962.3:3276484-3282708	NC_000962.3:1722178-1728375	NC_000962.3:3276484-3282708;NC_000962.3:1722178-1728375	148	3276484	3282708	68	1722178	1728375
NC_000962.3	3317533	3317739	+	NC_000962.3	4077998	4078201	195	207	0.9420289855072463	4078099.5	3317636.0	760463.5	206	203		Rv3639c	0	0	False	False	False	True	94.20289855072464	760463.5	NC_000962.3:3317533-3317739	NC_000962.3:4077998-4078201	NC_000962.3:3317533-3317739;NC_000962.3:4077998-4078201	149	3317533	3317739	188	4077792	4078201
NC_000962.3	3319469	3319571	+	NC_000962.3	642713	642814	97	102	0.9509803921568627	642763.5	3319520.0	2676756.5	102	101		fadD8	0	0	False	False	False	True	95.09803921568627	1734775.5	NC_000962.3:3319469-3319571	NC_000962.3:642713-642814	NC_000962.3:3319469-3319571;NC_000962.3:642713-642814	150	3319469	3319670	25	642713	642814
NC_000962.3	3319506	3319579	-	NC_000962.3	2059429	2059502	69	73	0.9452054794520548	2059465.5	3319542.5	1260077.0	73	73			0	0	False	False	False	True	94.52054794520548	1260077.0	NC_000962.3:3319506-3319579	NC_000962.3:2059429-2059502	NC_000962.3:3319506-3319579;NC_000962.3:2059429-2059502	150	3319469	3319670	88	2059429	2059579
NC_000962.3	3319506	3319662	-	NC_000962.3	2059445	2059579	128	156	0.8205128205128205	2059512.0	3319584.0	1260072.0	156	134			0	0	False	False	False	True	82.05128205128204	1260072.0	NC_000962.3:3319506-3319662	NC_000962.3:2059445-2059579	NC_000962.3:3319506-3319662;NC_000962.3:2059445-2059579	150	3319469	3319670	88	2059429	2059579
NC_000962.3	3319569	3319670	+	NC_000962.3	3319468	3319567	95	104	0.9134615384615384	3319517.5	3319619.5	102.0	101	99	pca		0	0	False	False	False	True	91.34615384615384	102.0	NC_000962.3:3319569-3319670	NC_000962.3:3319468-3319567	NC_000962.3:3319569-3319670;NC_000962.3:3319468-3319567	150	3319469	3319670	150	3319468	3319662
NC_000962.3	3333757	3334070	-	NC_000962.3	921579	921892	281	316	0.8892405063291139	921735.5	3333913.5	2412178.0	313	313	thiL,Rv2978c	Rv0828c,Rv0829	1	1	False	False	False	True	88.92405063291139	1999354.0	NC_000962.3:3333757-3334070	NC_000962.3:921579-921892	NC_000962.3:3333757-3334070;NC_000962.3:921579-921892	151	3333757	3335814	35	921579	921893
NC_000962.3	3333757	3335813	+	NC_000962.3	4301542	4303432	1549	2066	0.749757986447241	4302487.0	3334785.0	967702.0	2056	1890	thiL,Rv2978c,Rv2979c	fadD23,Rv3827c,Rv3828c,Rv3829c	1	1	False	False	False	True	74.97579864472411	967702.0	NC_000962.3:3333757-3335813	NC_000962.3:4301542-4303432	NC_000962.3:3333757-3335813;NC_000962.3:4301542-4303432	151	3333757	3335814	193	4301541	4303432
NC_000962.3	3333757	3335814	+	NC_000962.3	3100174	3102228	1717	2076	0.8270712909441233	3101201.0	3334785.5	233584.5	2057	2054	thiL,Rv2978c,Rv2979c	Rv2791c,Rv2792c	1	1	False	False	False	True	82.70712909441234	233584.5	NC_000962.3:3333757-3335814	NC_000962.3:3100174-3102228	NC_000962.3:3333757-3335814;NC_000962.3:3100174-3102228	151	3333757	3335814	135	3100173	3102233
NC_000962.3	3333757	3335814	+	NC_000962.3	3194138	3196197	1626	2079	0.7821067821067821	3195167.5	3334785.5	139618.0	2057	2059	thiL,Rv2978c,Rv2979c	Rv2884,Rv2885c,Rv2886c	1	1	False	False	False	True	78.21067821067821	139618.0	NC_000962.3:3333757-3335814	NC_000962.3:3194138-3196197	NC_000962.3:3333757-3335814;NC_000962.3:3194138-3196197	151	3333757	3335814	144	3194137	3196202
NC_000962.3	3376926	3378450	+	NC_000962.3	3379363	3381026	1397	1710	0.8169590643274853	3380194.5	3377688.0	2506.5	1524	1663	PPE46,PE27A	PPE47,PPE48,PE29	0	0	False	True	False	False	81.69590643274853	2506.5	NC_000962.3:3376926-3378450	NC_000962.3:3379363-3381026	NC_000962.3:3376926-3378450;NC_000962.3:3379363-3381026	152	3376926	3378450	153	3379363	3381026
NC_000962.3	3379363	3381026	+	NC_000962.3	3376926	3378450	1397	1710	0.8169590643274853	3377688.0	3380194.5	2506.5	1663	1524	PPE47,PPE48,PE29	PPE46,PE27A	0	0	False	True	False	False	81.69590643274853	2506.5	NC_000962.3:3379363-3381026	NC_000962.3:3376926-3378450	NC_000962.3:3379363-3381026;NC_000962.3:3376926-3378450	153	3379363	3381026	152	3376926	3378450
NC_000962.3	3381311	3382747	-	NC_000962.3	1169297	1170733	1436	1436	1.0	1170015.0	3382029.0	2212014.0	1436	1436	Rv3023c	Rv1047	1	1	False	False	False	True	100.0	2199518.0	NC_000962.3:3381311-3382747	NC_000962.3:1169297-1170733	NC_000962.3:3381311-3382747;NC_000962.3:1169297-1170733	154	3381311	3382749	43	1169296	1170733
NC_000962.3	3381312	3382747	+	NC_000962.3	1341295	1342730	1433	1435	0.9986062717770035	1342012.5	3382029.5	2040017.0	1435	1435	Rv3023c	Rv1199c	1	1	False	False	False	True	99.86062717770035	2040017.0	NC_000962.3:3381312-3382747	NC_000962.3:1341295-1342730	NC_000962.3:3381312-3382747;NC_000962.3:1341295-1342730	154	3381311	3382749	54	1341295	1342730
NC_000962.3	3381312	3382748	-	NC_000962.3	3481324	3482760	1436	1436	1.0	3482042.0	3382030.0	100012.0	1436	1436	Rv3023c	Rv3115	1	1	False	False	False	True	100.0	100012.0	NC_000962.3:3381312-3382748	NC_000962.3:3481324-3482760	NC_000962.3:3381312-3382748;NC_000962.3:3481324-3482760	154	3381311	3382749	155	3481324	3482760
NC_000962.3	3381312	3382749	+	NC_000962.3	2828493	2829930	1435	1437	0.9986082115518441	2829211.5	3382030.5	552819.0	1437	1437	Rv3023c	Rv2512c	1	1	False	False	False	True	99.86082115518441	552819.0	NC_000962.3:3381312-3382749	NC_000962.3:2828493-2829930	NC_000962.3:3381312-3382749;NC_000962.3:2828493-2829930	154	3381311	3382749	121	2828493	2829936
NC_000962.3	3381838	3382747	-	NC_000962.3	2982945	2983854	908	909	0.9988998899889989	2983399.5	3382292.5	398893.0	909	909	Rv3023c	Rv2665,Rv2666	1	1	False	False	False	True	99.8899889988999	398893.0	NC_000962.3:3381838-3382747	NC_000962.3:2982945-2983854	NC_000962.3:3381838-3382747;NC_000962.3:2982945-2983854	154	3381311	3382749	129	2982934	2983854
NC_000962.3	3481324	3482760	-	NC_000962.3	2828493	2829929	1434	1436	0.9986072423398329	2829211.0	3482042.0	652831.0	1436	1436	Rv3115	Rv2512c	1	1	False	False	False	True	99.86072423398329	652831.0	NC_000962.3:3481324-3482760	NC_000962.3:2828493-2829929	NC_000962.3:3481324-3482760;NC_000962.3:2828493-2829929	155	3481324	3482760	121	2828493	2829936
NC_000962.3	3481324	3482760	-	NC_000962.3	3381312	3382748	1436	1436	1.0	3382030.0	3482042.0	100012.0	1436	1436	Rv3115	Rv3023c	1	1	False	False	False	True	100.0	100012.0	NC_000962.3:3481324-3482760	NC_000962.3:3381312-3382748	NC_000962.3:3481324-3482760;NC_000962.3:3381312-3382748	155	3481324	3482760	154	3381311	3382749
NC_000962.3	3481325	3482234	+	NC_000962.3	2982945	2983854	908	909	0.9988998899889989	2983399.5	3481779.5	498380.0	909	909	Rv3115	Rv2665,Rv2666	1	1	False	False	False	True	99.8899889988999	498380.0	NC_000962.3:3481325-3482234	NC_000962.3:2982945-2983854	NC_000962.3:3481325-3482234;NC_000962.3:2982945-2983854	155	3481324	3482760	129	2982934	2983854
NC_000962.3	3481325	3482760	+	NC_000962.3	1169297	1170732	1435	1435	1.0	1170014.5	3482042.5	2312028.0	1435	1435	Rv3115	Rv1047	1	1	False	False	False	True	100.0	2099504.0	NC_000962.3:3481325-3482760	NC_000962.3:1169297-1170732	NC_000962.3:3481325-3482760;NC_000962.3:1169297-1170732	155	3481324	3482760	43	1169296	1170733
NC_000962.3	3481325	3482760	-	NC_000962.3	1341295	1342730	1433	1435	0.9986062717770035	1342012.5	3482042.5	2140030.0	1435	1435	Rv3115	Rv1199c	1	1	False	False	False	True	99.86062717770035	2140030.0	NC_000962.3:3481325-3482760	NC_000962.3:1341295-1342730	NC_000962.3:3481325-3482760;NC_000962.3:1341295-1342730	155	3481324	3482760	54	1341295	1342730
NC_000962.3	3483945	3485111	-	NC_000962.3	908180	909346	1166	1166	1.0	908763.0	3484528.0	2575765.0	1166	1166	cysA3,sseC1	sseC2,cysA2	0	0	False	False	False	True	100.0	1835767.0	NC_000962.3:3483945-3485111	NC_000962.3:908180-909346	NC_000962.3:3483945-3485111;NC_000962.3:908180-909346	156	3483945	3485111	34	908180	909346
NC_000962.3	3527948	3529162	+	NC_000962.3	2638257	2639531	963	1304	0.7384969325153374	2638894.0	3528555.0	889661.0	1214	1274	PPE53	PPE40	0	0	False	True	False	False	73.84969325153375	889661.0	NC_000962.3:3527948-3529162	NC_000962.3:2638257-2639531	NC_000962.3:3527948-3529162;NC_000962.3:2638257-2639531	157	3527948	3529180	114	2637928	2639613
NC_000962.3	3528674	3529180	+	NC_000962.3	3766610	3767119	411	525	0.7828571428571428	3766864.5	3528927.0	237937.5	506	509	PPE53	PPE56	0	0	False	True	False	False	78.28571428571428	237937.5	NC_000962.3:3528674-3529180	NC_000962.3:3766610-3767119	NC_000962.3:3528674-3529180;NC_000962.3:3766610-3767119	157	3527948	3529180	170	3755950	3767119
NC_000962.3	3551212	3552584	-	NC_000962.3	3795057	3796426	1367	1372	0.9963556851311953	3795741.5	3551898.0	243843.5	1372	1369	Rv3184,Rv3185	Rv3380c,Rv3381c	1	1	False	False	False	True	99.63556851311954	243843.5	NC_000962.3:3551212-3552584	NC_000962.3:3795057-3796426	NC_000962.3:3551212-3552584;NC_000962.3:3795057-3796426	158	3551212	3552587	172	3795041	3796426
NC_000962.3	3551224	3552584	+	NC_000962.3	2972104	2973463	1359	1360	0.9992647058823529	2972783.5	3551904.0	579120.5	1360	1359	Rv3184,Rv3185	Rv2648,Rv2649	1	1	False	False	False	True	99.92647058823529	579120.5	NC_000962.3:3551224-3552584	NC_000962.3:2972104-2973463	NC_000962.3:3551224-3552584;NC_000962.3:2972104-2973463	158	3551212	3552587	127	2972104	2973463
NC_000962.3	3551226	3552587	+	NC_000962.3	2365410	2366771	1361	1361	1.0	2366090.5	3551906.5	1185816.0	1361	1361	Rv3184,Rv3185	Rv2105,Rv2106	1	1	False	False	False	True	100.0	1185816.0	NC_000962.3:3551226-3552587	NC_000962.3:2365410-2366771	NC_000962.3:3551226-3552587;NC_000962.3:2365410-2366771	158	3551212	3552587	103	2365403	2366771
NC_000962.3	3551229	3552584	+	NC_000962.3	889020	890375	1355	1355	1.0	889697.5	3551906.5	2662209.0	1355	1355	Rv3184,Rv3185	Rv0795,Rv0796	1	1	False	False	False	True	100.0	1749323.0	NC_000962.3:3551229-3552584	NC_000962.3:889020-890375	NC_000962.3:3551229-3552584;NC_000962.3:889020-890375	158	3551212	3552587	33	889019	891461
NC_000962.3	3551229	3552584	-	NC_000962.3	1541951	1543306	1355	1355	1.0	1542628.5	3551906.5	2009278.0	1355	1355	Rv3184,Rv3185	Rv1369c,Rv1370c	1	1	False	False	False	True	100.0	2009278.0	NC_000962.3:3551229-3552584	NC_000962.3:1541951-1543306	NC_000962.3:3551229-3552584;NC_000962.3:1541951-1543306	158	3551212	3552587	60	1541948	1543318
NC_000962.3	3551229	3552584	+	NC_000962.3	1996100	1997455	1355	1355	1.0	1996777.5	3551906.5	1555129.0	1355	1355	Rv3184,Rv3185	Rv1763,Rv1764,Rv1765c	1	1	False	False	False	True	100.0	1555129.0	NC_000962.3:3551229-3552584	NC_000962.3:1996100-1997455	NC_000962.3:3551229-3552584;NC_000962.3:1996100-1997455	158	3551212	3552587	83	1996098	1998612
NC_000962.3	3551229	3552584	+	NC_000962.3	2635576	2636931	1355	1355	1.0	2636253.5	3551906.5	915653.0	1355	1355	Rv3184,Rv3185	PPE39,Rv2354,Rv2355	1	1	False	False	False	True	100.0	915653.0	NC_000962.3:3551229-3552584	NC_000962.3:2635576-2636931	NC_000962.3:3551229-3552584;NC_000962.3:2635576-2636931	158	3551212	3552587	112	2634780	2637028
NC_000962.3	3551229	3552584	+	NC_000962.3	3552712	3554067	1355	1355	1.0	3553389.5	3551906.5	1483.0	1355	1355	Rv3184,Rv3185	Rv3186,Rv3187	1	1	False	False	False	True	100.0	1483.0	NC_000962.3:3551229-3552584	NC_000962.3:3552712-3554067	NC_000962.3:3551229-3552584;NC_000962.3:3552712-3554067	158	3551212	3552587	159	3552704	3554070
NC_000962.3	3551229	3552584	+	NC_000962.3	3710381	3711736	1355	1355	1.0	3711058.5	3551906.5	159152.0	1355	1355	Rv3184,Rv3185	Rv3325,Rv3326	1	1	False	False	False	True	100.0	159152.0	NC_000962.3:3551229-3552584	NC_000962.3:3710381-3711736	NC_000962.3:3551229-3552584;NC_000962.3:3710381-3711736	158	3551212	3552587	162	3710379	3712822
NC_000962.3	3551229	3552584	+	NC_000962.3	3890778	3892133	1355	1355	1.0	3891455.5	3551906.5	339549.0	1355	1355	Rv3184,Rv3185	Rv3474,Rv3475	1	1	False	False	False	True	100.0	339549.0	NC_000962.3:3551229-3552584	NC_000962.3:3890778-3892133	NC_000962.3:3551229-3552584;NC_000962.3:3890778-3892133	158	3551212	3552587	178	3890771	3892140
NC_000962.3	3551229	3552585	-	NC_000962.3	1987701	1989057	1356	1356	1.0	1988379.0	3551907.0	1563528.0	1356	1356	Rv3184,Rv3185	Rv1756c,Rv1757c,cut1	1	1	False	False	False	True	100.0	1563528.0	NC_000962.3:3551229-3552585	NC_000962.3:1987701-1989057	NC_000962.3:3551229-3552585;NC_000962.3:1987701-1989057	158	3551212	3552587	82	1987686	1989059
NC_000962.3	3551229	3552585	-	NC_000962.3	2430115	2431471	1356	1356	1.0	2430793.0	3551907.0	1121114.0	1356	1356	Rv3184,Rv3185	Rv2167c,Rv2168c	1	1	False	False	False	True	100.0	1121114.0	NC_000962.3:3551229-3552585	NC_000962.3:2430115-2431471	NC_000962.3:3551229-3552585;NC_000962.3:2430115-2431471	158	3551212	3552587	104	2430113	2431474
NC_000962.3	3551229	3552585	+	NC_000962.3	2550013	2551369	1356	1356	1.0	2550691.0	3551907.0	1001216.0	1356	1356	Rv3184,Rv3185	Rv2277c,Rv2278,Rv2279	1	1	False	False	False	True	100.0	1001216.0	NC_000962.3:3551229-3552585	NC_000962.3:2550013-2551369	NC_000962.3:3551229-3552585;NC_000962.3:2550013-2551369	158	3551212	3552587	110	2550005	2551370
NC_000962.3	3551229	3552585	-	NC_000962.3	2784613	2785969	1356	1356	1.0	2785291.0	3551907.0	766616.0	1356	1356	Rv3184,Rv3185	Rv2479c,Rv2480c	1	1	False	False	False	True	100.0	766616.0	NC_000962.3:3551229-3552585	NC_000962.3:2784613-2785969	NC_000962.3:3551229-3552585;NC_000962.3:2784613-2785969	158	3551212	3552587	118	2784600	2785977
NC_000962.3	3551229	3552585	-	NC_000962.3	3120522	3121878	1356	1356	1.0	3121200.0	3551907.0	430707.0	1356	1356	Rv3184,Rv3185	Rv2814c,Rv2815c	1	1	False	False	False	True	100.0	430707.0	NC_000962.3:3551229-3552585	NC_000962.3:3120522-3121878	NC_000962.3:3551229-3552585;NC_000962.3:3120522-3121878	158	3551212	3552587	137	3119183	3123577
NC_000962.3	3552704	3554067	+	NC_000962.3	3890771	3892133	1361	1363	0.9985326485693323	3891452.0	3553385.5	338066.5	1363	1362	Rv3186,Rv3187	Rv3474,Rv3475	1	1	False	False	False	True	99.85326485693324	338066.5	NC_000962.3:3552704-3554067	NC_000962.3:3890771-3892133	NC_000962.3:3552704-3554067;NC_000962.3:3890771-3892133	159	3552704	3554070	178	3890771	3892140
NC_000962.3	3552708	3554070	-	NC_000962.3	3795054	3796416	1362	1362	1.0	3795735.0	3553389.0	242346.0	1362	1362	Rv3186,Rv3187	Rv3380c,Rv3381c	1	1	False	False	False	True	100.0	242346.0	NC_000962.3:3552708-3554070	NC_000962.3:3795054-3796416	NC_000962.3:3552708-3554070;NC_000962.3:3795054-3796416	159	3552704	3554070	172	3795041	3796426
NC_000962.3	3552712	3554067	+	NC_000962.3	889020	890375	1355	1355	1.0	889697.5	3553389.5	2663692.0	1355	1355	Rv3186,Rv3187	Rv0795,Rv0796	1	1	False	False	False	True	100.0	1747840.0	NC_000962.3:3552712-3554067	NC_000962.3:889020-890375	NC_000962.3:3552712-3554067;NC_000962.3:889020-890375	159	3552704	3554070	33	889019	891461
NC_000962.3	3552712	3554067	-	NC_000962.3	1541951	1543306	1355	1355	1.0	1542628.5	3553389.5	2010761.0	1355	1355	Rv3186,Rv3187	Rv1369c,Rv1370c	1	1	False	False	False	True	100.0	2010761.0	NC_000962.3:3552712-3554067	NC_000962.3:1541951-1543306	NC_000962.3:3552712-3554067;NC_000962.3:1541951-1543306	159	3552704	3554070	60	1541948	1543318
NC_000962.3	3552712	3554067	-	NC_000962.3	1987702	1989057	1355	1355	1.0	1988379.5	3553389.5	1565010.0	1355	1355	Rv3186,Rv3187	Rv1756c,Rv1757c,cut1	1	1	False	False	False	True	100.0	1565010.0	NC_000962.3:3552712-3554067	NC_000962.3:1987702-1989057	NC_000962.3:3552712-3554067;NC_000962.3:1987702-1989057	159	3552704	3554070	82	1987686	1989059
NC_000962.3	3552712	3554067	+	NC_000962.3	1996100	1997455	1355	1355	1.0	1996777.5	3553389.5	1556612.0	1355	1355	Rv3186,Rv3187	Rv1763,Rv1764,Rv1765c	1	1	False	False	False	True	100.0	1556612.0	NC_000962.3:3552712-3554067	NC_000962.3:1996100-1997455	NC_000962.3:3552712-3554067;NC_000962.3:1996100-1997455	159	3552704	3554070	83	1996098	1998612
NC_000962.3	3552712	3554067	+	NC_000962.3	2365413	2366768	1355	1355	1.0	2366090.5	3553389.5	1187299.0	1355	1355	Rv3186,Rv3187	Rv2105,Rv2106	1	1	False	False	False	True	100.0	1187299.0	NC_000962.3:3552712-3554067	NC_000962.3:2365413-2366768	NC_000962.3:3552712-3554067;NC_000962.3:2365413-2366768	159	3552704	3554070	103	2365403	2366771
NC_000962.3	3552712	3554067	-	NC_000962.3	2430116	2431471	1355	1355	1.0	2430793.5	3553389.5	1122596.0	1355	1355	Rv3186,Rv3187	Rv2167c,Rv2168c	1	1	False	False	False	True	100.0	1122596.0	NC_000962.3:3552712-3554067	NC_000962.3:2430116-2431471	NC_000962.3:3552712-3554067;NC_000962.3:2430116-2431471	159	3552704	3554070	104	2430113	2431474
NC_000962.3	3552712	3554067	+	NC_000962.3	2550013	2551368	1355	1355	1.0	2550690.5	3553389.5	1002699.0	1355	1355	Rv3186,Rv3187	Rv2277c,Rv2278,Rv2279	1	1	False	False	False	True	100.0	1002699.0	NC_000962.3:3552712-3554067	NC_000962.3:2550013-2551368	NC_000962.3:3552712-3554067;NC_000962.3:2550013-2551368	159	3552704	3554070	110	2550005	2551370
NC_000962.3	3552712	3554067	-	NC_000962.3	2784614	2785969	1355	1355	1.0	2785291.5	3553389.5	768098.0	1355	1355	Rv3186,Rv3187	Rv2479c,Rv2480c	1	1	False	False	False	True	100.0	768098.0	NC_000962.3:3552712-3554067	NC_000962.3:2784614-2785969	NC_000962.3:3552712-3554067;NC_000962.3:2784614-2785969	159	3552704	3554070	118	2784600	2785977
NC_000962.3	3552712	3554067	+	NC_000962.3	2972108	2973463	1355	1355	1.0	2972785.5	3553389.5	580604.0	1355	1355	Rv3186,Rv3187	Rv2648,Rv2649	1	1	False	False	False	True	100.0	580604.0	NC_000962.3:3552712-3554067	NC_000962.3:2972108-2973463	NC_000962.3:3552712-3554067;NC_000962.3:2972108-2973463	159	3552704	3554070	127	2972104	2973463
NC_000962.3	3552712	3554067	-	NC_000962.3	3120523	3121878	1355	1355	1.0	3121200.5	3553389.5	432189.0	1355	1355	Rv3186,Rv3187	Rv2814c,Rv2815c	1	1	False	False	False	True	100.0	432189.0	NC_000962.3:3552712-3554067	NC_000962.3:3120523-3121878	NC_000962.3:3552712-3554067;NC_000962.3:3120523-3121878	159	3552704	3554070	137	3119183	3123577
NC_000962.3	3552712	3554067	+	NC_000962.3	3551229	3552584	1355	1355	1.0	3551906.5	3553389.5	1483.0	1355	1355	Rv3186,Rv3187	Rv3184,Rv3185	1	1	False	False	False	True	100.0	1483.0	NC_000962.3:3552712-3554067	NC_000962.3:3551229-3552584	NC_000962.3:3552712-3554067;NC_000962.3:3551229-3552584	159	3552704	3554070	158	3551212	3552587
NC_000962.3	3552712	3554067	+	NC_000962.3	3710381	3711736	1355	1355	1.0	3711058.5	3553389.5	157669.0	1355	1355	Rv3186,Rv3187	Rv3325,Rv3326	1	1	False	False	False	True	100.0	157669.0	NC_000962.3:3552712-3554067	NC_000962.3:3710381-3711736	NC_000962.3:3552712-3554067;NC_000962.3:3710381-3711736	159	3552704	3554070	162	3710379	3712822
NC_000962.3	3552712	3554068	+	NC_000962.3	2635576	2636932	1356	1356	1.0	2636254.0	3553390.0	917136.0	1356	1356	Rv3186,Rv3187	PPE39,Rv2354,Rv2355	1	1	False	False	False	True	100.0	917136.0	NC_000962.3:3552712-3554068	NC_000962.3:2635576-2636932	NC_000962.3:3552712-3554068;NC_000962.3:2635576-2636932	159	3552704	3554070	112	2634780	2637028
NC_000962.3	3594262	3594343	+	NC_000962.3	3594374	3594455	77	81	0.9506172839506173	3594414.5	3594302.5	112.0	81	81			0	0	False	False	False	True	95.06172839506173	112.0	NC_000962.3:3594262-3594343	NC_000962.3:3594374-3594455	NC_000962.3:3594262-3594343;NC_000962.3:3594374-3594455	160	3594262	3594343	161	3594374	3594455
NC_000962.3	3594374	3594455	+	NC_000962.3	3594262	3594343	77	81	0.9506172839506173	3594302.5	3594414.5	112.0	81	81			0	0	False	False	False	True	95.06172839506173	112.0	NC_000962.3:3594374-3594455	NC_000962.3:3594262-3594343	NC_000962.3:3594374-3594455;NC_000962.3:3594262-3594343	161	3594374	3594455	160	3594262	3594343
NC_000962.3	3710379	3711738	+	NC_000962.3	3890776	3892135	1359	1359	1.0	3891455.5	3711058.5	180397.0	1359	1359	Rv3325,Rv3326	Rv3474,Rv3475	1	1	False	False	False	True	100.0	180397.0	NC_000962.3:3710379-3711738	NC_000962.3:3890776-3892135	NC_000962.3:3710379-3711738;NC_000962.3:3890776-3892135	162	3710379	3712822	178	3890771	3892140
NC_000962.3	3710380	3711736	-	NC_000962.3	1987702	1989058	1356	1356	1.0	1988380.0	3711058.0	1722678.0	1356	1356	Rv3325,Rv3326	Rv1756c,Rv1757c,cut1	1	1	False	False	False	True	100.0	1722678.0	NC_000962.3:3710380-3711736	NC_000962.3:1987702-1989058	NC_000962.3:3710380-3711736;NC_000962.3:1987702-1989058	162	3710379	3712822	82	1987686	1989059
NC_000962.3	3710380	3711736	-	NC_000962.3	2430116	2431472	1356	1356	1.0	2430794.0	3711058.0	1280264.0	1356	1356	Rv3325,Rv3326	Rv2167c,Rv2168c	1	1	False	False	False	True	100.0	1280264.0	NC_000962.3:3710380-3711736	NC_000962.3:2430116-2431472	NC_000962.3:3710380-3711736;NC_000962.3:2430116-2431472	162	3710379	3712822	104	2430113	2431474
NC_000962.3	3710380	3711736	+	NC_000962.3	2635575	2636931	1356	1356	1.0	2636253.0	3711058.0	1074805.0	1356	1356	Rv3325,Rv3326	PPE39,Rv2354,Rv2355	1	1	False	False	False	True	100.0	1074805.0	NC_000962.3:3710380-3711736	NC_000962.3:2635575-2636931	NC_000962.3:3710380-3711736;NC_000962.3:2635575-2636931	162	3710379	3712822	112	2634780	2637028
NC_000962.3	3710380	3711736	-	NC_000962.3	3120523	3121879	1356	1356	1.0	3121201.0	3711058.0	589857.0	1356	1356	Rv3325,Rv3326	Rv2814c,Rv2815c	1	1	False	False	False	True	100.0	589857.0	NC_000962.3:3710380-3711736	NC_000962.3:3120523-3121879	NC_000962.3:3710380-3711736;NC_000962.3:3120523-3121879	162	3710379	3712822	137	3119183	3123577
NC_000962.3	3710380	3711737	-	NC_000962.3	1541950	1543307	1357	1357	1.0	1542628.5	3711058.5	2168430.0	1357	1357	Rv3325,Rv3326	Rv1369c,Rv1370c	1	1	False	False	False	True	100.0	2168430.0	NC_000962.3:3710380-3711737	NC_000962.3:1541950-1543307	NC_000962.3:3710380-3711737;NC_000962.3:1541950-1543307	162	3710379	3712822	60	1541948	1543318
NC_000962.3	3710380	3711737	+	NC_000962.3	1996099	1997456	1357	1357	1.0	1996777.5	3711058.5	1714281.0	1357	1357	Rv3325,Rv3326	Rv1763,Rv1764,Rv1765c	1	1	False	False	False	True	100.0	1714281.0	NC_000962.3:3710380-3711737	NC_000962.3:1996099-1997456	NC_000962.3:3710380-3711737;NC_000962.3:1996099-1997456	162	3710379	3712822	83	1996098	1998612
NC_000962.3	3710381	3711736	+	NC_000962.3	2365413	2366768	1355	1355	1.0	2366090.5	3711058.5	1344968.0	1355	1355	Rv3325,Rv3326	Rv2105,Rv2106	1	1	False	False	False	True	100.0	1344968.0	NC_000962.3:3710381-3711736	NC_000962.3:2365413-2366768	NC_000962.3:3710381-3711736;NC_000962.3:2365413-2366768	162	3710379	3712822	103	2365403	2366771
NC_000962.3	3710381	3711736	+	NC_000962.3	2550013	2551368	1355	1355	1.0	2550690.5	3711058.5	1160368.0	1355	1355	Rv3325,Rv3326	Rv2277c,Rv2278,Rv2279	1	1	False	False	False	True	100.0	1160368.0	NC_000962.3:3710381-3711736	NC_000962.3:2550013-2551368	NC_000962.3:3710381-3711736;NC_000962.3:2550013-2551368	162	3710379	3712822	110	2550005	2551370
NC_000962.3	3710381	3711736	-	NC_000962.3	2784614	2785969	1355	1355	1.0	2785291.5	3711058.5	925767.0	1355	1355	Rv3325,Rv3326	Rv2479c,Rv2480c	1	1	False	False	False	True	100.0	925767.0	NC_000962.3:3710381-3711736	NC_000962.3:2784614-2785969	NC_000962.3:3710381-3711736;NC_000962.3:2784614-2785969	162	3710379	3712822	118	2784600	2785977
NC_000962.3	3710381	3711736	+	NC_000962.3	2972108	2973463	1355	1355	1.0	2972785.5	3711058.5	738273.0	1355	1355	Rv3325,Rv3326	Rv2648,Rv2649	1	1	False	False	False	True	100.0	738273.0	NC_000962.3:3710381-3711736	NC_000962.3:2972108-2973463	NC_000962.3:3710381-3711736;NC_000962.3:2972108-2973463	162	3710379	3712822	127	2972104	2973463
NC_000962.3	3710381	3711736	+	NC_000962.3	3551229	3552584	1355	1355	1.0	3551906.5	3711058.5	159152.0	1355	1355	Rv3325,Rv3326	Rv3184,Rv3185	1	1	False	False	False	True	100.0	159152.0	NC_000962.3:3710381-3711736	NC_000962.3:3551229-3552584	NC_000962.3:3710381-3711736;NC_000962.3:3551229-3552584	162	3710379	3712822	158	3551212	3552587
NC_000962.3	3710381	3711736	+	NC_000962.3	3552712	3554067	1355	1355	1.0	3553389.5	3711058.5	157669.0	1355	1355	Rv3325,Rv3326	Rv3186,Rv3187	1	1	False	False	False	True	100.0	157669.0	NC_000962.3:3710381-3711736	NC_000962.3:3552712-3554067	NC_000962.3:3710381-3711736;NC_000962.3:3552712-3554067	162	3710379	3712822	159	3552704	3554070
NC_000962.3	3710381	3711736	-	NC_000962.3	3795057	3796412	1355	1355	1.0	3795734.5	3711058.5	84676.0	1355	1355	Rv3325,Rv3326	Rv3380c,Rv3381c	1	1	False	False	False	True	100.0	84676.0	NC_000962.3:3710381-3711736	NC_000962.3:3795057-3796412	NC_000962.3:3710381-3711736;NC_000962.3:3795057-3796412	162	3710379	3712822	172	3795041	3796426
NC_000962.3	3710381	3712822	+	NC_000962.3	889020	891461	2440	2441	0.9995903318312167	890240.5	3711601.5	2821361.0	2441	2441	Rv3325,Rv3326,Rv3327	Rv0795,Rv0796,Rv0797	1	1	False	False	False	True	99.95903318312168	1590171.0	NC_000962.3:3710381-3712822	NC_000962.3:889020-891461	NC_000962.3:3710381-3712822;NC_000962.3:889020-891461	162	3710379	3712822	33	889019	891461
NC_000962.3	3730350	3731064	+	NC_000962.3	3732078	3732792	704	714	0.9859943977591037	3732435.0	3730707.0	1728.0	714	714	PPE54	PPE54	0	0	False	True	False	False	98.59943977591037	1728.0	NC_000962.3:3730350-3731064	NC_000962.3:3732078-3732792	NC_000962.3:3730350-3731064;NC_000962.3:3732078-3732792	163	3730350	3731064	164	3732078	3732792
NC_000962.3	3730352	3731031	+	NC_000962.3	3735635	3736314	659	679	0.9705449189985272	3735974.5	3730691.5	5283.0	679	679	PPE54	PPE54	0	0	False	True	False	False	97.05449189985272	5283.0	NC_000962.3:3730352-3731031	NC_000962.3:3735635-3736314	NC_000962.3:3730352-3731031;NC_000962.3:3735635-3736314	163	3730350	3731064	165	3735635	3736314
NC_000962.3	3732078	3732792	+	NC_000962.3	3730350	3731064	704	714	0.9859943977591037	3730707.0	3732435.0	1728.0	714	714	PPE54	PPE54	0	0	False	True	False	False	98.59943977591037	1728.0	NC_000962.3:3732078-3732792	NC_000962.3:3730350-3731064	NC_000962.3:3732078-3732792;NC_000962.3:3730350-3731064	164	3732078	3732792	163	3730350	3731064
NC_000962.3	3735635	3736314	+	NC_000962.3	3730352	3731031	659	679	0.9705449189985272	3730691.5	3735974.5	5283.0	679	679	PPE54	PPE54	0	0	False	True	False	False	97.05449189985272	5283.0	NC_000962.3:3735635-3736314	NC_000962.3:3730352-3731031	NC_000962.3:3735635-3736314;NC_000962.3:3730352-3731031	165	3735635	3736314	163	3730350	3731064
NC_000962.3	3738002	3738776	+	NC_000962.3	1631389	1632123	555	824	0.6735436893203883	1631756.0	3738389.0	2106633.0	774	734	PE_PGRS49,PE_PGRS50	PE_PGRS27	0	0	False	True	False	False	67.35436893203884	2106633.0	NC_000962.3:3738002-3738776	NC_000962.3:1631389-1632123	NC_000962.3:3738002-3738776;NC_000962.3:1631389-1632123	166	3738002	3738776	62	1631389	1632123
NC_000962.3	3743243	3743501	+	NC_000962.3	3769559	3769853	251	294	0.8537414965986394	3769706.0	3743372.0	26334.0	258	294	Rv3346c	Rv3355c,folD	0	0	False	False	False	True	85.37414965986395	26334.0	NC_000962.3:3743243-3743501	NC_000962.3:3769559-3769853	NC_000962.3:3743243-3743501;NC_000962.3:3769559-3769853	167	3743243	3743501	171	3769559	3769853
NC_000962.3	3743709	3753178	+	NC_000962.3	3755950	3767096	7612	11427	0.6661415944692395	3761523.0	3748443.5	13079.5	9469	11146	PPE55	PPE56	0	0	False	True	False	False	66.61415944692395	13079.5	NC_000962.3:3743709-3753178	NC_000962.3:3755950-3767096	NC_000962.3:3743709-3753178;NC_000962.3:3755950-3767096	168	3743709	3753178	170	3755950	3767119
NC_000962.3	3744687	3747553	+	NC_000962.3	3762283	3765089	2156	2970	0.725925925925926	3763686.0	3746120.0	17566.0	2866	2806	PPE55	PPE56	0	0	False	True	False	False	72.5925925925926	17566.0	NC_000962.3:3744687-3747553	NC_000962.3:3762283-3765089	NC_000962.3:3744687-3747553;NC_000962.3:3762283-3765089	168	3743709	3753178	170	3755950	3767119
NC_000962.3	3744694	3745777	+	NC_000962.3	3764036	3765089	828	1092	0.7582417582417582	3764562.5	3745235.5	19327.0	1083	1053	PPE55	PPE56	0	0	False	True	False	False	75.82417582417582	19327.0	NC_000962.3:3744694-3745777	NC_000962.3:3764036-3765089	NC_000962.3:3744694-3745777;NC_000962.3:3764036-3765089	168	3743709	3753178	170	3755950	3767119
NC_000962.3	3744703	3745798	+	NC_000962.3	3750139	3751204	891	1099	0.8107370336669699	3750671.5	3745250.5	5421.0	1095	1065	PPE55	PPE55	0	0	False	True	False	False	81.07370336669699	5421.0	NC_000962.3:3744703-3745798	NC_000962.3:3750139-3751204	NC_000962.3:3744703-3745798;NC_000962.3:3750139-3751204	168	3743709	3753178	168	3743709	3753178
NC_000962.3	3744703	3745805	+	NC_000962.3	3746512	3747584	893	1120	0.7973214285714286	3747048.0	3745254.0	1794.0	1102	1072	PPE55	PPE55	0	0	False	True	False	False	79.73214285714286	1794.0	NC_000962.3:3744703-3745805	NC_000962.3:3746512-3747584	NC_000962.3:3744703-3745805;NC_000962.3:3746512-3747584	168	3743709	3753178	168	3743709	3753178
NC_000962.3	3746506	3747586	+	NC_000962.3	3762293	3763361	866	1087	0.796688132474701	3762827.0	3747046.0	15781.0	1080	1068	PPE55	PPE56	0	0	False	True	False	False	79.6688132474701	15781.0	NC_000962.3:3746506-3747586	NC_000962.3:3762293-3763361	NC_000962.3:3746506-3747586;NC_000962.3:3762293-3763361	168	3743709	3753178	170	3755950	3767119
NC_000962.3	3746506	3748890	+	NC_000962.3	3750133	3752472	1866	2468	0.7560777957860616	3751302.5	3747698.0	3604.5	2384	2339	PPE55	PPE55	0	0	False	True	False	False	75.60777957860616	3604.5	NC_000962.3:3746506-3748890	NC_000962.3:3750133-3752472	NC_000962.3:3746506-3748890;NC_000962.3:3750133-3752472	168	3743709	3753178	168	3743709	3753178
NC_000962.3	3746510	3747596	+	NC_000962.3	3756942	3758031	908	1097	0.8277119416590701	3757486.5	3747053.0	10433.5	1086	1089	PPE55	PPE56	0	0	False	True	False	False	82.77119416590702	10433.5	NC_000962.3:3746510-3747596	NC_000962.3:3756942-3758031	NC_000962.3:3746510-3747596;NC_000962.3:3756942-3758031	168	3743709	3753178	170	3755950	3767119
NC_000962.3	3746512	3747584	+	NC_000962.3	3744703	3745805	893	1120	0.7973214285714286	3745254.0	3747048.0	1794.0	1072	1102	PPE55	PPE55	0	0	False	True	False	False	79.73214285714286	1794.0	NC_000962.3:3746512-3747584	NC_000962.3:3744703-3745805	NC_000962.3:3746512-3747584;NC_000962.3:3744703-3745805	168	3743709	3753178	168	3743709	3753178
NC_000962.3	3746539	3747233	+	NC_000962.3	3748321	3749015	595	697	0.8536585365853658	3748668.0	3746886.0	1782.0	694	694	PPE55	PPE55	0	0	False	True	False	False	85.36585365853658	1782.0	NC_000962.3:3746539-3747233	NC_000962.3:3748321-3749015	NC_000962.3:3746539-3747233;NC_000962.3:3748321-3749015	168	3743709	3753178	168	3743709	3753178
NC_000962.3	3748268	3748972	+	NC_000962.3	3758679	3759386	577	709	0.8138222849083215	3759032.5	3748620.0	10412.5	704	707	PPE55	PPE56	0	0	False	True	False	False	81.38222849083215	10412.5	NC_000962.3:3748268-3748972	NC_000962.3:3758679-3759386	NC_000962.3:3748268-3748972;NC_000962.3:3758679-3759386	168	3743709	3753178	170	3755950	3767119
NC_000962.3	3748321	3749015	+	NC_000962.3	3746539	3747233	595	697	0.8536585365853658	3746886.0	3748668.0	1782.0	694	694	PPE55	PPE55	0	0	False	True	False	False	85.36585365853658	1782.0	NC_000962.3:3748321-3749015	NC_000962.3:3746539-3747233	NC_000962.3:3748321-3749015;NC_000962.3:3746539-3747233	168	3743709	3753178	168	3743709	3753178
NC_000962.3	3748321	3749045	+	NC_000962.3	3744730	3745463	595	734	0.8106267029972752	3745096.5	3748683.0	3586.5	724	733	PPE55	PPE55	0	0	False	True	False	False	81.06267029972753	3586.5	NC_000962.3:3748321-3749045	NC_000962.3:3744730-3745463	NC_000962.3:3748321-3749045;NC_000962.3:3744730-3745463	168	3743709	3753178	168	3743709	3753178
NC_000962.3	3750133	3752472	+	NC_000962.3	3746506	3748890	1866	2468	0.7560777957860616	3747698.0	3751302.5	3604.5	2339	2384	PPE55	PPE55	0	0	False	True	False	False	75.60777957860616	3604.5	NC_000962.3:3750133-3752472	NC_000962.3:3746506-3748890	NC_000962.3:3750133-3752472;NC_000962.3:3746506-3748890	168	3743709	3753178	168	3743709	3753178
NC_000962.3	3750136	3751204	+	NC_000962.3	3756941	3758009	881	1077	0.8180129990714949	3757475.0	3750670.0	6805.0	1068	1068	PPE55	PPE56	0	0	False	True	False	False	81.8012999071495	6805.0	NC_000962.3:3750136-3751204	NC_000962.3:3756941-3758009	NC_000962.3:3750136-3751204;NC_000962.3:3756941-3758009	168	3743709	3753178	170	3755950	3767119
NC_000962.3	3750139	3751204	+	NC_000962.3	3744703	3745798	891	1099	0.8107370336669699	3745250.5	3750671.5	5421.0	1065	1095	PPE55	PPE55	0	0	False	True	False	False	81.07370336669699	5421.0	NC_000962.3:3750139-3751204	NC_000962.3:3744703-3745798	NC_000962.3:3750139-3751204;NC_000962.3:3744703-3745798	168	3743709	3753178	168	3743709	3753178
NC_000962.3	3753330	3754361	+	NC_000962.3	4318340	4319371	1031	1031	1.0	4318855.5	3753845.5	565010.0	1031	1031	Rv3348,Rv3349c	Rv3844,Rv3845	1	1	False	False	False	True	100.0	565010.0	NC_000962.3:3753330-3754361	NC_000962.3:4318340-4319371	NC_000962.3:3753330-3754361;NC_000962.3:4318340-4319371	169	3753330	3754361	194	4318340	4319371
NC_000962.3	3755950	3767096	+	NC_000962.3	3743709	3753178	7608	11422	0.6660829977236912	3748443.5	3761523.0	13079.5	11146	9469	PPE56	PPE55	0	0	False	True	False	False	66.60829977236912	13079.5	NC_000962.3:3755950-3767096	NC_000962.3:3743709-3753178	NC_000962.3:3755950-3767096;NC_000962.3:3743709-3753178	170	3755950	3767119	168	3743709	3753178
NC_000962.3	3756932	3757625	+	NC_000962.3	3760475	3761168	578	698	0.828080229226361	3760821.5	3757278.5	3543.0	693	693	PPE56	PPE56	0	0	False	True	False	False	82.8080229226361	3543.0	NC_000962.3:3756932-3757625	NC_000962.3:3760475-3761168	NC_000962.3:3756932-3757625;NC_000962.3:3760475-3761168	170	3755950	3767119	170	3755950	3767119
NC_000962.3	3756932	3757657	+	NC_000962.3	3748282	3749034	611	758	0.8060686015831134	3748658.0	3757294.5	8636.5	725	752	PPE56	PPE55	0	0	False	True	False	False	80.60686015831135	8636.5	NC_000962.3:3756932-3757657	NC_000962.3:3748282-3749034	NC_000962.3:3756932-3757657;NC_000962.3:3748282-3749034	170	3755950	3767119	168	3743709	3753178
NC_000962.3	3756941	3758009	+	NC_000962.3	3750136	3751204	881	1077	0.8180129990714949	3750670.0	3757475.0	6805.0	1068	1068	PPE56	PPE55	0	0	False	True	False	False	81.8012999071495	6805.0	NC_000962.3:3756941-3758009	NC_000962.3:3750136-3751204	NC_000962.3:3756941-3758009;NC_000962.3:3750136-3751204	170	3755950	3767119	168	3743709	3753178
NC_000962.3	3756941	3759769	+	NC_000962.3	3762296	3765109	2213	2913	0.7596979059388946	3763702.5	3758355.0	5347.5	2828	2813	PPE56	PPE56	0	0	False	True	False	False	75.96979059388946	5347.5	NC_000962.3:3756941-3759769	NC_000962.3:3762296-3765109	NC_000962.3:3756941-3759769;NC_000962.3:3762296-3765109	170	3755950	3767119	170	3755950	3767119
NC_000962.3	3756942	3758031	+	NC_000962.3	3746510	3747596	908	1097	0.8277119416590701	3747053.0	3757486.5	10433.5	1089	1086	PPE56	PPE55	0	0	False	True	False	False	82.77119416590702	10433.5	NC_000962.3:3756942-3758031	NC_000962.3:3746510-3747596	NC_000962.3:3756942-3758031;NC_000962.3:3746510-3747596	170	3755950	3767119	168	3743709	3753178
NC_000962.3	3758679	3759386	+	NC_000962.3	3748268	3748972	577	709	0.8138222849083215	3748620.0	3759032.5	10412.5	707	704	PPE56	PPE55	0	0	False	True	False	False	81.38222849083215	10412.5	NC_000962.3:3758679-3759386	NC_000962.3:3748268-3748972	NC_000962.3:3758679-3759386;NC_000962.3:3748268-3748972	170	3755950	3767119	168	3743709	3753178
NC_000962.3	3758693	3759769	+	NC_000962.3	3750127	3751203	884	1079	0.8192771084337349	3750665.0	3759231.0	8566.0	1076	1076	PPE56	PPE55	0	0	False	True	False	False	81.92771084337349	8566.0	NC_000962.3:3758693-3759769	NC_000962.3:3750127-3751203	NC_000962.3:3758693-3759769;NC_000962.3:3750127-3751203	170	3755950	3767119	168	3743709	3753178
NC_000962.3	3760475	3761168	+	NC_000962.3	3756932	3757625	578	698	0.828080229226361	3757278.5	3760821.5	3543.0	693	693	PPE56	PPE56	0	0	False	True	False	False	82.8080229226361	3543.0	NC_000962.3:3760475-3761168	NC_000962.3:3756932-3757625	NC_000962.3:3760475-3761168;NC_000962.3:3756932-3757625	170	3755950	3767119	170	3755950	3767119
NC_000962.3	3762283	3765089	+	NC_000962.3	3744687	3747553	2156	2971	0.7256815886906766	3746120.0	3763686.0	17566.0	2806	2866	PPE56	PPE55	0	0	False	True	False	False	72.56815886906766	17566.0	NC_000962.3:3762283-3765089	NC_000962.3:3744687-3747553	NC_000962.3:3762283-3765089;NC_000962.3:3744687-3747553	170	3755950	3767119	168	3743709	3753178
NC_000962.3	3762293	3763361	+	NC_000962.3	3746506	3747586	866	1087	0.796688132474701	3747046.0	3762827.0	15781.0	1068	1080	PPE56	PPE55	0	0	False	True	False	False	79.6688132474701	15781.0	NC_000962.3:3762293-3763361	NC_000962.3:3746506-3747586	NC_000962.3:3762293-3763361;NC_000962.3:3746506-3747586	170	3755950	3767119	168	3743709	3753178
NC_000962.3	3762296	3765109	+	NC_000962.3	3756941	3759769	2213	2912	0.7599587912087912	3758355.0	3763702.5	5347.5	2813	2828	PPE56	PPE56	0	0	False	True	False	False	75.99587912087912	5347.5	NC_000962.3:3762296-3765109	NC_000962.3:3756941-3759769	NC_000962.3:3762296-3765109;NC_000962.3:3756941-3759769	170	3755950	3767119	170	3755950	3767119
NC_000962.3	3764036	3765089	+	NC_000962.3	3744694	3745777	828	1092	0.7582417582417582	3745235.5	3764562.5	19327.0	1053	1083	PPE56	PPE55	0	0	False	True	False	False	75.82417582417582	19327.0	NC_000962.3:3764036-3765089	NC_000962.3:3744694-3745777	NC_000962.3:3764036-3765089;NC_000962.3:3744694-3745777	170	3755950	3767119	168	3743709	3753178
NC_000962.3	3766610	3767119	+	NC_000962.3	3528674	3529180	411	525	0.7828571428571428	3528927.0	3766864.5	237937.5	509	506	PPE56	PPE53	0	0	False	True	False	False	78.28571428571428	237937.5	NC_000962.3:3766610-3767119	NC_000962.3:3528674-3529180	NC_000962.3:3766610-3767119;NC_000962.3:3528674-3529180	170	3755950	3767119	157	3527948	3529180
NC_000962.3	3769559	3769853	+	NC_000962.3	3743243	3743501	251	294	0.8537414965986394	3743372.0	3769706.0	26334.0	294	258	Rv3355c,folD	Rv3346c	0	0	False	False	False	True	85.37414965986395	26334.0	NC_000962.3:3769559-3769853	NC_000962.3:3743243-3743501	NC_000962.3:3769559-3769853;NC_000962.3:3743243-3743501	171	3769559	3769853	167	3743243	3743501
NC_000962.3	3795041	3796412	+	NC_000962.3	1987686	1989057	1368	1373	0.9963583394027676	1988371.5	3795726.5	1807355.0	1371	1371	Rv3380c,Rv3381c	plcD,Rv1756c,Rv1757c,cut1	1	1	False	False	False	True	99.63583394027677	1807355.0	NC_000962.3:3795041-3796412	NC_000962.3:1987686-1989057	NC_000962.3:3795041-3796412;NC_000962.3:1987686-1989057	172	3795041	3796426	82	1987686	1989059
NC_000962.3	3795043	3796412	+	NC_000962.3	2784600	2785969	1365	1369	0.9970781592403214	2785284.5	3795727.5	1010443.0	1369	1369	Rv3380c,Rv3381c	Rv2478c,Rv2479c,Rv2480c	1	1	False	False	False	True	99.70781592403213	1010443.0	NC_000962.3:3795043-3796412	NC_000962.3:2784600-2785969	NC_000962.3:3795043-3796412;NC_000962.3:2784600-2785969	172	3795041	3796426	118	2784600	2785977
NC_000962.3	3795054	3796416	-	NC_000962.3	3552708	3554070	1362	1362	1.0	3553389.0	3795735.0	242346.0	1362	1362	Rv3380c,Rv3381c	Rv3186,Rv3187	1	1	False	False	False	True	100.0	242346.0	NC_000962.3:3795054-3796416	NC_000962.3:3552708-3554070	NC_000962.3:3795054-3796416;NC_000962.3:3552708-3554070	172	3795041	3796426	159	3552704	3554070
NC_000962.3	3795056	3796412	-	NC_000962.3	2635576	2636932	1356	1356	1.0	2636254.0	3795734.0	1159480.0	1356	1356	Rv3380c,Rv3381c	PPE39,Rv2354,Rv2355	1	1	False	False	False	True	100.0	1159480.0	NC_000962.3:3795056-3796412	NC_000962.3:2635576-2636932	NC_000962.3:3795056-3796412;NC_000962.3:2635576-2636932	172	3795041	3796426	112	2634780	2637028
NC_000962.3	3795057	3796412	-	NC_000962.3	889020	890375	1355	1355	1.0	889697.5	3795734.5	2906037.0	1355	1355	Rv3380c,Rv3381c	Rv0795,Rv0796	1	1	False	False	False	True	100.0	1505495.0	NC_000962.3:3795057-3796412	NC_000962.3:889020-890375	NC_000962.3:3795057-3796412;NC_000962.3:889020-890375	172	3795041	3796426	33	889019	891461
NC_000962.3	3795057	3796412	+	NC_000962.3	1541951	1543306	1355	1355	1.0	1542628.5	3795734.5	2253106.0	1355	1355	Rv3380c,Rv3381c	Rv1369c,Rv1370c	1	1	False	False	False	True	100.0	2158426.0	NC_000962.3:3795057-3796412	NC_000962.3:1541951-1543306	NC_000962.3:3795057-3796412;NC_000962.3:1541951-1543306	172	3795041	3796426	60	1541948	1543318
NC_000962.3	3795057	3796412	-	NC_000962.3	1996100	1997455	1355	1355	1.0	1996777.5	3795734.5	1798957.0	1355	1355	Rv3380c,Rv3381c	Rv1763,Rv1764,Rv1765c	1	1	False	False	False	True	100.0	1798957.0	NC_000962.3:3795057-3796412	NC_000962.3:1996100-1997455	NC_000962.3:3795057-3796412;NC_000962.3:1996100-1997455	172	3795041	3796426	83	1996098	1998612
NC_000962.3	3795057	3796412	-	NC_000962.3	2365413	2366768	1355	1355	1.0	2366090.5	3795734.5	1429644.0	1355	1355	Rv3380c,Rv3381c	Rv2105,Rv2106	1	1	False	False	False	True	100.0	1429644.0	NC_000962.3:3795057-3796412	NC_000962.3:2365413-2366768	NC_000962.3:3795057-3796412;NC_000962.3:2365413-2366768	172	3795041	3796426	103	2365403	2366771
NC_000962.3	3795057	3796412	+	NC_000962.3	2430116	2431471	1355	1355	1.0	2430793.5	3795734.5	1364941.0	1355	1355	Rv3380c,Rv3381c	Rv2167c,Rv2168c	1	1	False	False	False	True	100.0	1364941.0	NC_000962.3:3795057-3796412	NC_000962.3:2430116-2431471	NC_000962.3:3795057-3796412;NC_000962.3:2430116-2431471	172	3795041	3796426	104	2430113	2431474
NC_000962.3	3795057	3796412	-	NC_000962.3	2550013	2551368	1355	1355	1.0	2550690.5	3795734.5	1245044.0	1355	1355	Rv3380c,Rv3381c	Rv2277c,Rv2278,Rv2279	1	1	False	False	False	True	100.0	1245044.0	NC_000962.3:3795057-3796412	NC_000962.3:2550013-2551368	NC_000962.3:3795057-3796412;NC_000962.3:2550013-2551368	172	3795041	3796426	110	2550005	2551370
NC_000962.3	3795057	3796412	-	NC_000962.3	2972108	2973463	1355	1355	1.0	2972785.5	3795734.5	822949.0	1355	1355	Rv3380c,Rv3381c	Rv2648,Rv2649	1	1	False	False	False	True	100.0	822949.0	NC_000962.3:3795057-3796412	NC_000962.3:2972108-2973463	NC_000962.3:3795057-3796412;NC_000962.3:2972108-2973463	172	3795041	3796426	127	2972104	2973463
NC_000962.3	3795057	3796412	+	NC_000962.3	3120523	3121878	1355	1355	1.0	3121200.5	3795734.5	674534.0	1355	1355	Rv3380c,Rv3381c	Rv2814c,Rv2815c	1	1	False	False	False	True	100.0	674534.0	NC_000962.3:3795057-3796412	NC_000962.3:3120523-3121878	NC_000962.3:3795057-3796412;NC_000962.3:3120523-3121878	172	3795041	3796426	137	3119183	3123577
NC_000962.3	3795057	3796412	-	NC_000962.3	3710381	3711736	1355	1355	1.0	3711058.5	3795734.5	84676.0	1355	1355	Rv3380c,Rv3381c	Rv3325,Rv3326	1	1	False	False	False	True	100.0	84676.0	NC_000962.3:3795057-3796412	NC_000962.3:3710381-3711736	NC_000962.3:3795057-3796412;NC_000962.3:3710381-3711736	172	3795041	3796426	162	3710379	3712822
NC_000962.3	3795057	3796412	-	NC_000962.3	3890778	3892133	1355	1355	1.0	3891455.5	3795734.5	95721.0	1355	1355	Rv3380c,Rv3381c	Rv3474,Rv3475	1	1	False	False	False	True	100.0	95721.0	NC_000962.3:3795057-3796412	NC_000962.3:3890778-3892133	NC_000962.3:3795057-3796412;NC_000962.3:3890778-3892133	172	3795041	3796426	178	3890771	3892140
NC_000962.3	3795057	3796426	-	NC_000962.3	3551212	3552584	1367	1372	0.9963556851311953	3551898.0	3795741.5	243843.5	1369	1372	Rv3380c,Rv3381c	Rv3184,Rv3185	1	1	False	False	False	True	99.63556851311954	243843.5	NC_000962.3:3795057-3796426	NC_000962.3:3551212-3552584	NC_000962.3:3795057-3796426;NC_000962.3:3551212-3552584	172	3795041	3796426	158	3551212	3552587
NC_000962.3	3802143	3802720	+	NC_000962.3	839696	840277	431	646	0.6671826625386997	839986.5	3802431.5	2962445.0	577	581	PE_PGRS52	PE_PGRS10	0	0	False	True	False	False	66.71826625386997	1449087.0	NC_000962.3:3802143-3802720	NC_000962.3:839696-840277	NC_000962.3:3802143-3802720;NC_000962.3:839696-840277	173	3802143	3802720	31	838485	841665
NC_000962.3	3841532	3842788	+	NC_000962.3	3846460	3847720	1141	1264	0.9026898734177216	3847090.0	3842160.0	4930.0	1256	1260	Rv3424c,PPE57	PPE59,Rv3430c	0	1	False	True	False	False	90.26898734177216	4930.0	NC_000962.3:3841532-3842788	NC_000962.3:3846460-3847720	NC_000962.3:3841532-3842788;NC_000962.3:3846460-3847720	174	3841532	3842904	176	3846460	3847892
NC_000962.3	3842148	3842904	+	NC_000962.3	3842946	3843702	654	758	0.862796833773087	3843324.0	3842526.0	798.0	756	756	PPE57	PPE58	0	0	False	True	False	False	86.2796833773087	798.0	NC_000962.3:3842148-3842904	NC_000962.3:3842946-3843702	NC_000962.3:3842148-3842904;NC_000962.3:3842946-3843702	174	3841532	3842904	175	3842946	3843702
NC_000962.3	3842946	3843702	+	NC_000962.3	3842148	3842904	654	758	0.862796833773087	3842526.0	3843324.0	798.0	756	756	PPE58	PPE57	0	0	False	True	False	False	86.2796833773087	798.0	NC_000962.3:3842946-3843702	NC_000962.3:3842148-3842904	NC_000962.3:3842946-3843702;NC_000962.3:3842148-3842904	175	3842946	3843702	174	3841532	3842904
NC_000962.3	3846460	3847720	+	NC_000962.3	3841532	3842788	1141	1264	0.9026898734177216	3842160.0	3847090.0	4930.0	1260	1256	PPE59,Rv3430c	Rv3424c,PPE57	1	0	False	True	False	False	90.26898734177216	4930.0	NC_000962.3:3846460-3847720	NC_000962.3:3841532-3842788	NC_000962.3:3846460-3847720;NC_000962.3:3841532-3842788	176	3846460	3847892	174	3841532	3842904
NC_000962.3	3847716	3847892	-	NC_000962.3	1946848	1947023	172	176	0.9772727272727273	1946935.5	3847804.0	1900868.5	176	175	Rv3430c		1	0	False	False	False	True	97.72727272727273	1900868.5	NC_000962.3:3847716-3847892	NC_000962.3:1946848-1947023	NC_000962.3:3847716-3847892;NC_000962.3:1946848-1947023	176	3846460	3847892	80	1946848	1947023
NC_000962.3	3883535	3884847	-	NC_000962.3	1788513	1789825	1308	1314	0.9954337899543378	1789169.0	3884191.0	2095022.0	1312	1312	Rv3466,Rv3467	Rv1587c,Rv1588c	0	0	False	False	True	False	99.54337899543378	2095022.0	NC_000962.3:3883535-3884847	NC_000962.3:1788513-1789825	NC_000962.3:3883535-3884847;NC_000962.3:1788513-1789825	177	3883535	3884921	73	1788513	1789865
NC_000962.3	3883535	3884921	-	NC_000962.3	103705	105090	1346	1390	0.9683453237410072	104397.5	3884228.0	3779830.5	1386	1385	Rv3466,Rv3467	Rv0094c,Rv0095c	0	0	False	False	True	False	96.83453237410072	631701.5	NC_000962.3:3883535-3884921	NC_000962.3:103705-105090	NC_000962.3:3883535-3884921;NC_000962.3:103705-105090	177	3883535	3884921	2	103705	105130
NC_000962.3	3890771	3892133	+	NC_000962.3	3552704	3554067	1361	1363	0.9985326485693323	3553385.5	3891452.0	338066.5	1362	1363	Rv3474,Rv3475	Rv3186,Rv3187	1	1	False	False	False	True	99.85326485693324	338066.5	NC_000962.3:3890771-3892133	NC_000962.3:3552704-3554067	NC_000962.3:3890771-3892133;NC_000962.3:3552704-3554067	178	3890771	3892140	159	3552704	3554070
NC_000962.3	3890776	3892135	+	NC_000962.3	3710379	3711738	1359	1359	1.0	3711058.5	3891455.5	180397.0	1359	1359	Rv3474,Rv3475	Rv3325,Rv3326	1	1	False	False	False	True	100.0	180397.0	NC_000962.3:3890776-3892135	NC_000962.3:3710379-3711738	NC_000962.3:3890776-3892135;NC_000962.3:3710379-3711738	178	3890771	3892140	162	3710379	3712822
NC_000962.3	3890777	3892133	-	NC_000962.3	1987702	1989058	1356	1356	1.0	1988380.0	3891455.0	1903075.0	1356	1356	Rv3474,Rv3475	Rv1756c,Rv1757c,cut1	1	1	False	False	False	True	100.0	1903075.0	NC_000962.3:3890777-3892133	NC_000962.3:1987702-1989058	NC_000962.3:3890777-3892133;NC_000962.3:1987702-1989058	178	3890771	3892140	82	1987686	1989059
NC_000962.3	3890777	3892133	-	NC_000962.3	2430116	2431472	1356	1356	1.0	2430794.0	3891455.0	1460661.0	1356	1356	Rv3474,Rv3475	Rv2167c,Rv2168c	1	1	False	False	False	True	100.0	1460661.0	NC_000962.3:3890777-3892133	NC_000962.3:2430116-2431472	NC_000962.3:3890777-3892133;NC_000962.3:2430116-2431472	178	3890771	3892140	104	2430113	2431474
NC_000962.3	3890777	3892133	-	NC_000962.3	3120523	3121879	1356	1356	1.0	3121201.0	3891455.0	770254.0	1356	1356	Rv3474,Rv3475	Rv2814c,Rv2815c	1	1	False	False	False	True	100.0	770254.0	NC_000962.3:3890777-3892133	NC_000962.3:3120523-3121879	NC_000962.3:3890777-3892133;NC_000962.3:3120523-3121879	178	3890771	3892140	137	3119183	3123577
NC_000962.3	3890777	3892134	-	NC_000962.3	1541950	1543307	1357	1357	1.0	1542628.5	3891455.5	2348827.0	1357	1357	Rv3474,Rv3475	Rv1369c,Rv1370c	1	1	False	False	False	True	100.0	2062705.0	NC_000962.3:3890777-3892134	NC_000962.3:1541950-1543307	NC_000962.3:3890777-3892134;NC_000962.3:1541950-1543307	178	3890771	3892140	60	1541948	1543318
NC_000962.3	3890777	3892134	+	NC_000962.3	1996099	1997456	1357	1357	1.0	1996777.5	3891455.5	1894678.0	1357	1357	Rv3474,Rv3475	Rv1763,Rv1764,Rv1765c	1	1	False	False	False	True	100.0	1894678.0	NC_000962.3:3890777-3892134	NC_000962.3:1996099-1997456	NC_000962.3:3890777-3892134;NC_000962.3:1996099-1997456	178	3890771	3892140	83	1996098	1998612
NC_000962.3	3890777	3892140	+	NC_000962.3	2635575	2636937	1362	1363	0.9992663242846662	2636256.0	3891458.5	1255202.5	1363	1362	Rv3474,Rv3475	PPE39,Rv2354,Rv2355	1	1	False	False	False	True	99.92663242846662	1255202.5	NC_000962.3:3890777-3892140	NC_000962.3:2635575-2636937	NC_000962.3:3890777-3892140;NC_000962.3:2635575-2636937	178	3890771	3892140	112	2634780	2637028
NC_000962.3	3890778	3892133	+	NC_000962.3	2365413	2366768	1355	1355	1.0	2366090.5	3891455.5	1525365.0	1355	1355	Rv3474,Rv3475	Rv2105,Rv2106	1	1	False	False	False	True	100.0	1525365.0	NC_000962.3:3890778-3892133	NC_000962.3:2365413-2366768	NC_000962.3:3890778-3892133;NC_000962.3:2365413-2366768	178	3890771	3892140	103	2365403	2366771
NC_000962.3	3890778	3892133	+	NC_000962.3	2550013	2551368	1355	1355	1.0	2550690.5	3891455.5	1340765.0	1355	1355	Rv3474,Rv3475	Rv2277c,Rv2278,Rv2279	1	1	False	False	False	True	100.0	1340765.0	NC_000962.3:3890778-3892133	NC_000962.3:2550013-2551368	NC_000962.3:3890778-3892133;NC_000962.3:2550013-2551368	178	3890771	3892140	110	2550005	2551370
NC_000962.3	3890778	3892133	-	NC_000962.3	2784614	2785969	1355	1355	1.0	2785291.5	3891455.5	1106164.0	1355	1355	Rv3474,Rv3475	Rv2479c,Rv2480c	1	1	False	False	False	True	100.0	1106164.0	NC_000962.3:3890778-3892133	NC_000962.3:2784614-2785969	NC_000962.3:3890778-3892133;NC_000962.3:2784614-2785969	178	3890771	3892140	118	2784600	2785977
NC_000962.3	3890778	3892133	+	NC_000962.3	2972108	2973463	1355	1355	1.0	2972785.5	3891455.5	918670.0	1355	1355	Rv3474,Rv3475	Rv2648,Rv2649	1	1	False	False	False	True	100.0	918670.0	NC_000962.3:3890778-3892133	NC_000962.3:2972108-2973463	NC_000962.3:3890778-3892133;NC_000962.3:2972108-2973463	178	3890771	3892140	127	2972104	2973463
NC_000962.3	3890778	3892133	+	NC_000962.3	3551229	3552584	1355	1355	1.0	3551906.5	3891455.5	339549.0	1355	1355	Rv3474,Rv3475	Rv3184,Rv3185	1	1	False	False	False	True	100.0	339549.0	NC_000962.3:3890778-3892133	NC_000962.3:3551229-3552584	NC_000962.3:3890778-3892133;NC_000962.3:3551229-3552584	178	3890771	3892140	158	3551212	3552587
NC_000962.3	3890778	3892133	-	NC_000962.3	3795057	3796412	1355	1355	1.0	3795734.5	3891455.5	95721.0	1355	1355	Rv3474,Rv3475	Rv3380c,Rv3381c	1	1	False	False	False	True	100.0	95721.0	NC_000962.3:3890778-3892133	NC_000962.3:3795057-3796412	NC_000962.3:3890778-3892133;NC_000962.3:3795057-3796412	178	3890771	3892140	172	3795041	3796426
NC_000962.3	3890778	3892135	+	NC_000962.3	889020	890377	1357	1357	1.0	889698.5	3891456.5	3001758.0	1357	1357	Rv3474,Rv3475	Rv0795,Rv0796	1	1	False	False	False	True	100.0	1409774.0	NC_000962.3:3890778-3892135	NC_000962.3:889020-890377	NC_000962.3:3890778-3892135;NC_000962.3:889020-890377	178	3890771	3892140	33	889019	891461
NC_000962.3	3894016	3895519	+	NC_000962.3	1338923	1340433	1303	1541	0.845554834523037	1339678.0	3894767.5	2555089.5	1503	1510	PE31,PPE60	PE13,PPE18	0	0	False	True	False	False	84.5554834523037	1856442.5	NC_000962.3:3894016-3895519	NC_000962.3:1338923-1340433	NC_000962.3:3894016-3895519;NC_000962.3:1338923-1340433	179	3894016	3895588	52	1338923	1340433
NC_000962.3	3894405	3895588	-	NC_000962.3	1532461	1533653	1099	1196	0.9188963210702341	1533057.0	3894996.5	2361939.5	1183	1192	PPE60	PPE19	0	0	False	True	False	False	91.88963210702342	2049592.5	NC_000962.3:3894405-3895588	NC_000962.3:1532461-1533653	NC_000962.3:3894405-3895588;NC_000962.3:1532461-1533653	179	3894016	3895588	59	1532461	1533653
NC_000962.3	3930988	3935266	+	NC_000962.3	3945777	3950073	3531	4490	0.7864142538975502	3947925.0	3933127.0	14798.0	4278	4296	PE_PGRS54	PE_PGRS57	0	0	False	True	False	False	78.64142538975501	14798.0	NC_000962.3:3930988-3935266	NC_000962.3:3945777-3950073	NC_000962.3:3930988-3935266;NC_000962.3:3945777-3950073	180	3930988	3936438	182	3945777	3951329
NC_000962.3	3932420	3933969	+	NC_000962.3	3934919	3936438	1136	1660	0.6843373493975904	3935678.5	3933194.5	2484.0	1549	1519	PE_PGRS54	PE_PGRS54	0	0	False	True	False	False	68.43373493975903	2484.0	NC_000962.3:3932420-3933969	NC_000962.3:3934919-3936438	NC_000962.3:3932420-3933969;NC_000962.3:3934919-3936438	180	3930988	3936438	180	3930988	3936438
NC_000962.3	3933272	3934572	+	NC_000962.3	3935096	3936438	1009	1395	0.7232974910394265	3935767.0	3933922.0	1845.0	1300	1342	PE_PGRS54	PE_PGRS54	0	0	False	True	False	False	72.32974910394265	1845.0	NC_000962.3:3933272-3934572	NC_000962.3:3935096-3936438	NC_000962.3:3933272-3934572;NC_000962.3:3935096-3936438	180	3930988	3936438	180	3930988	3936438
NC_000962.3	3934919	3936438	+	NC_000962.3	3932420	3933969	1136	1661	0.6839253461770018	3933194.5	3935678.5	2484.0	1519	1549	PE_PGRS54	PE_PGRS54	0	0	False	True	False	False	68.39253461770018	2484.0	NC_000962.3:3934919-3936438	NC_000962.3:3932420-3933969	NC_000962.3:3934919-3936438;NC_000962.3:3932420-3933969	180	3930988	3936438	180	3930988	3936438
NC_000962.3	3935096	3936438	+	NC_000962.3	3933272	3934572	1009	1395	0.7232974910394265	3933922.0	3935767.0	1845.0	1342	1300	PE_PGRS54	PE_PGRS54	0	0	False	True	False	False	72.32974910394265	1845.0	NC_000962.3:3935096-3936438	NC_000962.3:3933272-3934572	NC_000962.3:3935096-3936438;NC_000962.3:3933272-3934572	180	3930988	3936438	180	3930988	3936438
NC_000962.3	3935705	3936438	+	NC_000962.3	839158	839900	523	818	0.6393643031784841	839529.0	3936071.5	3096542.5	733	742	PE_PGRS54	PE_PGRS10	0	0	False	True	False	False	63.93643031784841	1314989.5	NC_000962.3:3935705-3936438	NC_000962.3:839158-839900	NC_000962.3:3935705-3936438;NC_000962.3:839158-839900	180	3930988	3936438	31	838485	841665
NC_000962.3	3941407	3945597	+	NC_000962.3	3946927	3951329	3205	4772	0.6716261525565801	3949128.0	3943502.0	5626.0	4190	4402	PE_PGRS55,PE_PGRS56,fadD18	PE_PGRS57,fadD19	0	0	False	True	False	False	67.16261525565801	5626.0	NC_000962.3:3941407-3945597	NC_000962.3:3946927-3951329	NC_000962.3:3941407-3945597;NC_000962.3:3946927-3951329	181	3941407	3945597	182	3945777	3951329
NC_000962.3	3945777	3950073	+	NC_000962.3	3930988	3935266	3531	4491	0.7862391449565799	3933127.0	3947925.0	14798.0	4296	4278	PE_PGRS57	PE_PGRS54	0	0	False	True	False	False	78.62391449565798	14798.0	NC_000962.3:3945777-3950073	NC_000962.3:3930988-3935266	NC_000962.3:3945777-3950073;NC_000962.3:3930988-3935266	182	3945777	3951329	180	3930988	3936438
NC_000962.3	3946927	3951329	+	NC_000962.3	3941407	3945597	3205	4773	0.6714854389272994	3943502.0	3949128.0	5626.0	4402	4190	PE_PGRS57,fadD19	PE_PGRS55,PE_PGRS56,fadD18	0	0	False	True	False	False	67.14854389272993	5626.0	NC_000962.3:3946927-3951329	NC_000962.3:3941407-3945597	NC_000962.3:3946927-3951329;NC_000962.3:3941407-3945597	182	3945777	3951329	181	3941407	3945597
NC_000962.3	3947027	3948284	+	NC_000962.3	3948911	3950066	908	1314	0.6910197869101978	3949488.5	3947655.5	1833.0	1257	1155	PE_PGRS57	PE_PGRS57	0	0	False	True	False	False	69.10197869101978	1833.0	NC_000962.3:3947027-3948284	NC_000962.3:3948911-3950066	NC_000962.3:3947027-3948284;NC_000962.3:3948911-3950066	182	3945777	3951329	182	3945777	3951329
NC_000962.3	3949543	3949970	+	NC_000962.3	839167	839513	285	433	0.6581986143187067	839340.0	3949756.5	3110416.5	427	346	PE_PGRS57	PE_PGRS10	0	0	False	True	False	False	65.81986143187068	1301115.5	NC_000962.3:3949543-3949970	NC_000962.3:839167-839513	NC_000962.3:3949543-3949970;NC_000962.3:839167-839513	182	3945777	3951329	31	838485	841665
NC_000962.3	4052970	4053105	+	NC_000962.3	4053414	4053549	135	135	1.0	4053481.5	4053037.5	444.0	135	135	Rv3611	Rv3611,Rv3612c	0	0	False	False	False	True	100.0	444.0	NC_000962.3:4052970-4053105	NC_000962.3:4053414-4053549	NC_000962.3:4052970-4053105;NC_000962.3:4053414-4053549	183	4052970	4053216	184	4053303	4053549
NC_000962.3	4052970	4053216	+	NC_000962.3	4053303	4053549	246	246	1.0	4053426.0	4053093.0	333.0	246	246	Rv3611	Rv3611,Rv3612c	0	0	False	False	False	True	100.0	333.0	NC_000962.3:4052970-4053216	NC_000962.3:4053303-4053549	NC_000962.3:4052970-4053216;NC_000962.3:4053303-4053549	183	4052970	4053216	184	4053303	4053549
NC_000962.3	4053303	4053549	+	NC_000962.3	4052970	4053216	246	246	1.0	4053093.0	4053426.0	333.0	246	246	Rv3611,Rv3612c	Rv3611	0	0	False	False	False	True	100.0	333.0	NC_000962.3:4053303-4053549	NC_000962.3:4052970-4053216	NC_000962.3:4053303-4053549;NC_000962.3:4052970-4053216	184	4053303	4053549	183	4052970	4053216
NC_000962.3	4053414	4053549	+	NC_000962.3	4052970	4053105	135	135	1.0	4053037.5	4053481.5	444.0	135	135	Rv3611,Rv3612c	Rv3611	0	0	False	False	False	True	100.0	444.0	NC_000962.3:4053414-4053549	NC_000962.3:4052970-4053105	NC_000962.3:4053414-4053549;NC_000962.3:4052970-4053105	184	4053303	4053549	183	4052970	4053216
NC_000962.3	4053631	4054094	-	NC_000962.3	2637068	2637535	390	488	0.7991803278688525	2637301.5	4053862.5	1416561.0	463	467	Rv3612c,Rv3613c		0	0	False	False	False	True	79.91803278688525	1416561.0	NC_000962.3:4053631-4054094	NC_000962.3:2637068-2637535	NC_000962.3:4053631-4054094;NC_000962.3:2637068-2637535	185	4053631	4054094	113	2637068	2637535
NC_000962.3	4053632	4053799	+	NC_000962.3	1702675	1702849	153	175	0.8742857142857143	1702762.0	4053715.5	2350953.5	167	174	Rv3612c		0	0	False	False	False	True	87.42857142857143	2060578.5	NC_000962.3:4053632-4053799	NC_000962.3:1702675-1702849	NC_000962.3:4053632-4053799;NC_000962.3:1702675-1702849	185	4053631	4054094	67	1702675	1702849
NC_000962.3	4053633	4053900	-	NC_000962.3	1814852	1815128	242	277	0.8736462093862816	1814990.0	4053766.5	2238776.5	267	276	Rv3612c,Rv3613c		0	0	False	False	False	True	87.36462093862815	2172755.5	NC_000962.3:4053633-4053900	NC_000962.3:1814852-1815128	NC_000962.3:4053633-4053900;NC_000962.3:1814852-1815128	185	4053631	4054094	74	1814852	1815128
NC_000962.3	4059983	4060591	+	NC_000962.3	1160543	1161151	605	608	0.9950657894736842	1160847.0	4060287.0	2899440.0	608	608	esxV,esxW	esxI,esxJ	0	0	True	False	False	False	99.50657894736842	1512092.0	NC_000962.3:4059983-4060591	NC_000962.3:1160543-1161151	NC_000962.3:4059983-4060591;NC_000962.3:1160543-1161151	186	4059983	4060591	41	1160538	1161167
NC_000962.3	4059983	4060591	-	NC_000962.3	2030346	2030978	578	632	0.9145569620253164	2030662.0	4060287.0	2029625.0	608	632	esxV,esxW	esxM,esxN	0	0	True	False	False	False	91.45569620253164	2029625.0	NC_000962.3:4059983-4060591	NC_000962.3:2030346-2030978	NC_000962.3:4059983-4060591;NC_000962.3:2030346-2030978	186	4059983	4060591	86	2030331	2030983
NC_000962.3	4059985	4060582	+	NC_000962.3	2625889	2626510	572	621	0.9210950080515298	2626199.5	4060283.5	1434084.0	597	621	esxV,esxW	esxO,esxP	0	0	True	False	False	False	92.10950080515298	1434084.0	NC_000962.3:4059985-4060582	NC_000962.3:2625889-2626510	NC_000962.3:4059985-4060582;NC_000962.3:2625889-2626510	186	4059983	4060591	111	2625885	2626683
NC_000962.3	4059985	4060591	-	NC_000962.3	1340658	1341288	589	630	0.9349206349206349	1340973.0	4060288.0	2719315.0	606	630	esxV,esxW	esxK,esxL	0	0	True	False	False	False	93.4920634920635	1692217.0	NC_000962.3:4059985-4060591	NC_000962.3:1340658-1341288	NC_000962.3:4059985-4060591;NC_000962.3:1340658-1341288	186	4059983	4060591	53	1340494	1341292
NC_000962.3	4069248	4070458	+	NC_000962.3	1701374	1702581	945	1225	0.7714285714285715	1701977.5	4069853.0	2367875.5	1210	1207	Rv3630	Rv1510	0	0	False	False	False	True	77.14285714285715	2043656.5	NC_000962.3:4069248-4070458	NC_000962.3:1701374-1702581	NC_000962.3:4069248-4070458;NC_000962.3:1701374-1702581	187	4069248	4070458	66	1701374	1702581
NC_000962.3	4077792	4077854	+	NC_000962.3	4320044	4320106	62	62	1.0	4320075.0	4077823.0	242252.0	62	62			0	0	False	False	False	True	100.0	242252.0	NC_000962.3:4077792-4077854	NC_000962.3:4320044-4320106	NC_000962.3:4077792-4077854;NC_000962.3:4320044-4320106	188	4077792	4078201	195	4320044	4320106
NC_000962.3	4077851	4078093	-	NC_000962.3	177203	177447	218	247	0.8825910931174089	177325.0	4077972.0	3900647.0	242	244	Rv3639c		0	0	False	False	False	True	88.25910931174089	510885.0	NC_000962.3:4077851-4078093	NC_000962.3:177203-177447	NC_000962.3:4077851-4078093;NC_000962.3:177203-177447	188	4077792	4078201	4	177203	177447
NC_000962.3	4077998	4078201	+	NC_000962.3	3317533	3317739	195	207	0.9420289855072463	3317636.0	4078099.5	760463.5	203	206	Rv3639c		0	0	False	False	False	True	94.20289855072464	760463.5	NC_000962.3:4077998-4078201	NC_000962.3:3317533-3317739	NC_000962.3:4077998-4078201;NC_000962.3:3317533-3317739	188	4077792	4078201	149	3317533	3317739
NC_000962.3	4134600	4134729	-	NC_000962.3	272850	272955	99	129	0.7674418604651163	272902.5	4134664.5	3861762.0	129	105	Rv3693		0	0	False	False	False	True	76.74418604651163	549770.0	NC_000962.3:4134600-4134729	NC_000962.3:272850-272955	NC_000962.3:4134600-4134729;NC_000962.3:272850-272955	189	4134600	4134729	6	272850	272955
NC_000962.3	4221088	4222560	+	NC_000962.3	2358502	2360031	1236	1541	0.8020765736534717	2359266.5	4221824.0	1862557.5	1472	1529	Rv3776	Rv2100	0	0	False	False	False	True	80.20765736534717	1862557.5	NC_000962.3:4221088-4222560	NC_000962.3:2358502-2360031	NC_000962.3:4221088-4222560;NC_000962.3:2358502-2360031	190	4221088	4222560	102	2358502	2360031
NC_000962.3	4252853	4254367	-	NC_000962.3	1468141	1469654	1498	1524	0.9829396325459318	1468897.5	4253610.0	2784712.5	1514	1513	fadE35,Rv3798	Rv1313c	1	1	False	False	False	True	98.29396325459318	1626819.5	NC_000962.3:4252853-4254367	NC_000962.3:1468141-1469654	NC_000962.3:4252853-4254367;NC_000962.3:1468141-1469654	191	4252853	4254367	57	1468141	1469654
NC_000962.3	4293408	4299541	+	NC_000962.3	1722257	1728375	4593	6301	0.7289319155689573	1725316.0	4296474.5	2571158.5	6133	6118	pks2	pks5	0	0	False	False	False	True	72.89319155689573	1840373.5	NC_000962.3:4293408-4299541	NC_000962.3:1722257-1728375	NC_000962.3:4293408-4299541;NC_000962.3:1722257-1728375	192	4293408	4299541	68	1722178	1728375
NC_000962.3	4301541	4303432	+	NC_000962.3	3100173	3102227	1596	2060	0.7747572815533981	3101200.0	4302486.5	1201286.5	1891	2054	fadD23,Rv3827c,Rv3828c,Rv3829c	Rv2791c,Rv2792c	1	1	False	False	False	True	77.47572815533981	1201286.5	NC_000962.3:4301541-4303432	NC_000962.3:3100173-3102227	NC_000962.3:4301541-4303432;NC_000962.3:3100173-3102227	193	4301541	4303432	135	3100173	3102233
NC_000962.3	4301542	4303432	+	NC_000962.3	3333757	3335813	1549	2066	0.749757986447241	3334785.0	4302487.0	967702.0	1890	2056	fadD23,Rv3827c,Rv3828c,Rv3829c	thiL,Rv2978c,Rv2979c	1	1	False	False	False	True	74.97579864472411	967702.0	NC_000962.3:4301542-4303432	NC_000962.3:3333757-3335813	NC_000962.3:4301542-4303432;NC_000962.3:3333757-3335813	193	4301541	4303432	151	3333757	3335814
NC_000962.3	4318340	4319371	+	NC_000962.3	3753330	3754361	1031	1031	1.0	3753845.5	4318855.5	565010.0	1031	1031	Rv3844,Rv3845	Rv3348,Rv3349c	1	1	False	False	False	True	100.0	565010.0	NC_000962.3:4318340-4319371	NC_000962.3:3753330-3754361	NC_000962.3:4318340-4319371;NC_000962.3:3753330-3754361	194	4318340	4319371	169	3753330	3754361
NC_000962.3	4320044	4320106	+	NC_000962.3	4077792	4077854	62	62	1.0	4077823.0	4320075.0	242252.0	62	62			0	0	False	False	False	True	100.0	242252.0	NC_000962.3:4320044-4320106	NC_000962.3:4077792-4077854	NC_000962.3:4320044-4320106;NC_000962.3:4077792-4077854	195	4320044	4320106	188	4077792	4078201
NC_000962.3	4383094	4383754	-	NC_000962.3	2341059	2341697	513	675	0.76	2341378.0	4383424.0	2042046.0	660	638	Rv3897c,Rv3898c	Rv2083	0	0	False	False	False	True	76.0	2042046.0	NC_000962.3:4383094-4383754	NC_000962.3:2341059-2341697	NC_000962.3:4383094-4383754;NC_000962.3:2341059-2341697	196	4383094	4383754	100	2341059	2341697
