category	cohort	sample	file_type	key	url	size_bytes	last_modified
reference			reference_genes_gff	reference/H37Rv/GCF_000195955.2_ASM19595v2_genomic.GenesOnly.gff	https://pub-4ffd5d52d77a41f7b1f7021fbd09c3d2.r2.dev/reference/H37Rv/GCF_000195955.2_ASM19595v2_genomic.GenesOnly.gff	729707	2026-07-20T13:39:36Z
reference			reference_fasta_fai	reference/H37Rv/GCF_000195955.2_ASM19595v2_genomic.fasta.fai	https://pub-4ffd5d52d77a41f7b1f7021fbd09c3d2.r2.dev/reference/H37Rv/GCF_000195955.2_ASM19595v2_genomic.fasta.fai	29	2026-07-20T13:39:35Z
reference			reference_fasta	reference/H37Rv/GCF_000195955.2_ASM19595v2_genomic.fasta	https://pub-4ffd5d52d77a41f7b1f7021fbd09c3d2.r2.dev/reference/H37Rv/GCF_000195955.2_ASM19595v2_genomic.fasta	4466740	2026-07-20T13:39:34Z
reference			reference_homology_map_bam_bai	reference/H37Rv_HomologyMap/H37Rv.HomologyMap.k19w19.SelfToSelfAln.bam.bai	https://pub-4ffd5d52d77a41f7b1f7021fbd09c3d2.r2.dev/reference/H37Rv_HomologyMap/H37Rv.HomologyMap.k19w19.SelfToSelfAln.bam.bai	4360	2026-07-29T16:45:07Z
reference			reference_homology_map_bam	reference/H37Rv_HomologyMap/H37Rv.HomologyMap.k19w19.SelfToSelfAln.bam	https://pub-4ffd5d52d77a41f7b1f7021fbd09c3d2.r2.dev/reference/H37Rv_HomologyMap/H37Rv.HomologyMap.k19w19.SelfToSelfAln.bam	328070	2026-07-29T16:45:05Z
sample	Mtb151	01_R1134	lr_100x_crai	samples/Mtb151/01_R1134/01_R1134.LR.AlnToH37Rv.Subsample100x.cram.crai	https://pub-4ffd5d52d77a41f7b1f7021fbd09c3d2.r2.dev/samples/Mtb151/01_R1134/01_R1134.LR.AlnToH37Rv.Subsample100x.cram.crai	2185	2026-07-23T16:48:04Z
sample	Mtb151	01_R1134	lr_100x_cram	samples/Mtb151/01_R1134/01_R1134.LR.AlnToH37Rv.Subsample100x.cram	https://pub-4ffd5d52d77a41f7b1f7021fbd09c3d2.r2.dev/samples/Mtb151/01_R1134/01_R1134.LR.AlnToH37Rv.Subsample100x.cram	290131747	2026-07-23T16:48:00Z
sample	Mtb151	01_R1134	lr_full_depth_crai	samples/Mtb151/01_R1134/01_R1134.LR.AlnToH37Rv.primary_only.cram.crai	https://pub-4ffd5d52d77a41f7b1f7021fbd09c3d2.r2.dev/samples/Mtb151/01_R1134/01_R1134.LR.AlnToH37Rv.primary_only.cram.crai	3054	2026-07-20T13:52:25Z
sample	Mtb151	01_R1134	lr_full_depth_cram	samples/Mtb151/01_R1134/01_R1134.LR.AlnToH37Rv.primary_only.cram	https://pub-4ffd5d52d77a41f7b1f7021fbd09c3d2.r2.dev/samples/Mtb151/01_R1134/01_R1134.LR.AlnToH37Rv.primary_only.cram	405896172	2026-07-20T13:52:24Z
sample	Mtb151	01_R1134	asm_crai	samples/Mtb151/01_R1134/01_R1134.mm2.AsmToH37Rv.asm10.cram.crai	https://pub-4ffd5d52d77a41f7b1f7021fbd09c3d2.r2.dev/samples/Mtb151/01_R1134/01_R1134.mm2.AsmToH37Rv.asm10.cram.crai	68	2026-07-20T13:52:28Z
sample	Mtb151	01_R1134	asm_cram	samples/Mtb151/01_R1134/01_R1134.mm2.AsmToH37Rv.asm10.cram	https://pub-4ffd5d52d77a41f7b1f7021fbd09c3d2.r2.dev/samples/Mtb151/01_R1134/01_R1134.mm2.AsmToH37Rv.asm10.cram	792579	2026-07-20T13:52:26Z
sample	Mtb151	01_R1430	lr_100x_crai	samples/Mtb151/01_R1430/01_R1430.LR.AlnToH37Rv.Subsample100x.cram.crai	https://pub-4ffd5d52d77a41f7b1f7021fbd09c3d2.r2.dev/samples/Mtb151/01_R1430/01_R1430.LR.AlnToH37Rv.Subsample100x.cram.crai	2529	2026-07-23T16:46:44Z
sample	Mtb151	01_R1430	lr_100x_cram	samples/Mtb151/01_R1430/01_R1430.LR.AlnToH37Rv.Subsample100x.cram	https://pub-4ffd5d52d77a41f7b1f7021fbd09c3d2.r2.dev/samples/Mtb151/01_R1430/01_R1430.LR.AlnToH37Rv.Subsample100x.cram	366881525	2026-07-23T16:46:40Z
sample	Mtb151	01_R1430	lr_full_depth_crai	samples/Mtb151/01_R1430/01_R1430.LR.AlnToH37Rv.primary_only.cram.crai	https://pub-4ffd5d52d77a41f7b1f7021fbd09c3d2.r2.dev/samples/Mtb151/01_R1430/01_R1430.LR.AlnToH37Rv.primary_only.cram.crai	4994	2026-07-20T13:52:39Z
sample	Mtb151	01_R1430	lr_full_depth_cram	samples/Mtb151/01_R1430/01_R1430.LR.AlnToH37Rv.primary_only.cram	https://pub-4ffd5d52d77a41f7b1f7021fbd09c3d2.r2.dev/samples/Mtb151/01_R1430/01_R1430.LR.AlnToH37Rv.primary_only.cram	736496867	2026-07-20T13:52:37Z
sample	Mtb151	01_R1430	asm_crai	samples/Mtb151/01_R1430/01_R1430.mm2.AsmToH37Rv.asm10.cram.crai	https://pub-4ffd5d52d77a41f7b1f7021fbd09c3d2.r2.dev/samples/Mtb151/01_R1430/01_R1430.mm2.AsmToH37Rv.asm10.cram.crai	67	2026-07-20T13:52:42Z
sample	Mtb151	01_R1430	asm_cram	samples/Mtb151/01_R1430/01_R1430.mm2.AsmToH37Rv.asm10.cram	https://pub-4ffd5d52d77a41f7b1f7021fbd09c3d2.r2.dev/samples/Mtb151/01_R1430/01_R1430.mm2.AsmToH37Rv.asm10.cram	793654	2026-07-20T13:52:41Z
sample	Mtb151	02_R0894	lr_100x_crai	samples/Mtb151/02_R0894/02_R0894.LR.AlnToH37Rv.Subsample100x.cram.crai	https://pub-4ffd5d52d77a41f7b1f7021fbd09c3d2.r2.dev/samples/Mtb151/02_R0894/02_R0894.LR.AlnToH37Rv.Subsample100x.cram.crai	2577	2026-07-23T16:46:54Z
sample	Mtb151	02_R0894	lr_100x_cram	samples/Mtb151/02_R0894/02_R0894.LR.AlnToH37Rv.Subsample100x.cram	https://pub-4ffd5d52d77a41f7b1f7021fbd09c3d2.r2.dev/samples/Mtb151/02_R0894/02_R0894.LR.AlnToH37Rv.Subsample100x.cram	383509935	2026-07-23T16:46:51Z
sample	Mtb151	02_R0894	lr_full_depth_crai	samples/Mtb151/02_R0894/02_R0894.LR.AlnToH37Rv.primary_only.cram.crai	https://pub-4ffd5d52d77a41f7b1f7021fbd09c3d2.r2.dev/samples/Mtb151/02_R0894/02_R0894.LR.AlnToH37Rv.primary_only.cram.crai	4504	2026-07-20T13:52:51Z
sample	Mtb151	02_R0894	lr_full_depth_cram	samples/Mtb151/02_R0894/02_R0894.LR.AlnToH37Rv.primary_only.cram	https://pub-4ffd5d52d77a41f7b1f7021fbd09c3d2.r2.dev/samples/Mtb151/02_R0894/02_R0894.LR.AlnToH37Rv.primary_only.cram	668250085	2026-07-20T13:52:49Z
sample	Mtb151	02_R0894	asm_crai	samples/Mtb151/02_R0894/02_R0894.mm2.AsmToH37Rv.asm10.cram.crai	https://pub-4ffd5d52d77a41f7b1f7021fbd09c3d2.r2.dev/samples/Mtb151/02_R0894/02_R0894.mm2.AsmToH37Rv.asm10.cram.crai	67	2026-07-20T13:52:53Z
sample	Mtb151	02_R0894	asm_cram	samples/Mtb151/02_R0894/02_R0894.mm2.AsmToH37Rv.asm10.cram	https://pub-4ffd5d52d77a41f7b1f7021fbd09c3d2.r2.dev/samples/Mtb151/02_R0894/02_R0894.mm2.AsmToH37Rv.asm10.cram	850207	2026-07-20T13:52:52Z
sample	Mtb151	02_R1179	lr_100x_crai	samples/Mtb151/02_R1179/02_R1179.LR.AlnToH37Rv.Subsample100x.cram.crai	https://pub-4ffd5d52d77a41f7b1f7021fbd09c3d2.r2.dev/samples/Mtb151/02_R1179/02_R1179.LR.AlnToH37Rv.Subsample100x.cram.crai	2420	2026-07-23T16:48:29Z
sample	Mtb151	02_R1179	lr_100x_cram	samples/Mtb151/02_R1179/02_R1179.LR.AlnToH37Rv.Subsample100x.cram	https://pub-4ffd5d52d77a41f7b1f7021fbd09c3d2.r2.dev/samples/Mtb151/02_R1179/02_R1179.LR.AlnToH37Rv.Subsample100x.cram	344385730	2026-07-23T16:48:24Z
sample	Mtb151	02_R1179	lr_full_depth_crai	samples/Mtb151/02_R1179/02_R1179.LR.AlnToH37Rv.primary_only.cram.crai	https://pub-4ffd5d52d77a41f7b1f7021fbd09c3d2.r2.dev/samples/Mtb151/02_R1179/02_R1179.LR.AlnToH37Rv.primary_only.cram.crai	5413	2026-07-20T13:53:04Z
sample	Mtb151	02_R1179	lr_full_depth_cram	samples/Mtb151/02_R1179/02_R1179.LR.AlnToH37Rv.primary_only.cram	https://pub-4ffd5d52d77a41f7b1f7021fbd09c3d2.r2.dev/samples/Mtb151/02_R1179/02_R1179.LR.AlnToH37Rv.primary_only.cram	771909873	2026-07-20T13:53:03Z
sample	Mtb151	02_R1179	asm_crai	samples/Mtb151/02_R1179/02_R1179.mm2.AsmToH37Rv.asm10.cram.crai	https://pub-4ffd5d52d77a41f7b1f7021fbd09c3d2.r2.dev/samples/Mtb151/02_R1179/02_R1179.mm2.AsmToH37Rv.asm10.cram.crai	67	2026-07-20T13:53:07Z
sample	Mtb151	02_R1179	asm_cram	samples/Mtb151/02_R1179/02_R1179.mm2.AsmToH37Rv.asm10.cram	https://pub-4ffd5d52d77a41f7b1f7021fbd09c3d2.r2.dev/samples/Mtb151/02_R1179/02_R1179.mm2.AsmToH37Rv.asm10.cram	840386	2026-07-20T13:53:06Z
sample	Mtb151	02_R1708	lr_100x_crai	samples/Mtb151/02_R1708/02_R1708.LR.AlnToH37Rv.Subsample100x.cram.crai	https://pub-4ffd5d52d77a41f7b1f7021fbd09c3d2.r2.dev/samples/Mtb151/02_R1708/02_R1708.LR.AlnToH37Rv.Subsample100x.cram.crai	2724	2026-07-23T16:47:06Z
sample	Mtb151	02_R1708	lr_100x_cram	samples/Mtb151/02_R1708/02_R1708.LR.AlnToH37Rv.Subsample100x.cram	https://pub-4ffd5d52d77a41f7b1f7021fbd09c3d2.r2.dev/samples/Mtb151/02_R1708/02_R1708.LR.AlnToH37Rv.Subsample100x.cram	407659514	2026-07-23T16:47:03Z
sample	Mtb151	02_R1708	lr_full_depth_crai	samples/Mtb151/02_R1708/02_R1708.LR.AlnToH37Rv.primary_only.cram.crai	https://pub-4ffd5d52d77a41f7b1f7021fbd09c3d2.r2.dev/samples/Mtb151/02_R1708/02_R1708.LR.AlnToH37Rv.primary_only.cram.crai	4749	2026-07-20T13:53:16Z
sample	Mtb151	02_R1708	lr_full_depth_cram	samples/Mtb151/02_R1708/02_R1708.LR.AlnToH37Rv.primary_only.cram	https://pub-4ffd5d52d77a41f7b1f7021fbd09c3d2.r2.dev/samples/Mtb151/02_R1708/02_R1708.LR.AlnToH37Rv.primary_only.cram	712475470	2026-07-20T13:53:15Z
sample	Mtb151	02_R1708	asm_crai	samples/Mtb151/02_R1708/02_R1708.mm2.AsmToH37Rv.asm10.cram.crai	https://pub-4ffd5d52d77a41f7b1f7021fbd09c3d2.r2.dev/samples/Mtb151/02_R1708/02_R1708.mm2.AsmToH37Rv.asm10.cram.crai	67	2026-07-20T13:53:19Z
sample	Mtb151	02_R1708	asm_cram	samples/Mtb151/02_R1708/02_R1708.mm2.AsmToH37Rv.asm10.cram	https://pub-4ffd5d52d77a41f7b1f7021fbd09c3d2.r2.dev/samples/Mtb151/02_R1708/02_R1708.mm2.AsmToH37Rv.asm10.cram	851326	2026-07-20T13:53:18Z
sample	Mtb151	02_R1896	lr_100x_crai	samples/Mtb151/02_R1896/02_R1896.LR.AlnToH37Rv.Subsample100x.cram.crai	https://pub-4ffd5d52d77a41f7b1f7021fbd09c3d2.r2.dev/samples/Mtb151/02_R1896/02_R1896.LR.AlnToH37Rv.Subsample100x.cram.crai	2670	2026-07-23T16:47:21Z
sample	Mtb151	02_R1896	lr_100x_cram	samples/Mtb151/02_R1896/02_R1896.LR.AlnToH37Rv.Subsample100x.cram	https://pub-4ffd5d52d77a41f7b1f7021fbd09c3d2.r2.dev/samples/Mtb151/02_R1896/02_R1896.LR.AlnToH37Rv.Subsample100x.cram	393803067	2026-07-23T16:47:14Z
sample	Mtb151	02_R1896	lr_full_depth_crai	samples/Mtb151/02_R1896/02_R1896.LR.AlnToH37Rv.primary_only.cram.crai	https://pub-4ffd5d52d77a41f7b1f7021fbd09c3d2.r2.dev/samples/Mtb151/02_R1896/02_R1896.LR.AlnToH37Rv.primary_only.cram.crai	4569	2026-07-20T13:53:31Z
sample	Mtb151	02_R1896	lr_full_depth_cram	samples/Mtb151/02_R1896/02_R1896.LR.AlnToH37Rv.primary_only.cram	https://pub-4ffd5d52d77a41f7b1f7021fbd09c3d2.r2.dev/samples/Mtb151/02_R1896/02_R1896.LR.AlnToH37Rv.primary_only.cram	678255262	2026-07-20T13:53:30Z
sample	Mtb151	02_R1896	asm_crai	samples/Mtb151/02_R1896/02_R1896.mm2.AsmToH37Rv.asm10.cram.crai	https://pub-4ffd5d52d77a41f7b1f7021fbd09c3d2.r2.dev/samples/Mtb151/02_R1896/02_R1896.mm2.AsmToH37Rv.asm10.cram.crai	66	2026-07-20T13:53:34Z
sample	Mtb151	02_R1896	asm_cram	samples/Mtb151/02_R1896/02_R1896.mm2.AsmToH37Rv.asm10.cram	https://pub-4ffd5d52d77a41f7b1f7021fbd09c3d2.r2.dev/samples/Mtb151/02_R1896/02_R1896.mm2.AsmToH37Rv.asm10.cram	745574	2026-07-20T13:53:32Z
sample	Mtb151	18_0621851	lr_100x_crai	samples/Mtb151/18_0621851/18_0621851.LR.AlnToH37Rv.Subsample100x.cram.crai	https://pub-4ffd5d52d77a41f7b1f7021fbd09c3d2.r2.dev/samples/Mtb151/18_0621851/18_0621851.LR.AlnToH37Rv.Subsample100x.cram.crai	1503	2026-07-23T17:07:09Z
sample	Mtb151	18_0621851	lr_100x_cram	samples/Mtb151/18_0621851/18_0621851.LR.AlnToH37Rv.Subsample100x.cram	https://pub-4ffd5d52d77a41f7b1f7021fbd09c3d2.r2.dev/samples/Mtb151/18_0621851/18_0621851.LR.AlnToH37Rv.Subsample100x.cram	178715967	2026-07-23T17:07:05Z
sample	Mtb151	18_0621851	lr_full_depth_crai	samples/Mtb151/18_0621851/18_0621851.LR.AlnToH37Rv.primary_only.cram.crai	https://pub-4ffd5d52d77a41f7b1f7021fbd09c3d2.r2.dev/samples/Mtb151/18_0621851/18_0621851.LR.AlnToH37Rv.primary_only.cram.crai	1542	2026-07-20T13:53:45Z
sample	Mtb151	18_0621851	lr_full_depth_cram	samples/Mtb151/18_0621851/18_0621851.LR.AlnToH37Rv.primary_only.cram	https://pub-4ffd5d52d77a41f7b1f7021fbd09c3d2.r2.dev/samples/Mtb151/18_0621851/18_0621851.LR.AlnToH37Rv.primary_only.cram	182022739	2026-07-20T13:53:43Z
sample	Mtb151	18_0621851	asm_crai	samples/Mtb151/18_0621851/18_0621851.mm2.AsmToH37Rv.asm10.cram.crai	https://pub-4ffd5d52d77a41f7b1f7021fbd09c3d2.r2.dev/samples/Mtb151/18_0621851/18_0621851.mm2.AsmToH37Rv.asm10.cram.crai	68	2026-07-20T13:53:48Z
sample	Mtb151	18_0621851	asm_cram	samples/Mtb151/18_0621851/18_0621851.mm2.AsmToH37Rv.asm10.cram	https://pub-4ffd5d52d77a41f7b1f7021fbd09c3d2.r2.dev/samples/Mtb151/18_0621851/18_0621851.mm2.AsmToH37Rv.asm10.cram	824053	2026-07-20T13:53:46Z
sample	Mtb151	3003-06	lr_100x_crai	samples/Mtb151/3003-06/3003-06.LR.AlnToH37Rv.Subsample100x.cram.crai	https://pub-4ffd5d52d77a41f7b1f7021fbd09c3d2.r2.dev/samples/Mtb151/3003-06/3003-06.LR.AlnToH37Rv.Subsample100x.cram.crai	1985	2026-07-23T17:09:57Z
sample	Mtb151	3003-06	lr_100x_cram	samples/Mtb151/3003-06/3003-06.LR.AlnToH37Rv.Subsample100x.cram	https://pub-4ffd5d52d77a41f7b1f7021fbd09c3d2.r2.dev/samples/Mtb151/3003-06/3003-06.LR.AlnToH37Rv.Subsample100x.cram	322423727	2026-07-23T17:09:54Z
sample	Mtb151	3003-06	lr_full_depth_crai	samples/Mtb151/3003-06/3003-06.LR.AlnToH37Rv.primary_only.cram.crai	https://pub-4ffd5d52d77a41f7b1f7021fbd09c3d2.r2.dev/samples/Mtb151/3003-06/3003-06.LR.AlnToH37Rv.primary_only.cram.crai	6046	2026-07-20T13:54:01Z
sample	Mtb151	3003-06	lr_full_depth_cram	samples/Mtb151/3003-06/3003-06.LR.AlnToH37Rv.primary_only.cram	https://pub-4ffd5d52d77a41f7b1f7021fbd09c3d2.r2.dev/samples/Mtb151/3003-06/3003-06.LR.AlnToH37Rv.primary_only.cram	1007148365	2026-07-20T13:53:59Z
sample	Mtb151	3003-06	asm_crai	samples/Mtb151/3003-06/3003-06.mm2.AsmToH37Rv.asm10.cram.crai	https://pub-4ffd5d52d77a41f7b1f7021fbd09c3d2.r2.dev/samples/Mtb151/3003-06/3003-06.mm2.AsmToH37Rv.asm10.cram.crai	68	2026-07-20T13:54:03Z
sample	Mtb151	3003-06	asm_cram	samples/Mtb151/3003-06/3003-06.mm2.AsmToH37Rv.asm10.cram	https://pub-4ffd5d52d77a41f7b1f7021fbd09c3d2.r2.dev/samples/Mtb151/3003-06/3003-06.mm2.AsmToH37Rv.asm10.cram	823658	2026-07-20T13:54:02Z
sample	Mtb151	4549-04	lr_100x_crai	samples/Mtb151/4549-04/4549-04.LR.AlnToH37Rv.Subsample100x.cram.crai	https://pub-4ffd5d52d77a41f7b1f7021fbd09c3d2.r2.dev/samples/Mtb151/4549-04/4549-04.LR.AlnToH37Rv.Subsample100x.cram.crai	1987	2026-07-23T17:09:47Z
sample	Mtb151	4549-04	lr_100x_cram	samples/Mtb151/4549-04/4549-04.LR.AlnToH37Rv.Subsample100x.cram	https://pub-4ffd5d52d77a41f7b1f7021fbd09c3d2.r2.dev/samples/Mtb151/4549-04/4549-04.LR.AlnToH37Rv.Subsample100x.cram	320959315	2026-07-23T17:09:45Z
sample	Mtb151	4549-04	lr_full_depth_crai	samples/Mtb151/4549-04/4549-04.LR.AlnToH37Rv.primary_only.cram.crai	https://pub-4ffd5d52d77a41f7b1f7021fbd09c3d2.r2.dev/samples/Mtb151/4549-04/4549-04.LR.AlnToH37Rv.primary_only.cram.crai	5818	2026-07-20T13:54:16Z
sample	Mtb151	4549-04	lr_full_depth_cram	samples/Mtb151/4549-04/4549-04.LR.AlnToH37Rv.primary_only.cram	https://pub-4ffd5d52d77a41f7b1f7021fbd09c3d2.r2.dev/samples/Mtb151/4549-04/4549-04.LR.AlnToH37Rv.primary_only.cram	965426043	2026-07-20T13:54:15Z
sample	Mtb151	4549-04	asm_crai	samples/Mtb151/4549-04/4549-04.mm2.AsmToH37Rv.asm10.cram.crai	https://pub-4ffd5d52d77a41f7b1f7021fbd09c3d2.r2.dev/samples/Mtb151/4549-04/4549-04.mm2.AsmToH37Rv.asm10.cram.crai	67	2026-07-20T13:54:19Z
sample	Mtb151	4549-04	asm_cram	samples/Mtb151/4549-04/4549-04.mm2.AsmToH37Rv.asm10.cram	https://pub-4ffd5d52d77a41f7b1f7021fbd09c3d2.r2.dev/samples/Mtb151/4549-04/4549-04.mm2.AsmToH37Rv.asm10.cram	824378	2026-07-20T13:54:18Z
sample	Mtb151	696-05	lr_100x_crai	samples/Mtb151/696-05/696-05.LR.AlnToH37Rv.Subsample100x.cram.crai	https://pub-4ffd5d52d77a41f7b1f7021fbd09c3d2.r2.dev/samples/Mtb151/696-05/696-05.LR.AlnToH37Rv.Subsample100x.cram.crai	1963	2026-07-23T17:09:39Z
sample	Mtb151	696-05	lr_100x_cram	samples/Mtb151/696-05/696-05.LR.AlnToH37Rv.Subsample100x.cram	https://pub-4ffd5d52d77a41f7b1f7021fbd09c3d2.r2.dev/samples/Mtb151/696-05/696-05.LR.AlnToH37Rv.Subsample100x.cram	318702528	2026-07-23T17:09:35Z
sample	Mtb151	696-05	lr_full_depth_crai	samples/Mtb151/696-05/696-05.LR.AlnToH37Rv.primary_only.cram.crai	https://pub-4ffd5d52d77a41f7b1f7021fbd09c3d2.r2.dev/samples/Mtb151/696-05/696-05.LR.AlnToH37Rv.primary_only.cram.crai	5677	2026-07-20T13:54:32Z
sample	Mtb151	696-05	lr_full_depth_cram	samples/Mtb151/696-05/696-05.LR.AlnToH37Rv.primary_only.cram	https://pub-4ffd5d52d77a41f7b1f7021fbd09c3d2.r2.dev/samples/Mtb151/696-05/696-05.LR.AlnToH37Rv.primary_only.cram	951351239	2026-07-20T13:54:30Z
sample	Mtb151	696-05	asm_crai	samples/Mtb151/696-05/696-05.mm2.AsmToH37Rv.asm10.cram.crai	https://pub-4ffd5d52d77a41f7b1f7021fbd09c3d2.r2.dev/samples/Mtb151/696-05/696-05.mm2.AsmToH37Rv.asm10.cram.crai	68	2026-07-20T13:54:34Z
sample	Mtb151	696-05	asm_cram	samples/Mtb151/696-05/696-05.mm2.AsmToH37Rv.asm10.cram	https://pub-4ffd5d52d77a41f7b1f7021fbd09c3d2.r2.dev/samples/Mtb151/696-05/696-05.mm2.AsmToH37Rv.asm10.cram	823519	2026-07-20T13:54:33Z
sample	Mtb151	702-06	lr_100x_crai	samples/Mtb151/702-06/702-06.LR.AlnToH37Rv.Subsample100x.cram.crai	https://pub-4ffd5d52d77a41f7b1f7021fbd09c3d2.r2.dev/samples/Mtb151/702-06/702-06.LR.AlnToH37Rv.Subsample100x.cram.crai	1954	2026-07-23T17:09:29Z
sample	Mtb151	702-06	lr_100x_cram	samples/Mtb151/702-06/702-06.LR.AlnToH37Rv.Subsample100x.cram	https://pub-4ffd5d52d77a41f7b1f7021fbd09c3d2.r2.dev/samples/Mtb151/702-06/702-06.LR.AlnToH37Rv.Subsample100x.cram	319070436	2026-07-23T17:09:22Z
sample	Mtb151	702-06	lr_full_depth_crai	samples/Mtb151/702-06/702-06.LR.AlnToH37Rv.primary_only.cram.crai	https://pub-4ffd5d52d77a41f7b1f7021fbd09c3d2.r2.dev/samples/Mtb151/702-06/702-06.LR.AlnToH37Rv.primary_only.cram.crai	4594	2026-07-20T13:54:45Z
sample	Mtb151	702-06	lr_full_depth_cram	samples/Mtb151/702-06/702-06.LR.AlnToH37Rv.primary_only.cram	https://pub-4ffd5d52d77a41f7b1f7021fbd09c3d2.r2.dev/samples/Mtb151/702-06/702-06.LR.AlnToH37Rv.primary_only.cram	753750944	2026-07-20T13:54:43Z
sample	Mtb151	702-06	asm_crai	samples/Mtb151/702-06/702-06.mm2.AsmToH37Rv.asm10.cram.crai	https://pub-4ffd5d52d77a41f7b1f7021fbd09c3d2.r2.dev/samples/Mtb151/702-06/702-06.mm2.AsmToH37Rv.asm10.cram.crai	67	2026-07-20T13:54:48Z
sample	Mtb151	702-06	asm_cram	samples/Mtb151/702-06/702-06.mm2.AsmToH37Rv.asm10.cram	https://pub-4ffd5d52d77a41f7b1f7021fbd09c3d2.r2.dev/samples/Mtb151/702-06/702-06.mm2.AsmToH37Rv.asm10.cram	823934	2026-07-20T13:54:46Z
sample	Mtb151	706-05	lr_100x_crai	samples/Mtb151/706-05/706-05.LR.AlnToH37Rv.Subsample100x.cram.crai	https://pub-4ffd5d52d77a41f7b1f7021fbd09c3d2.r2.dev/samples/Mtb151/706-05/706-05.LR.AlnToH37Rv.Subsample100x.cram.crai	1951	2026-07-23T17:09:13Z
sample	Mtb151	706-05	lr_100x_cram	samples/Mtb151/706-05/706-05.LR.AlnToH37Rv.Subsample100x.cram	https://pub-4ffd5d52d77a41f7b1f7021fbd09c3d2.r2.dev/samples/Mtb151/706-05/706-05.LR.AlnToH37Rv.Subsample100x.cram	317521976	2026-07-23T17:09:10Z
sample	Mtb151	706-05	lr_full_depth_crai	samples/Mtb151/706-05/706-05.LR.AlnToH37Rv.primary_only.cram.crai	https://pub-4ffd5d52d77a41f7b1f7021fbd09c3d2.r2.dev/samples/Mtb151/706-05/706-05.LR.AlnToH37Rv.primary_only.cram.crai	2849	2026-07-20T13:54:56Z
sample	Mtb151	706-05	lr_full_depth_cram	samples/Mtb151/706-05/706-05.LR.AlnToH37Rv.primary_only.cram	https://pub-4ffd5d52d77a41f7b1f7021fbd09c3d2.r2.dev/samples/Mtb151/706-05/706-05.LR.AlnToH37Rv.primary_only.cram	462856116	2026-07-20T13:54:55Z
sample	Mtb151	706-05	asm_crai	samples/Mtb151/706-05/706-05.mm2.AsmToH37Rv.asm10.cram.crai	https://pub-4ffd5d52d77a41f7b1f7021fbd09c3d2.r2.dev/samples/Mtb151/706-05/706-05.mm2.AsmToH37Rv.asm10.cram.crai	67	2026-07-20T13:54:59Z
sample	Mtb151	706-05	asm_cram	samples/Mtb151/706-05/706-05.mm2.AsmToH37Rv.asm10.cram	https://pub-4ffd5d52d77a41f7b1f7021fbd09c3d2.r2.dev/samples/Mtb151/706-05/706-05.mm2.AsmToH37Rv.asm10.cram	925718	2026-07-20T13:54:57Z
sample	Mtb151	8129-04	lr_100x_crai	samples/Mtb151/8129-04/8129-04.LR.AlnToH37Rv.Subsample100x.cram.crai	https://pub-4ffd5d52d77a41f7b1f7021fbd09c3d2.r2.dev/samples/Mtb151/8129-04/8129-04.LR.AlnToH37Rv.Subsample100x.cram.crai	1963	2026-07-23T17:09:02Z
sample	Mtb151	8129-04	lr_100x_cram	samples/Mtb151/8129-04/8129-04.LR.AlnToH37Rv.Subsample100x.cram	https://pub-4ffd5d52d77a41f7b1f7021fbd09c3d2.r2.dev/samples/Mtb151/8129-04/8129-04.LR.AlnToH37Rv.Subsample100x.cram	316386828	2026-07-23T17:08:59Z
sample	Mtb151	8129-04	lr_full_depth_crai	samples/Mtb151/8129-04/8129-04.LR.AlnToH37Rv.primary_only.cram.crai	https://pub-4ffd5d52d77a41f7b1f7021fbd09c3d2.r2.dev/samples/Mtb151/8129-04/8129-04.LR.AlnToH37Rv.primary_only.cram.crai	9114	2026-07-20T13:55:16Z
sample	Mtb151	8129-04	lr_full_depth_cram	samples/Mtb151/8129-04/8129-04.LR.AlnToH37Rv.primary_only.cram	https://pub-4ffd5d52d77a41f7b1f7021fbd09c3d2.r2.dev/samples/Mtb151/8129-04/8129-04.LR.AlnToH37Rv.primary_only.cram	1504185869	2026-07-20T13:55:14Z
sample	Mtb151	8129-04	asm_crai	samples/Mtb151/8129-04/8129-04.mm2.AsmToH37Rv.asm10.cram.crai	https://pub-4ffd5d52d77a41f7b1f7021fbd09c3d2.r2.dev/samples/Mtb151/8129-04/8129-04.mm2.AsmToH37Rv.asm10.cram.crai	67	2026-07-20T13:55:18Z
sample	Mtb151	8129-04	asm_cram	samples/Mtb151/8129-04/8129-04.mm2.AsmToH37Rv.asm10.cram	https://pub-4ffd5d52d77a41f7b1f7021fbd09c3d2.r2.dev/samples/Mtb151/8129-04/8129-04.mm2.AsmToH37Rv.asm10.cram	824703	2026-07-20T13:55:17Z
sample	Mtb151	8651-04	lr_100x_crai	samples/Mtb151/8651-04/8651-04.LR.AlnToH37Rv.Subsample100x.cram.crai	https://pub-4ffd5d52d77a41f7b1f7021fbd09c3d2.r2.dev/samples/Mtb151/8651-04/8651-04.LR.AlnToH37Rv.Subsample100x.cram.crai	1944	2026-07-23T17:10:07Z
sample	Mtb151	8651-04	lr_100x_cram	samples/Mtb151/8651-04/8651-04.LR.AlnToH37Rv.Subsample100x.cram	https://pub-4ffd5d52d77a41f7b1f7021fbd09c3d2.r2.dev/samples/Mtb151/8651-04/8651-04.LR.AlnToH37Rv.Subsample100x.cram	319290328	2026-07-23T17:10:04Z
sample	Mtb151	8651-04	lr_full_depth_crai	samples/Mtb151/8651-04/8651-04.LR.AlnToH37Rv.primary_only.cram.crai	https://pub-4ffd5d52d77a41f7b1f7021fbd09c3d2.r2.dev/samples/Mtb151/8651-04/8651-04.LR.AlnToH37Rv.primary_only.cram.crai	3779	2026-07-20T13:55:26Z
sample	Mtb151	8651-04	lr_full_depth_cram	samples/Mtb151/8651-04/8651-04.LR.AlnToH37Rv.primary_only.cram	https://pub-4ffd5d52d77a41f7b1f7021fbd09c3d2.r2.dev/samples/Mtb151/8651-04/8651-04.LR.AlnToH37Rv.primary_only.cram	618010355	2026-07-20T13:55:25Z
sample	Mtb151	8651-04	asm_crai	samples/Mtb151/8651-04/8651-04.mm2.AsmToH37Rv.asm10.cram.crai	https://pub-4ffd5d52d77a41f7b1f7021fbd09c3d2.r2.dev/samples/Mtb151/8651-04/8651-04.mm2.AsmToH37Rv.asm10.cram.crai	67	2026-07-20T13:55:28Z
sample	Mtb151	8651-04	asm_cram	samples/Mtb151/8651-04/8651-04.mm2.AsmToH37Rv.asm10.cram	https://pub-4ffd5d52d77a41f7b1f7021fbd09c3d2.r2.dev/samples/Mtb151/8651-04/8651-04.mm2.AsmToH37Rv.asm10.cram	921211	2026-07-20T13:55:27Z
sample	Mtb151	9050-05	lr_100x_crai	samples/Mtb151/9050-05/9050-05.LR.AlnToH37Rv.Subsample100x.cram.crai	https://pub-4ffd5d52d77a41f7b1f7021fbd09c3d2.r2.dev/samples/Mtb151/9050-05/9050-05.LR.AlnToH37Rv.Subsample100x.cram.crai	1960	2026-07-23T17:07:27Z
sample	Mtb151	9050-05	lr_100x_cram	samples/Mtb151/9050-05/9050-05.LR.AlnToH37Rv.Subsample100x.cram	https://pub-4ffd5d52d77a41f7b1f7021fbd09c3d2.r2.dev/samples/Mtb151/9050-05/9050-05.LR.AlnToH37Rv.Subsample100x.cram	315032998	2026-07-23T17:07:19Z
sample	Mtb151	9050-05	lr_full_depth_crai	samples/Mtb151/9050-05/9050-05.LR.AlnToH37Rv.primary_only.cram.crai	https://pub-4ffd5d52d77a41f7b1f7021fbd09c3d2.r2.dev/samples/Mtb151/9050-05/9050-05.LR.AlnToH37Rv.primary_only.cram.crai	7168	2026-07-20T13:55:41Z
sample	Mtb151	9050-05	lr_full_depth_cram	samples/Mtb151/9050-05/9050-05.LR.AlnToH37Rv.primary_only.cram	https://pub-4ffd5d52d77a41f7b1f7021fbd09c3d2.r2.dev/samples/Mtb151/9050-05/9050-05.LR.AlnToH37Rv.primary_only.cram	1174397216	2026-07-20T13:55:40Z
sample	Mtb151	9050-05	asm_crai	samples/Mtb151/9050-05/9050-05.mm2.AsmToH37Rv.asm10.cram.crai	https://pub-4ffd5d52d77a41f7b1f7021fbd09c3d2.r2.dev/samples/Mtb151/9050-05/9050-05.mm2.AsmToH37Rv.asm10.cram.crai	68	2026-07-20T13:55:44Z
sample	Mtb151	9050-05	asm_cram	samples/Mtb151/9050-05/9050-05.mm2.AsmToH37Rv.asm10.cram	https://pub-4ffd5d52d77a41f7b1f7021fbd09c3d2.r2.dev/samples/Mtb151/9050-05/9050-05.mm2.AsmToH37Rv.asm10.cram	823427	2026-07-20T13:55:42Z
sample	Mtb151	M0003941_3	lr_100x_crai	samples/Mtb151/M0003941_3/M0003941_3.LR.AlnToH37Rv.Subsample100x.cram.crai	https://pub-4ffd5d52d77a41f7b1f7021fbd09c3d2.r2.dev/samples/Mtb151/M0003941_3/M0003941_3.LR.AlnToH37Rv.Subsample100x.cram.crai	2497	2026-07-23T16:48:15Z
sample	Mtb151	M0003941_3	lr_100x_cram	samples/Mtb151/M0003941_3/M0003941_3.LR.AlnToH37Rv.Subsample100x.cram	https://pub-4ffd5d52d77a41f7b1f7021fbd09c3d2.r2.dev/samples/Mtb151/M0003941_3/M0003941_3.LR.AlnToH37Rv.Subsample100x.cram	354355597	2026-07-23T16:48:12Z
sample	Mtb151	M0003941_3	lr_full_depth_crai	samples/Mtb151/M0003941_3/M0003941_3.LR.AlnToH37Rv.primary_only.cram.crai	https://pub-4ffd5d52d77a41f7b1f7021fbd09c3d2.r2.dev/samples/Mtb151/M0003941_3/M0003941_3.LR.AlnToH37Rv.primary_only.cram.crai	4714	2026-07-20T13:55:55Z
sample	Mtb151	M0003941_3	lr_full_depth_cram	samples/Mtb151/M0003941_3/M0003941_3.LR.AlnToH37Rv.primary_only.cram	https://pub-4ffd5d52d77a41f7b1f7021fbd09c3d2.r2.dev/samples/Mtb151/M0003941_3/M0003941_3.LR.AlnToH37Rv.primary_only.cram	672895616	2026-07-20T13:55:53Z
sample	Mtb151	M0003941_3	asm_crai	samples/Mtb151/M0003941_3/M0003941_3.mm2.AsmToH37Rv.asm10.cram.crai	https://pub-4ffd5d52d77a41f7b1f7021fbd09c3d2.r2.dev/samples/Mtb151/M0003941_3/M0003941_3.mm2.AsmToH37Rv.asm10.cram.crai	67	2026-07-20T13:55:57Z
sample	Mtb151	M0003941_3	asm_cram	samples/Mtb151/M0003941_3/M0003941_3.mm2.AsmToH37Rv.asm10.cram	https://pub-4ffd5d52d77a41f7b1f7021fbd09c3d2.r2.dev/samples/Mtb151/M0003941_3/M0003941_3.mm2.AsmToH37Rv.asm10.cram	825945	2026-07-20T13:55:56Z
sample	Mtb151	M0010874_7	lr_100x_crai	samples/Mtb151/M0010874_7/M0010874_7.LR.AlnToH37Rv.Subsample100x.cram.crai	https://pub-4ffd5d52d77a41f7b1f7021fbd09c3d2.r2.dev/samples/Mtb151/M0010874_7/M0010874_7.LR.AlnToH37Rv.Subsample100x.cram.crai	2490	2026-07-23T16:46:32Z
sample	Mtb151	M0010874_7	lr_100x_cram	samples/Mtb151/M0010874_7/M0010874_7.LR.AlnToH37Rv.Subsample100x.cram	https://pub-4ffd5d52d77a41f7b1f7021fbd09c3d2.r2.dev/samples/Mtb151/M0010874_7/M0010874_7.LR.AlnToH37Rv.Subsample100x.cram	366470261	2026-07-23T16:46:29Z
sample	Mtb151	M0010874_7	lr_full_depth_crai	samples/Mtb151/M0010874_7/M0010874_7.LR.AlnToH37Rv.primary_only.cram.crai	https://pub-4ffd5d52d77a41f7b1f7021fbd09c3d2.r2.dev/samples/Mtb151/M0010874_7/M0010874_7.LR.AlnToH37Rv.primary_only.cram.crai	3859	2026-07-20T13:56:05Z
sample	Mtb151	M0010874_7	lr_full_depth_cram	samples/Mtb151/M0010874_7/M0010874_7.LR.AlnToH37Rv.primary_only.cram	https://pub-4ffd5d52d77a41f7b1f7021fbd09c3d2.r2.dev/samples/Mtb151/M0010874_7/M0010874_7.LR.AlnToH37Rv.primary_only.cram	563231080	2026-07-20T13:56:04Z
sample	Mtb151	M0010874_7	asm_crai	samples/Mtb151/M0010874_7/M0010874_7.mm2.AsmToH37Rv.asm10.cram.crai	https://pub-4ffd5d52d77a41f7b1f7021fbd09c3d2.r2.dev/samples/Mtb151/M0010874_7/M0010874_7.mm2.AsmToH37Rv.asm10.cram.crai	68	2026-07-20T13:56:08Z
sample	Mtb151	M0010874_7	asm_cram	samples/Mtb151/M0010874_7/M0010874_7.mm2.AsmToH37Rv.asm10.cram	https://pub-4ffd5d52d77a41f7b1f7021fbd09c3d2.r2.dev/samples/Mtb151/M0010874_7/M0010874_7.mm2.AsmToH37Rv.asm10.cram	790669	2026-07-20T13:56:06Z
sample	Mtb151	M0011368_9	lr_100x_crai	samples/Mtb151/M0011368_9/M0011368_9.LR.AlnToH37Rv.Subsample100x.cram.crai	https://pub-4ffd5d52d77a41f7b1f7021fbd09c3d2.r2.dev/samples/Mtb151/M0011368_9/M0011368_9.LR.AlnToH37Rv.Subsample100x.cram.crai	2569	2026-07-23T16:45:57Z
sample	Mtb151	M0011368_9	lr_100x_cram	samples/Mtb151/M0011368_9/M0011368_9.LR.AlnToH37Rv.Subsample100x.cram	https://pub-4ffd5d52d77a41f7b1f7021fbd09c3d2.r2.dev/samples/Mtb151/M0011368_9/M0011368_9.LR.AlnToH37Rv.Subsample100x.cram	388430335	2026-07-23T16:45:54Z
sample	Mtb151	M0011368_9	lr_full_depth_crai	samples/Mtb151/M0011368_9/M0011368_9.LR.AlnToH37Rv.primary_only.cram.crai	https://pub-4ffd5d52d77a41f7b1f7021fbd09c3d2.r2.dev/samples/Mtb151/M0011368_9/M0011368_9.LR.AlnToH37Rv.primary_only.cram.crai	4581	2026-07-20T13:56:19Z
sample	Mtb151	M0011368_9	lr_full_depth_cram	samples/Mtb151/M0011368_9/M0011368_9.LR.AlnToH37Rv.primary_only.cram	https://pub-4ffd5d52d77a41f7b1f7021fbd09c3d2.r2.dev/samples/Mtb151/M0011368_9/M0011368_9.LR.AlnToH37Rv.primary_only.cram	689369532	2026-07-20T13:56:17Z
sample	Mtb151	M0011368_9	asm_crai	samples/Mtb151/M0011368_9/M0011368_9.mm2.AsmToH37Rv.asm10.cram.crai	https://pub-4ffd5d52d77a41f7b1f7021fbd09c3d2.r2.dev/samples/Mtb151/M0011368_9/M0011368_9.mm2.AsmToH37Rv.asm10.cram.crai	68	2026-07-20T13:56:21Z
sample	Mtb151	M0011368_9	asm_cram	samples/Mtb151/M0011368_9/M0011368_9.mm2.AsmToH37Rv.asm10.cram	https://pub-4ffd5d52d77a41f7b1f7021fbd09c3d2.r2.dev/samples/Mtb151/M0011368_9/M0011368_9.mm2.AsmToH37Rv.asm10.cram	815659	2026-07-20T13:56:20Z
sample	Mtb151	M0014888_3	lr_100x_crai	samples/Mtb151/M0014888_3/M0014888_3.LR.AlnToH37Rv.Subsample100x.cram.crai	https://pub-4ffd5d52d77a41f7b1f7021fbd09c3d2.r2.dev/samples/Mtb151/M0014888_3/M0014888_3.LR.AlnToH37Rv.Subsample100x.cram.crai	2437	2026-07-23T16:46:07Z
sample	Mtb151	M0014888_3	lr_100x_cram	samples/Mtb151/M0014888_3/M0014888_3.LR.AlnToH37Rv.Subsample100x.cram	https://pub-4ffd5d52d77a41f7b1f7021fbd09c3d2.r2.dev/samples/Mtb151/M0014888_3/M0014888_3.LR.AlnToH37Rv.Subsample100x.cram	357729914	2026-07-23T16:46:04Z
sample	Mtb151	M0014888_3	lr_full_depth_crai	samples/Mtb151/M0014888_3/M0014888_3.LR.AlnToH37Rv.primary_only.cram.crai	https://pub-4ffd5d52d77a41f7b1f7021fbd09c3d2.r2.dev/samples/Mtb151/M0014888_3/M0014888_3.LR.AlnToH37Rv.primary_only.cram.crai	4170	2026-07-20T13:56:31Z
sample	Mtb151	M0014888_3	lr_full_depth_cram	samples/Mtb151/M0014888_3/M0014888_3.LR.AlnToH37Rv.primary_only.cram	https://pub-4ffd5d52d77a41f7b1f7021fbd09c3d2.r2.dev/samples/Mtb151/M0014888_3/M0014888_3.LR.AlnToH37Rv.primary_only.cram	611150430	2026-07-20T13:56:29Z
sample	Mtb151	M0014888_3	asm_crai	samples/Mtb151/M0014888_3/M0014888_3.mm2.AsmToH37Rv.asm10.cram.crai	https://pub-4ffd5d52d77a41f7b1f7021fbd09c3d2.r2.dev/samples/Mtb151/M0014888_3/M0014888_3.mm2.AsmToH37Rv.asm10.cram.crai	67	2026-07-20T13:56:33Z
sample	Mtb151	M0014888_3	asm_cram	samples/Mtb151/M0014888_3/M0014888_3.mm2.AsmToH37Rv.asm10.cram	https://pub-4ffd5d52d77a41f7b1f7021fbd09c3d2.r2.dev/samples/Mtb151/M0014888_3/M0014888_3.mm2.AsmToH37Rv.asm10.cram	749659	2026-07-20T13:56:32Z
sample	Mtb151	M0016395_7	lr_100x_crai	samples/Mtb151/M0016395_7/M0016395_7.LR.AlnToH37Rv.Subsample100x.cram.crai	https://pub-4ffd5d52d77a41f7b1f7021fbd09c3d2.r2.dev/samples/Mtb151/M0016395_7/M0016395_7.LR.AlnToH37Rv.Subsample100x.cram.crai	2594	2026-07-23T16:46:19Z
sample	Mtb151	M0016395_7	lr_100x_cram	samples/Mtb151/M0016395_7/M0016395_7.LR.AlnToH37Rv.Subsample100x.cram	https://pub-4ffd5d52d77a41f7b1f7021fbd09c3d2.r2.dev/samples/Mtb151/M0016395_7/M0016395_7.LR.AlnToH37Rv.Subsample100x.cram	387478781	2026-07-23T16:46:14Z
sample	Mtb151	M0016395_7	lr_full_depth_crai	samples/Mtb151/M0016395_7/M0016395_7.LR.AlnToH37Rv.primary_only.cram.crai	https://pub-4ffd5d52d77a41f7b1f7021fbd09c3d2.r2.dev/samples/Mtb151/M0016395_7/M0016395_7.LR.AlnToH37Rv.primary_only.cram.crai	4371	2026-07-20T13:56:43Z
sample	Mtb151	M0016395_7	lr_full_depth_cram	samples/Mtb151/M0016395_7/M0016395_7.LR.AlnToH37Rv.primary_only.cram	https://pub-4ffd5d52d77a41f7b1f7021fbd09c3d2.r2.dev/samples/Mtb151/M0016395_7/M0016395_7.LR.AlnToH37Rv.primary_only.cram	662370429	2026-07-20T13:56:42Z
sample	Mtb151	M0016395_7	asm_crai	samples/Mtb151/M0016395_7/M0016395_7.mm2.AsmToH37Rv.asm10.cram.crai	https://pub-4ffd5d52d77a41f7b1f7021fbd09c3d2.r2.dev/samples/Mtb151/M0016395_7/M0016395_7.mm2.AsmToH37Rv.asm10.cram.crai	67	2026-07-20T13:56:47Z
sample	Mtb151	M0016395_7	asm_cram	samples/Mtb151/M0016395_7/M0016395_7.mm2.AsmToH37Rv.asm10.cram	https://pub-4ffd5d52d77a41f7b1f7021fbd09c3d2.r2.dev/samples/Mtb151/M0016395_7/M0016395_7.mm2.AsmToH37Rv.asm10.cram	799668	2026-07-20T13:56:45Z
sample	Mtb151	M0016737_0	lr_100x_crai	samples/Mtb151/M0016737_0/M0016737_0.LR.AlnToH37Rv.Subsample100x.cram.crai	https://pub-4ffd5d52d77a41f7b1f7021fbd09c3d2.r2.dev/samples/Mtb151/M0016737_0/M0016737_0.LR.AlnToH37Rv.Subsample100x.cram.crai	2884	2026-07-23T16:47:35Z
sample	Mtb151	M0016737_0	lr_100x_cram	samples/Mtb151/M0016737_0/M0016737_0.LR.AlnToH37Rv.Subsample100x.cram	https://pub-4ffd5d52d77a41f7b1f7021fbd09c3d2.r2.dev/samples/Mtb151/M0016737_0/M0016737_0.LR.AlnToH37Rv.Subsample100x.cram	448340958	2026-07-23T16:47:30Z
sample	Mtb151	M0016737_0	lr_full_depth_crai	samples/Mtb151/M0016737_0/M0016737_0.LR.AlnToH37Rv.primary_only.cram.crai	https://pub-4ffd5d52d77a41f7b1f7021fbd09c3d2.r2.dev/samples/Mtb151/M0016737_0/M0016737_0.LR.AlnToH37Rv.primary_only.cram.crai	4184	2026-07-20T13:56:56Z
sample	Mtb151	M0016737_0	lr_full_depth_cram	samples/Mtb151/M0016737_0/M0016737_0.LR.AlnToH37Rv.primary_only.cram	https://pub-4ffd5d52d77a41f7b1f7021fbd09c3d2.r2.dev/samples/Mtb151/M0016737_0/M0016737_0.LR.AlnToH37Rv.primary_only.cram	652921267	2026-07-20T13:56:55Z
sample	Mtb151	M0016737_0	asm_crai	samples/Mtb151/M0016737_0/M0016737_0.mm2.AsmToH37Rv.asm10.cram.crai	https://pub-4ffd5d52d77a41f7b1f7021fbd09c3d2.r2.dev/samples/Mtb151/M0016737_0/M0016737_0.mm2.AsmToH37Rv.asm10.cram.crai	67	2026-07-20T13:56:59Z
sample	Mtb151	M0016737_0	asm_cram	samples/Mtb151/M0016737_0/M0016737_0.mm2.AsmToH37Rv.asm10.cram	https://pub-4ffd5d52d77a41f7b1f7021fbd09c3d2.r2.dev/samples/Mtb151/M0016737_0/M0016737_0.mm2.AsmToH37Rv.asm10.cram	801109	2026-07-20T13:56:57Z
sample	Mtb151	M0017522_5	lr_100x_crai	samples/Mtb151/M0017522_5/M0017522_5.LR.AlnToH37Rv.Subsample100x.cram.crai	https://pub-4ffd5d52d77a41f7b1f7021fbd09c3d2.r2.dev/samples/Mtb151/M0017522_5/M0017522_5.LR.AlnToH37Rv.Subsample100x.cram.crai	2466	2026-07-23T16:47:53Z
sample	Mtb151	M0017522_5	lr_100x_cram	samples/Mtb151/M0017522_5/M0017522_5.LR.AlnToH37Rv.Subsample100x.cram	https://pub-4ffd5d52d77a41f7b1f7021fbd09c3d2.r2.dev/samples/Mtb151/M0017522_5/M0017522_5.LR.AlnToH37Rv.Subsample100x.cram	364616110	2026-07-23T16:47:47Z
sample	Mtb151	M0017522_5	lr_full_depth_crai	samples/Mtb151/M0017522_5/M0017522_5.LR.AlnToH37Rv.primary_only.cram.crai	https://pub-4ffd5d52d77a41f7b1f7021fbd09c3d2.r2.dev/samples/Mtb151/M0017522_5/M0017522_5.LR.AlnToH37Rv.primary_only.cram.crai	3805	2026-07-20T13:57:08Z
sample	Mtb151	M0017522_5	lr_full_depth_cram	samples/Mtb151/M0017522_5/M0017522_5.LR.AlnToH37Rv.primary_only.cram	https://pub-4ffd5d52d77a41f7b1f7021fbd09c3d2.r2.dev/samples/Mtb151/M0017522_5/M0017522_5.LR.AlnToH37Rv.primary_only.cram	550778829	2026-07-20T13:57:07Z
sample	Mtb151	M0017522_5	asm_crai	samples/Mtb151/M0017522_5/M0017522_5.mm2.AsmToH37Rv.asm10.cram.crai	https://pub-4ffd5d52d77a41f7b1f7021fbd09c3d2.r2.dev/samples/Mtb151/M0017522_5/M0017522_5.mm2.AsmToH37Rv.asm10.cram.crai	67	2026-07-20T13:57:10Z
sample	Mtb151	M0017522_5	asm_cram	samples/Mtb151/M0017522_5/M0017522_5.mm2.AsmToH37Rv.asm10.cram	https://pub-4ffd5d52d77a41f7b1f7021fbd09c3d2.r2.dev/samples/Mtb151/M0017522_5/M0017522_5.mm2.AsmToH37Rv.asm10.cram	802080	2026-07-20T13:57:09Z
sample	Mtb151	MT_0080	lr_100x_crai	samples/Mtb151/MT_0080/MT_0080.LR.AlnToH37Rv.Subsample100x.cram.crai	https://pub-4ffd5d52d77a41f7b1f7021fbd09c3d2.r2.dev/samples/Mtb151/MT_0080/MT_0080.LR.AlnToH37Rv.Subsample100x.cram.crai	2305	2026-07-23T16:48:42Z
sample	Mtb151	MT_0080	lr_100x_cram	samples/Mtb151/MT_0080/MT_0080.LR.AlnToH37Rv.Subsample100x.cram	https://pub-4ffd5d52d77a41f7b1f7021fbd09c3d2.r2.dev/samples/Mtb151/MT_0080/MT_0080.LR.AlnToH37Rv.Subsample100x.cram	307447790	2026-07-23T16:48:38Z
sample	Mtb151	MT_0080	lr_full_depth_crai	samples/Mtb151/MT_0080/MT_0080.LR.AlnToH37Rv.primary_only.cram.crai	https://pub-4ffd5d52d77a41f7b1f7021fbd09c3d2.r2.dev/samples/Mtb151/MT_0080/MT_0080.LR.AlnToH37Rv.primary_only.cram.crai	5111	2026-07-20T14:02:56Z
sample	Mtb151	MT_0080	lr_full_depth_cram	samples/Mtb151/MT_0080/MT_0080.LR.AlnToH37Rv.primary_only.cram	https://pub-4ffd5d52d77a41f7b1f7021fbd09c3d2.r2.dev/samples/Mtb151/MT_0080/MT_0080.LR.AlnToH37Rv.primary_only.cram	683190879	2026-07-20T14:02:54Z
sample	Mtb151	MT_0080	asm_crai	samples/Mtb151/MT_0080/MT_0080.mm2.AsmToH37Rv.asm10.cram.crai	https://pub-4ffd5d52d77a41f7b1f7021fbd09c3d2.r2.dev/samples/Mtb151/MT_0080/MT_0080.mm2.AsmToH37Rv.asm10.cram.crai	67	2026-07-20T14:02:58Z
sample	Mtb151	MT_0080	asm_cram	samples/Mtb151/MT_0080/MT_0080.mm2.AsmToH37Rv.asm10.cram	https://pub-4ffd5d52d77a41f7b1f7021fbd09c3d2.r2.dev/samples/Mtb151/MT_0080/MT_0080.mm2.AsmToH37Rv.asm10.cram	804959	2026-07-20T14:02:57Z
sample	Mtb151	N0004	lr_100x_crai	samples/Mtb151/N0004/N0004.LR.AlnToH37Rv.Subsample100x.cram.crai	https://pub-4ffd5d52d77a41f7b1f7021fbd09c3d2.r2.dev/samples/Mtb151/N0004/N0004.LR.AlnToH37Rv.Subsample100x.cram.crai	2168	2026-07-23T16:44:36Z
sample	Mtb151	N0004	lr_100x_cram	samples/Mtb151/N0004/N0004.LR.AlnToH37Rv.Subsample100x.cram	https://pub-4ffd5d52d77a41f7b1f7021fbd09c3d2.r2.dev/samples/Mtb151/N0004/N0004.LR.AlnToH37Rv.Subsample100x.cram	307754711	2026-07-23T16:44:33Z
sample	Mtb151	N0004	lr_full_depth_crai	samples/Mtb151/N0004/N0004.LR.AlnToH37Rv.primary_only.cram.crai	https://pub-4ffd5d52d77a41f7b1f7021fbd09c3d2.r2.dev/samples/Mtb151/N0004/N0004.LR.AlnToH37Rv.primary_only.cram.crai	5398	2026-07-20T14:03:09Z
sample	Mtb151	N0004	lr_full_depth_cram	samples/Mtb151/N0004/N0004.LR.AlnToH37Rv.primary_only.cram	https://pub-4ffd5d52d77a41f7b1f7021fbd09c3d2.r2.dev/samples/Mtb151/N0004/N0004.LR.AlnToH37Rv.primary_only.cram	766227625	2026-07-20T14:03:08Z
sample	Mtb151	N0004	asm_crai	samples/Mtb151/N0004/N0004.mm2.AsmToH37Rv.asm10.cram.crai	https://pub-4ffd5d52d77a41f7b1f7021fbd09c3d2.r2.dev/samples/Mtb151/N0004/N0004.mm2.AsmToH37Rv.asm10.cram.crai	67	2026-07-20T14:03:11Z
sample	Mtb151	N0004	asm_cram	samples/Mtb151/N0004/N0004.mm2.AsmToH37Rv.asm10.cram	https://pub-4ffd5d52d77a41f7b1f7021fbd09c3d2.r2.dev/samples/Mtb151/N0004/N0004.mm2.AsmToH37Rv.asm10.cram	863646	2026-07-20T14:03:10Z
sample	Mtb151	N0054	lr_100x_crai	samples/Mtb151/N0054/N0054.LR.AlnToH37Rv.Subsample100x.cram.crai	https://pub-4ffd5d52d77a41f7b1f7021fbd09c3d2.r2.dev/samples/Mtb151/N0054/N0054.LR.AlnToH37Rv.Subsample100x.cram.crai	2134	2026-07-23T16:44:57Z
sample	Mtb151	N0054	lr_100x_cram	samples/Mtb151/N0054/N0054.LR.AlnToH37Rv.Subsample100x.cram	https://pub-4ffd5d52d77a41f7b1f7021fbd09c3d2.r2.dev/samples/Mtb151/N0054/N0054.LR.AlnToH37Rv.Subsample100x.cram	303353499	2026-07-23T16:44:54Z
sample	Mtb151	N0054	lr_full_depth_crai	samples/Mtb151/N0054/N0054.LR.AlnToH37Rv.primary_only.cram.crai	https://pub-4ffd5d52d77a41f7b1f7021fbd09c3d2.r2.dev/samples/Mtb151/N0054/N0054.LR.AlnToH37Rv.primary_only.cram.crai	4644	2026-07-20T14:03:20Z
sample	Mtb151	N0054	lr_full_depth_cram	samples/Mtb151/N0054/N0054.LR.AlnToH37Rv.primary_only.cram	https://pub-4ffd5d52d77a41f7b1f7021fbd09c3d2.r2.dev/samples/Mtb151/N0054/N0054.LR.AlnToH37Rv.primary_only.cram	661418740	2026-07-20T14:03:19Z
sample	Mtb151	N0054	asm_crai	samples/Mtb151/N0054/N0054.mm2.AsmToH37Rv.asm10.cram.crai	https://pub-4ffd5d52d77a41f7b1f7021fbd09c3d2.r2.dev/samples/Mtb151/N0054/N0054.mm2.AsmToH37Rv.asm10.cram.crai	68	2026-07-20T14:03:22Z
sample	Mtb151	N0054	asm_cram	samples/Mtb151/N0054/N0054.mm2.AsmToH37Rv.asm10.cram	https://pub-4ffd5d52d77a41f7b1f7021fbd09c3d2.r2.dev/samples/Mtb151/N0054/N0054.mm2.AsmToH37Rv.asm10.cram	864305	2026-07-20T14:03:21Z
sample	Mtb151	N0072	lr_100x_crai	samples/Mtb151/N0072/N0072.LR.AlnToH37Rv.Subsample100x.cram.crai	https://pub-4ffd5d52d77a41f7b1f7021fbd09c3d2.r2.dev/samples/Mtb151/N0072/N0072.LR.AlnToH37Rv.Subsample100x.cram.crai	2307	2026-07-23T16:43:48Z
sample	Mtb151	N0072	lr_100x_cram	samples/Mtb151/N0072/N0072.LR.AlnToH37Rv.Subsample100x.cram	https://pub-4ffd5d52d77a41f7b1f7021fbd09c3d2.r2.dev/samples/Mtb151/N0072/N0072.LR.AlnToH37Rv.Subsample100x.cram	338096651	2026-07-23T16:43:45Z
sample	Mtb151	N0072	lr_full_depth_crai	samples/Mtb151/N0072/N0072.LR.AlnToH37Rv.primary_only.cram.crai	https://pub-4ffd5d52d77a41f7b1f7021fbd09c3d2.r2.dev/samples/Mtb151/N0072/N0072.LR.AlnToH37Rv.primary_only.cram.crai	7609	2026-07-20T14:03:36Z
sample	Mtb151	N0072	lr_full_depth_cram	samples/Mtb151/N0072/N0072.LR.AlnToH37Rv.primary_only.cram	https://pub-4ffd5d52d77a41f7b1f7021fbd09c3d2.r2.dev/samples/Mtb151/N0072/N0072.LR.AlnToH37Rv.primary_only.cram	1118213075	2026-07-20T14:03:35Z
sample	Mtb151	N0072	asm_crai	samples/Mtb151/N0072/N0072.mm2.AsmToH37Rv.asm10.cram.crai	https://pub-4ffd5d52d77a41f7b1f7021fbd09c3d2.r2.dev/samples/Mtb151/N0072/N0072.mm2.AsmToH37Rv.asm10.cram.crai	67	2026-07-20T14:03:38Z
sample	Mtb151	N0072	asm_cram	samples/Mtb151/N0072/N0072.mm2.AsmToH37Rv.asm10.cram	https://pub-4ffd5d52d77a41f7b1f7021fbd09c3d2.r2.dev/samples/Mtb151/N0072/N0072.mm2.AsmToH37Rv.asm10.cram	803706	2026-07-20T14:03:37Z
sample	Mtb151	N0091	lr_100x_crai	samples/Mtb151/N0091/N0091.LR.AlnToH37Rv.Subsample100x.cram.crai	https://pub-4ffd5d52d77a41f7b1f7021fbd09c3d2.r2.dev/samples/Mtb151/N0091/N0091.LR.AlnToH37Rv.Subsample100x.cram.crai	2486	2026-07-23T16:45:25Z
sample	Mtb151	N0091	lr_100x_cram	samples/Mtb151/N0091/N0091.LR.AlnToH37Rv.Subsample100x.cram	https://pub-4ffd5d52d77a41f7b1f7021fbd09c3d2.r2.dev/samples/Mtb151/N0091/N0091.LR.AlnToH37Rv.Subsample100x.cram	391726333	2026-07-23T16:45:21Z
sample	Mtb151	N0091	lr_full_depth_crai	samples/Mtb151/N0091/N0091.LR.AlnToH37Rv.primary_only.cram.crai	https://pub-4ffd5d52d77a41f7b1f7021fbd09c3d2.r2.dev/samples/Mtb151/N0091/N0091.LR.AlnToH37Rv.primary_only.cram.crai	7564	2026-07-20T14:03:54Z
sample	Mtb151	N0091	lr_full_depth_cram	samples/Mtb151/N0091/N0091.LR.AlnToH37Rv.primary_only.cram	https://pub-4ffd5d52d77a41f7b1f7021fbd09c3d2.r2.dev/samples/Mtb151/N0091/N0091.LR.AlnToH37Rv.primary_only.cram	1175617381	2026-07-20T14:03:52Z
sample	Mtb151	N0091	asm_crai	samples/Mtb151/N0091/N0091.mm2.AsmToH37Rv.asm10.cram.crai	https://pub-4ffd5d52d77a41f7b1f7021fbd09c3d2.r2.dev/samples/Mtb151/N0091/N0091.mm2.AsmToH37Rv.asm10.cram.crai	67	2026-07-20T14:03:57Z
sample	Mtb151	N0091	asm_cram	samples/Mtb151/N0091/N0091.mm2.AsmToH37Rv.asm10.cram	https://pub-4ffd5d52d77a41f7b1f7021fbd09c3d2.r2.dev/samples/Mtb151/N0091/N0091.mm2.AsmToH37Rv.asm10.cram	908725	2026-07-20T14:03:55Z
sample	Mtb151	N0145	lr_100x_crai	samples/Mtb151/N0145/N0145.LR.AlnToH37Rv.Subsample100x.cram.crai	https://pub-4ffd5d52d77a41f7b1f7021fbd09c3d2.r2.dev/samples/Mtb151/N0145/N0145.LR.AlnToH37Rv.Subsample100x.cram.crai	2283	2026-07-23T16:44:14Z
sample	Mtb151	N0145	lr_100x_cram	samples/Mtb151/N0145/N0145.LR.AlnToH37Rv.Subsample100x.cram	https://pub-4ffd5d52d77a41f7b1f7021fbd09c3d2.r2.dev/samples/Mtb151/N0145/N0145.LR.AlnToH37Rv.Subsample100x.cram	335357280	2026-07-23T16:44:10Z
sample	Mtb151	N0145	lr_full_depth_crai	samples/Mtb151/N0145/N0145.LR.AlnToH37Rv.primary_only.cram.crai	https://pub-4ffd5d52d77a41f7b1f7021fbd09c3d2.r2.dev/samples/Mtb151/N0145/N0145.LR.AlnToH37Rv.primary_only.cram.crai	7437	2026-07-20T14:04:09Z
sample	Mtb151	N0145	lr_full_depth_cram	samples/Mtb151/N0145/N0145.LR.AlnToH37Rv.primary_only.cram	https://pub-4ffd5d52d77a41f7b1f7021fbd09c3d2.r2.dev/samples/Mtb151/N0145/N0145.LR.AlnToH37Rv.primary_only.cram	1088732685	2026-07-20T14:04:08Z
sample	Mtb151	N0145	asm_crai	samples/Mtb151/N0145/N0145.mm2.AsmToH37Rv.asm10.cram.crai	https://pub-4ffd5d52d77a41f7b1f7021fbd09c3d2.r2.dev/samples/Mtb151/N0145/N0145.mm2.AsmToH37Rv.asm10.cram.crai	66	2026-07-20T14:04:11Z
sample	Mtb151	N0145	asm_cram	samples/Mtb151/N0145/N0145.mm2.AsmToH37Rv.asm10.cram	https://pub-4ffd5d52d77a41f7b1f7021fbd09c3d2.r2.dev/samples/Mtb151/N0145/N0145.mm2.AsmToH37Rv.asm10.cram	881235	2026-07-20T14:04:10Z
sample	Mtb151	N0153	lr_100x_crai	samples/Mtb151/N0153/N0153.LR.AlnToH37Rv.Subsample100x.cram.crai	https://pub-4ffd5d52d77a41f7b1f7021fbd09c3d2.r2.dev/samples/Mtb151/N0153/N0153.LR.AlnToH37Rv.Subsample100x.cram.crai	2438	2026-07-23T16:44:00Z
sample	Mtb151	N0153	lr_100x_cram	samples/Mtb151/N0153/N0153.LR.AlnToH37Rv.Subsample100x.cram	https://pub-4ffd5d52d77a41f7b1f7021fbd09c3d2.r2.dev/samples/Mtb151/N0153/N0153.LR.AlnToH37Rv.Subsample100x.cram	374095475	2026-07-23T16:43:57Z
sample	Mtb151	N0153	lr_full_depth_crai	samples/Mtb151/N0153/N0153.LR.AlnToH37Rv.primary_only.cram.crai	https://pub-4ffd5d52d77a41f7b1f7021fbd09c3d2.r2.dev/samples/Mtb151/N0153/N0153.LR.AlnToH37Rv.primary_only.cram.crai	8338	2026-07-20T14:04:25Z
sample	Mtb151	N0153	lr_full_depth_cram	samples/Mtb151/N0153/N0153.LR.AlnToH37Rv.primary_only.cram	https://pub-4ffd5d52d77a41f7b1f7021fbd09c3d2.r2.dev/samples/Mtb151/N0153/N0153.LR.AlnToH37Rv.primary_only.cram	1265490508	2026-07-20T14:04:24Z
sample	Mtb151	N0153	asm_crai	samples/Mtb151/N0153/N0153.mm2.AsmToH37Rv.asm10.cram.crai	https://pub-4ffd5d52d77a41f7b1f7021fbd09c3d2.r2.dev/samples/Mtb151/N0153/N0153.mm2.AsmToH37Rv.asm10.cram.crai	67	2026-07-20T14:04:27Z
sample	Mtb151	N0153	asm_cram	samples/Mtb151/N0153/N0153.mm2.AsmToH37Rv.asm10.cram	https://pub-4ffd5d52d77a41f7b1f7021fbd09c3d2.r2.dev/samples/Mtb151/N0153/N0153.mm2.AsmToH37Rv.asm10.cram	902950	2026-07-20T14:04:26Z
sample	Mtb151	N0155	lr_100x_crai	samples/Mtb151/N0155/N0155.LR.AlnToH37Rv.Subsample100x.cram.crai	https://pub-4ffd5d52d77a41f7b1f7021fbd09c3d2.r2.dev/samples/Mtb151/N0155/N0155.LR.AlnToH37Rv.Subsample100x.cram.crai	2335	2026-07-23T16:44:26Z
sample	Mtb151	N0155	lr_100x_cram	samples/Mtb151/N0155/N0155.LR.AlnToH37Rv.Subsample100x.cram	https://pub-4ffd5d52d77a41f7b1f7021fbd09c3d2.r2.dev/samples/Mtb151/N0155/N0155.LR.AlnToH37Rv.Subsample100x.cram	344422059	2026-07-23T16:44:22Z
sample	Mtb151	N0155	lr_full_depth_crai	samples/Mtb151/N0155/N0155.LR.AlnToH37Rv.primary_only.cram.crai	https://pub-4ffd5d52d77a41f7b1f7021fbd09c3d2.r2.dev/samples/Mtb151/N0155/N0155.LR.AlnToH37Rv.primary_only.cram.crai	7066	2026-07-20T14:04:41Z
sample	Mtb151	N0155	lr_full_depth_cram	samples/Mtb151/N0155/N0155.LR.AlnToH37Rv.primary_only.cram	https://pub-4ffd5d52d77a41f7b1f7021fbd09c3d2.r2.dev/samples/Mtb151/N0155/N0155.LR.AlnToH37Rv.primary_only.cram	1046722944	2026-07-20T14:04:40Z
sample	Mtb151	N0155	asm_crai	samples/Mtb151/N0155/N0155.mm2.AsmToH37Rv.asm10.cram.crai	https://pub-4ffd5d52d77a41f7b1f7021fbd09c3d2.r2.dev/samples/Mtb151/N0155/N0155.mm2.AsmToH37Rv.asm10.cram.crai	68	2026-07-20T14:04:44Z
sample	Mtb151	N0155	asm_cram	samples/Mtb151/N0155/N0155.mm2.AsmToH37Rv.asm10.cram	https://pub-4ffd5d52d77a41f7b1f7021fbd09c3d2.r2.dev/samples/Mtb151/N0155/N0155.mm2.AsmToH37Rv.asm10.cram	824465	2026-07-20T14:04:43Z
sample	Mtb151	N1176	lr_100x_crai	samples/Mtb151/N1176/N1176.LR.AlnToH37Rv.Subsample100x.cram.crai	https://pub-4ffd5d52d77a41f7b1f7021fbd09c3d2.r2.dev/samples/Mtb151/N1176/N1176.LR.AlnToH37Rv.Subsample100x.cram.crai	2084	2026-07-23T16:43:38Z
sample	Mtb151	N1176	lr_100x_cram	samples/Mtb151/N1176/N1176.LR.AlnToH37Rv.Subsample100x.cram	https://pub-4ffd5d52d77a41f7b1f7021fbd09c3d2.r2.dev/samples/Mtb151/N1176/N1176.LR.AlnToH37Rv.Subsample100x.cram	295717725	2026-07-23T16:43:35Z
sample	Mtb151	N1176	lr_full_depth_crai	samples/Mtb151/N1176/N1176.LR.AlnToH37Rv.primary_only.cram.crai	https://pub-4ffd5d52d77a41f7b1f7021fbd09c3d2.r2.dev/samples/Mtb151/N1176/N1176.LR.AlnToH37Rv.primary_only.cram.crai	4046	2026-07-20T14:04:51Z
sample	Mtb151	N1176	lr_full_depth_cram	samples/Mtb151/N1176/N1176.LR.AlnToH37Rv.primary_only.cram	https://pub-4ffd5d52d77a41f7b1f7021fbd09c3d2.r2.dev/samples/Mtb151/N1176/N1176.LR.AlnToH37Rv.primary_only.cram	581811222	2026-07-20T14:04:50Z
sample	Mtb151	N1176	asm_crai	samples/Mtb151/N1176/N1176.mm2.AsmToH37Rv.asm10.cram.crai	https://pub-4ffd5d52d77a41f7b1f7021fbd09c3d2.r2.dev/samples/Mtb151/N1176/N1176.mm2.AsmToH37Rv.asm10.cram.crai	68	2026-07-20T14:04:54Z
sample	Mtb151	N1176	asm_cram	samples/Mtb151/N1176/N1176.mm2.AsmToH37Rv.asm10.cram	https://pub-4ffd5d52d77a41f7b1f7021fbd09c3d2.r2.dev/samples/Mtb151/N1176/N1176.mm2.AsmToH37Rv.asm10.cram	807343	2026-07-20T14:04:52Z
sample	Mtb151	N1177	lr_100x_crai	samples/Mtb151/N1177/N1177.LR.AlnToH37Rv.Subsample100x.cram.crai	https://pub-4ffd5d52d77a41f7b1f7021fbd09c3d2.r2.dev/samples/Mtb151/N1177/N1177.LR.AlnToH37Rv.Subsample100x.cram.crai	2323	2026-07-23T16:45:47Z
sample	Mtb151	N1177	lr_100x_cram	samples/Mtb151/N1177/N1177.LR.AlnToH37Rv.Subsample100x.cram	https://pub-4ffd5d52d77a41f7b1f7021fbd09c3d2.r2.dev/samples/Mtb151/N1177/N1177.LR.AlnToH37Rv.Subsample100x.cram	349729800	2026-07-23T16:45:45Z
sample	Mtb151	N1177	lr_full_depth_crai	samples/Mtb151/N1177/N1177.LR.AlnToH37Rv.primary_only.cram.crai	https://pub-4ffd5d52d77a41f7b1f7021fbd09c3d2.r2.dev/samples/Mtb151/N1177/N1177.LR.AlnToH37Rv.primary_only.cram.crai	7075	2026-07-20T14:05:09Z
sample	Mtb151	N1177	lr_full_depth_cram	samples/Mtb151/N1177/N1177.LR.AlnToH37Rv.primary_only.cram	https://pub-4ffd5d52d77a41f7b1f7021fbd09c3d2.r2.dev/samples/Mtb151/N1177/N1177.LR.AlnToH37Rv.primary_only.cram	1054435577	2026-07-20T14:05:07Z
sample	Mtb151	N1177	asm_crai	samples/Mtb151/N1177/N1177.mm2.AsmToH37Rv.asm10.cram.crai	https://pub-4ffd5d52d77a41f7b1f7021fbd09c3d2.r2.dev/samples/Mtb151/N1177/N1177.mm2.AsmToH37Rv.asm10.cram.crai	68	2026-07-20T14:05:11Z
sample	Mtb151	N1177	asm_cram	samples/Mtb151/N1177/N1177.mm2.AsmToH37Rv.asm10.cram	https://pub-4ffd5d52d77a41f7b1f7021fbd09c3d2.r2.dev/samples/Mtb151/N1177/N1177.mm2.AsmToH37Rv.asm10.cram	905096	2026-07-20T14:05:10Z
sample	Mtb151	N1202	lr_100x_crai	samples/Mtb151/N1202/N1202.LR.AlnToH37Rv.Subsample100x.cram.crai	https://pub-4ffd5d52d77a41f7b1f7021fbd09c3d2.r2.dev/samples/Mtb151/N1202/N1202.LR.AlnToH37Rv.Subsample100x.cram.crai	2514	2026-07-23T16:45:37Z
sample	Mtb151	N1202	lr_100x_cram	samples/Mtb151/N1202/N1202.LR.AlnToH37Rv.Subsample100x.cram	https://pub-4ffd5d52d77a41f7b1f7021fbd09c3d2.r2.dev/samples/Mtb151/N1202/N1202.LR.AlnToH37Rv.Subsample100x.cram	390575014	2026-07-23T16:45:33Z
sample	Mtb151	N1202	lr_full_depth_crai	samples/Mtb151/N1202/N1202.LR.AlnToH37Rv.primary_only.cram.crai	https://pub-4ffd5d52d77a41f7b1f7021fbd09c3d2.r2.dev/samples/Mtb151/N1202/N1202.LR.AlnToH37Rv.primary_only.cram.crai	8024	2026-07-20T14:05:26Z
sample	Mtb151	N1202	lr_full_depth_cram	samples/Mtb151/N1202/N1202.LR.AlnToH37Rv.primary_only.cram	https://pub-4ffd5d52d77a41f7b1f7021fbd09c3d2.r2.dev/samples/Mtb151/N1202/N1202.LR.AlnToH37Rv.primary_only.cram	1233000759	2026-07-20T14:05:25Z
sample	Mtb151	N1202	asm_crai	samples/Mtb151/N1202/N1202.mm2.AsmToH37Rv.asm10.cram.crai	https://pub-4ffd5d52d77a41f7b1f7021fbd09c3d2.r2.dev/samples/Mtb151/N1202/N1202.mm2.AsmToH37Rv.asm10.cram.crai	68	2026-07-20T14:05:29Z
sample	Mtb151	N1202	asm_cram	samples/Mtb151/N1202/N1202.mm2.AsmToH37Rv.asm10.cram	https://pub-4ffd5d52d77a41f7b1f7021fbd09c3d2.r2.dev/samples/Mtb151/N1202/N1202.mm2.AsmToH37Rv.asm10.cram	907268	2026-07-20T14:05:27Z
sample	Mtb151	N1272	lr_100x_crai	samples/Mtb151/N1272/N1272.LR.AlnToH37Rv.Subsample100x.cram.crai	https://pub-4ffd5d52d77a41f7b1f7021fbd09c3d2.r2.dev/samples/Mtb151/N1272/N1272.LR.AlnToH37Rv.Subsample100x.cram.crai	2484	2026-07-23T16:45:10Z
sample	Mtb151	N1272	lr_100x_cram	samples/Mtb151/N1272/N1272.LR.AlnToH37Rv.Subsample100x.cram	https://pub-4ffd5d52d77a41f7b1f7021fbd09c3d2.r2.dev/samples/Mtb151/N1272/N1272.LR.AlnToH37Rv.Subsample100x.cram	381183255	2026-07-23T16:45:07Z
sample	Mtb151	N1272	lr_full_depth_crai	samples/Mtb151/N1272/N1272.LR.AlnToH37Rv.primary_only.cram.crai	https://pub-4ffd5d52d77a41f7b1f7021fbd09c3d2.r2.dev/samples/Mtb151/N1272/N1272.LR.AlnToH37Rv.primary_only.cram.crai	8119	2026-07-20T14:05:45Z
sample	Mtb151	N1272	lr_full_depth_cram	samples/Mtb151/N1272/N1272.LR.AlnToH37Rv.primary_only.cram	https://pub-4ffd5d52d77a41f7b1f7021fbd09c3d2.r2.dev/samples/Mtb151/N1272/N1272.LR.AlnToH37Rv.primary_only.cram	1245897071	2026-07-20T14:05:44Z
sample	Mtb151	N1272	asm_crai	samples/Mtb151/N1272/N1272.mm2.AsmToH37Rv.asm10.cram.crai	https://pub-4ffd5d52d77a41f7b1f7021fbd09c3d2.r2.dev/samples/Mtb151/N1272/N1272.mm2.AsmToH37Rv.asm10.cram.crai	67	2026-07-20T14:05:48Z
sample	Mtb151	N1272	asm_cram	samples/Mtb151/N1272/N1272.mm2.AsmToH37Rv.asm10.cram	https://pub-4ffd5d52d77a41f7b1f7021fbd09c3d2.r2.dev/samples/Mtb151/N1272/N1272.mm2.AsmToH37Rv.asm10.cram	870278	2026-07-20T14:05:47Z
sample	Mtb151	N1274	lr_100x_crai	samples/Mtb151/N1274/N1274.LR.AlnToH37Rv.Subsample100x.cram.crai	https://pub-4ffd5d52d77a41f7b1f7021fbd09c3d2.r2.dev/samples/Mtb151/N1274/N1274.LR.AlnToH37Rv.Subsample100x.cram.crai	2304	2026-07-23T16:44:47Z
sample	Mtb151	N1274	lr_100x_cram	samples/Mtb151/N1274/N1274.LR.AlnToH37Rv.Subsample100x.cram	https://pub-4ffd5d52d77a41f7b1f7021fbd09c3d2.r2.dev/samples/Mtb151/N1274/N1274.LR.AlnToH37Rv.Subsample100x.cram	340720904	2026-07-23T16:44:44Z
sample	Mtb151	N1274	lr_full_depth_crai	samples/Mtb151/N1274/N1274.LR.AlnToH37Rv.primary_only.cram.crai	https://pub-4ffd5d52d77a41f7b1f7021fbd09c3d2.r2.dev/samples/Mtb151/N1274/N1274.LR.AlnToH37Rv.primary_only.cram.crai	7684	2026-07-20T14:06:01Z
sample	Mtb151	N1274	lr_full_depth_cram	samples/Mtb151/N1274/N1274.LR.AlnToH37Rv.primary_only.cram	https://pub-4ffd5d52d77a41f7b1f7021fbd09c3d2.r2.dev/samples/Mtb151/N1274/N1274.LR.AlnToH37Rv.primary_only.cram	1141172174	2026-07-20T14:06:00Z
sample	Mtb151	N1274	asm_crai	samples/Mtb151/N1274/N1274.mm2.AsmToH37Rv.asm10.cram.crai	https://pub-4ffd5d52d77a41f7b1f7021fbd09c3d2.r2.dev/samples/Mtb151/N1274/N1274.mm2.AsmToH37Rv.asm10.cram.crai	68	2026-07-20T14:06:04Z
sample	Mtb151	N1274	asm_cram	samples/Mtb151/N1274/N1274.mm2.AsmToH37Rv.asm10.cram	https://pub-4ffd5d52d77a41f7b1f7021fbd09c3d2.r2.dev/samples/Mtb151/N1274/N1274.mm2.AsmToH37Rv.asm10.cram	808198	2026-07-20T14:06:02Z
sample	Mtb151	QC-1	lr_100x_crai	samples/Mtb151/QC-1/QC-1.LR.AlnToH37Rv.Subsample100x.cram.crai	https://pub-4ffd5d52d77a41f7b1f7021fbd09c3d2.r2.dev/samples/Mtb151/QC-1/QC-1.LR.AlnToH37Rv.Subsample100x.cram.crai	1443	2026-07-23T17:08:52Z
sample	Mtb151	QC-1	lr_100x_cram	samples/Mtb151/QC-1/QC-1.LR.AlnToH37Rv.Subsample100x.cram	https://pub-4ffd5d52d77a41f7b1f7021fbd09c3d2.r2.dev/samples/Mtb151/QC-1/QC-1.LR.AlnToH37Rv.Subsample100x.cram	229991495	2026-07-23T17:08:49Z
sample	Mtb151	QC-1	lr_full_depth_crai	samples/Mtb151/QC-1/QC-1.LR.AlnToH37Rv.primary_only.cram.crai	https://pub-4ffd5d52d77a41f7b1f7021fbd09c3d2.r2.dev/samples/Mtb151/QC-1/QC-1.LR.AlnToH37Rv.primary_only.cram.crai	1427	2026-07-20T14:06:08Z
sample	Mtb151	QC-1	lr_full_depth_cram	samples/Mtb151/QC-1/QC-1.LR.AlnToH37Rv.primary_only.cram	https://pub-4ffd5d52d77a41f7b1f7021fbd09c3d2.r2.dev/samples/Mtb151/QC-1/QC-1.LR.AlnToH37Rv.primary_only.cram	230099851	2026-07-20T14:06:07Z
sample	Mtb151	QC-1	asm_crai	samples/Mtb151/QC-1/QC-1.mm2.AsmToH37Rv.asm10.cram.crai	https://pub-4ffd5d52d77a41f7b1f7021fbd09c3d2.r2.dev/samples/Mtb151/QC-1/QC-1.mm2.AsmToH37Rv.asm10.cram.crai	68	2026-07-20T14:06:11Z
sample	Mtb151	QC-1	asm_cram	samples/Mtb151/QC-1/QC-1.mm2.AsmToH37Rv.asm10.cram	https://pub-4ffd5d52d77a41f7b1f7021fbd09c3d2.r2.dev/samples/Mtb151/QC-1/QC-1.mm2.AsmToH37Rv.asm10.cram	794735	2026-07-20T14:06:10Z
sample	Mtb151	QC-10	lr_100x_crai	samples/Mtb151/QC-10/QC-10.LR.AlnToH37Rv.Subsample100x.cram.crai	https://pub-4ffd5d52d77a41f7b1f7021fbd09c3d2.r2.dev/samples/Mtb151/QC-10/QC-10.LR.AlnToH37Rv.Subsample100x.cram.crai	631	2026-07-23T17:07:35Z
sample	Mtb151	QC-10	lr_100x_cram	samples/Mtb151/QC-10/QC-10.LR.AlnToH37Rv.Subsample100x.cram	https://pub-4ffd5d52d77a41f7b1f7021fbd09c3d2.r2.dev/samples/Mtb151/QC-10/QC-10.LR.AlnToH37Rv.Subsample100x.cram	95600707	2026-07-23T17:07:31Z
sample	Mtb151	QC-10	lr_full_depth_crai	samples/Mtb151/QC-10/QC-10.LR.AlnToH37Rv.primary_only.cram.crai	https://pub-4ffd5d52d77a41f7b1f7021fbd09c3d2.r2.dev/samples/Mtb151/QC-10/QC-10.LR.AlnToH37Rv.primary_only.cram.crai	622	2026-07-20T14:06:17Z
sample	Mtb151	QC-10	lr_full_depth_cram	samples/Mtb151/QC-10/QC-10.LR.AlnToH37Rv.primary_only.cram	https://pub-4ffd5d52d77a41f7b1f7021fbd09c3d2.r2.dev/samples/Mtb151/QC-10/QC-10.LR.AlnToH37Rv.primary_only.cram	95600484	2026-07-20T14:06:16Z
sample	Mtb151	QC-10	asm_crai	samples/Mtb151/QC-10/QC-10.mm2.AsmToH37Rv.asm10.cram.crai	https://pub-4ffd5d52d77a41f7b1f7021fbd09c3d2.r2.dev/samples/Mtb151/QC-10/QC-10.mm2.AsmToH37Rv.asm10.cram.crai	67	2026-07-20T14:06:19Z
sample	Mtb151	QC-10	asm_cram	samples/Mtb151/QC-10/QC-10.mm2.AsmToH37Rv.asm10.cram	https://pub-4ffd5d52d77a41f7b1f7021fbd09c3d2.r2.dev/samples/Mtb151/QC-10/QC-10.mm2.AsmToH37Rv.asm10.cram	840273	2026-07-20T14:06:18Z
sample	Mtb151	QC-3	lr_100x_crai	samples/Mtb151/QC-3/QC-3.LR.AlnToH37Rv.Subsample100x.cram.crai	https://pub-4ffd5d52d77a41f7b1f7021fbd09c3d2.r2.dev/samples/Mtb151/QC-3/QC-3.LR.AlnToH37Rv.Subsample100x.cram.crai	1398	2026-07-23T17:08:41Z
sample	Mtb151	QC-3	lr_100x_cram	samples/Mtb151/QC-3/QC-3.LR.AlnToH37Rv.Subsample100x.cram	https://pub-4ffd5d52d77a41f7b1f7021fbd09c3d2.r2.dev/samples/Mtb151/QC-3/QC-3.LR.AlnToH37Rv.Subsample100x.cram	226936276	2026-07-23T17:08:38Z
sample	Mtb151	QC-3	lr_full_depth_crai	samples/Mtb151/QC-3/QC-3.LR.AlnToH37Rv.primary_only.cram.crai	https://pub-4ffd5d52d77a41f7b1f7021fbd09c3d2.r2.dev/samples/Mtb151/QC-3/QC-3.LR.AlnToH37Rv.primary_only.cram.crai	1416	2026-07-20T14:06:26Z
sample	Mtb151	QC-3	lr_full_depth_cram	samples/Mtb151/QC-3/QC-3.LR.AlnToH37Rv.primary_only.cram	https://pub-4ffd5d52d77a41f7b1f7021fbd09c3d2.r2.dev/samples/Mtb151/QC-3/QC-3.LR.AlnToH37Rv.primary_only.cram	227923830	2026-07-20T14:06:24Z
sample	Mtb151	QC-3	asm_crai	samples/Mtb151/QC-3/QC-3.mm2.AsmToH37Rv.asm10.cram.crai	https://pub-4ffd5d52d77a41f7b1f7021fbd09c3d2.r2.dev/samples/Mtb151/QC-3/QC-3.mm2.AsmToH37Rv.asm10.cram.crai	68	2026-07-20T14:06:28Z
sample	Mtb151	QC-3	asm_cram	samples/Mtb151/QC-3/QC-3.mm2.AsmToH37Rv.asm10.cram	https://pub-4ffd5d52d77a41f7b1f7021fbd09c3d2.r2.dev/samples/Mtb151/QC-3/QC-3.mm2.AsmToH37Rv.asm10.cram	864623	2026-07-20T14:06:27Z
sample	Mtb151	QC-4	lr_100x_crai	samples/Mtb151/QC-4/QC-4.LR.AlnToH37Rv.Subsample100x.cram.crai	https://pub-4ffd5d52d77a41f7b1f7021fbd09c3d2.r2.dev/samples/Mtb151/QC-4/QC-4.LR.AlnToH37Rv.Subsample100x.cram.crai	1641	2026-07-23T17:08:33Z
sample	Mtb151	QC-4	lr_100x_cram	samples/Mtb151/QC-4/QC-4.LR.AlnToH37Rv.Subsample100x.cram	https://pub-4ffd5d52d77a41f7b1f7021fbd09c3d2.r2.dev/samples/Mtb151/QC-4/QC-4.LR.AlnToH37Rv.Subsample100x.cram	262086451	2026-07-23T17:08:28Z
sample	Mtb151	QC-4	lr_full_depth_crai	samples/Mtb151/QC-4/QC-4.LR.AlnToH37Rv.primary_only.cram.crai	https://pub-4ffd5d52d77a41f7b1f7021fbd09c3d2.r2.dev/samples/Mtb151/QC-4/QC-4.LR.AlnToH37Rv.primary_only.cram.crai	1654	2026-07-20T14:06:34Z
sample	Mtb151	QC-4	lr_full_depth_cram	samples/Mtb151/QC-4/QC-4.LR.AlnToH37Rv.primary_only.cram	https://pub-4ffd5d52d77a41f7b1f7021fbd09c3d2.r2.dev/samples/Mtb151/QC-4/QC-4.LR.AlnToH37Rv.primary_only.cram	264489228	2026-07-20T14:06:33Z
sample	Mtb151	QC-4	asm_crai	samples/Mtb151/QC-4/QC-4.mm2.AsmToH37Rv.asm10.cram.crai	https://pub-4ffd5d52d77a41f7b1f7021fbd09c3d2.r2.dev/samples/Mtb151/QC-4/QC-4.mm2.AsmToH37Rv.asm10.cram.crai	68	2026-07-20T14:06:37Z
sample	Mtb151	QC-4	asm_cram	samples/Mtb151/QC-4/QC-4.mm2.AsmToH37Rv.asm10.cram	https://pub-4ffd5d52d77a41f7b1f7021fbd09c3d2.r2.dev/samples/Mtb151/QC-4/QC-4.mm2.AsmToH37Rv.asm10.cram	798085	2026-07-20T14:06:36Z
sample	Mtb151	QC-5	lr_100x_crai	samples/Mtb151/QC-5/QC-5.LR.AlnToH37Rv.Subsample100x.cram.crai	https://pub-4ffd5d52d77a41f7b1f7021fbd09c3d2.r2.dev/samples/Mtb151/QC-5/QC-5.LR.AlnToH37Rv.Subsample100x.cram.crai	1918	2026-07-23T17:08:20Z
sample	Mtb151	QC-5	lr_100x_cram	samples/Mtb151/QC-5/QC-5.LR.AlnToH37Rv.Subsample100x.cram	https://pub-4ffd5d52d77a41f7b1f7021fbd09c3d2.r2.dev/samples/Mtb151/QC-5/QC-5.LR.AlnToH37Rv.Subsample100x.cram	308179874	2026-07-23T17:08:14Z
sample	Mtb151	QC-5	lr_full_depth_crai	samples/Mtb151/QC-5/QC-5.LR.AlnToH37Rv.primary_only.cram.crai	https://pub-4ffd5d52d77a41f7b1f7021fbd09c3d2.r2.dev/samples/Mtb151/QC-5/QC-5.LR.AlnToH37Rv.primary_only.cram.crai	2251	2026-07-20T14:06:43Z
sample	Mtb151	QC-5	lr_full_depth_cram	samples/Mtb151/QC-5/QC-5.LR.AlnToH37Rv.primary_only.cram	https://pub-4ffd5d52d77a41f7b1f7021fbd09c3d2.r2.dev/samples/Mtb151/QC-5/QC-5.LR.AlnToH37Rv.primary_only.cram	358347884	2026-07-20T14:06:42Z
sample	Mtb151	QC-5	asm_crai	samples/Mtb151/QC-5/QC-5.mm2.AsmToH37Rv.asm10.cram.crai	https://pub-4ffd5d52d77a41f7b1f7021fbd09c3d2.r2.dev/samples/Mtb151/QC-5/QC-5.mm2.AsmToH37Rv.asm10.cram.crai	67	2026-07-20T14:06:46Z
sample	Mtb151	QC-5	asm_cram	samples/Mtb151/QC-5/QC-5.mm2.AsmToH37Rv.asm10.cram	https://pub-4ffd5d52d77a41f7b1f7021fbd09c3d2.r2.dev/samples/Mtb151/QC-5/QC-5.mm2.AsmToH37Rv.asm10.cram	864685	2026-07-20T14:06:45Z
sample	Mtb151	QC-6	lr_100x_crai	samples/Mtb151/QC-6/QC-6.LR.AlnToH37Rv.Subsample100x.cram.crai	https://pub-4ffd5d52d77a41f7b1f7021fbd09c3d2.r2.dev/samples/Mtb151/QC-6/QC-6.LR.AlnToH37Rv.Subsample100x.cram.crai	547	2026-07-23T17:08:08Z
sample	Mtb151	QC-6	lr_100x_cram	samples/Mtb151/QC-6/QC-6.LR.AlnToH37Rv.Subsample100x.cram	https://pub-4ffd5d52d77a41f7b1f7021fbd09c3d2.r2.dev/samples/Mtb151/QC-6/QC-6.LR.AlnToH37Rv.Subsample100x.cram	82132088	2026-07-23T17:08:05Z
sample	Mtb151	QC-6	lr_full_depth_crai	samples/Mtb151/QC-6/QC-6.LR.AlnToH37Rv.primary_only.cram.crai	https://pub-4ffd5d52d77a41f7b1f7021fbd09c3d2.r2.dev/samples/Mtb151/QC-6/QC-6.LR.AlnToH37Rv.primary_only.cram.crai	548	2026-07-20T14:06:53Z
sample	Mtb151	QC-6	lr_full_depth_cram	samples/Mtb151/QC-6/QC-6.LR.AlnToH37Rv.primary_only.cram	https://pub-4ffd5d52d77a41f7b1f7021fbd09c3d2.r2.dev/samples/Mtb151/QC-6/QC-6.LR.AlnToH37Rv.primary_only.cram	82131560	2026-07-20T14:06:52Z
sample	Mtb151	QC-6	asm_crai	samples/Mtb151/QC-6/QC-6.mm2.AsmToH37Rv.asm10.cram.crai	https://pub-4ffd5d52d77a41f7b1f7021fbd09c3d2.r2.dev/samples/Mtb151/QC-6/QC-6.mm2.AsmToH37Rv.asm10.cram.crai	68	2026-07-20T14:06:55Z
sample	Mtb151	QC-6	asm_cram	samples/Mtb151/QC-6/QC-6.mm2.AsmToH37Rv.asm10.cram	https://pub-4ffd5d52d77a41f7b1f7021fbd09c3d2.r2.dev/samples/Mtb151/QC-6/QC-6.mm2.AsmToH37Rv.asm10.cram	795250	2026-07-20T14:06:54Z
sample	Mtb151	QC-7	lr_100x_crai	samples/Mtb151/QC-7/QC-7.LR.AlnToH37Rv.Subsample100x.cram.crai	https://pub-4ffd5d52d77a41f7b1f7021fbd09c3d2.r2.dev/samples/Mtb151/QC-7/QC-7.LR.AlnToH37Rv.Subsample100x.cram.crai	1440	2026-07-23T17:08:00Z
sample	Mtb151	QC-7	lr_100x_cram	samples/Mtb151/QC-7/QC-7.LR.AlnToH37Rv.Subsample100x.cram	https://pub-4ffd5d52d77a41f7b1f7021fbd09c3d2.r2.dev/samples/Mtb151/QC-7/QC-7.LR.AlnToH37Rv.Subsample100x.cram	222606599	2026-07-23T17:07:57Z
sample	Mtb151	QC-7	lr_full_depth_crai	samples/Mtb151/QC-7/QC-7.LR.AlnToH37Rv.primary_only.cram.crai	https://pub-4ffd5d52d77a41f7b1f7021fbd09c3d2.r2.dev/samples/Mtb151/QC-7/QC-7.LR.AlnToH37Rv.primary_only.cram.crai	1434	2026-07-20T14:07:03Z
sample	Mtb151	QC-7	lr_full_depth_cram	samples/Mtb151/QC-7/QC-7.LR.AlnToH37Rv.primary_only.cram	https://pub-4ffd5d52d77a41f7b1f7021fbd09c3d2.r2.dev/samples/Mtb151/QC-7/QC-7.LR.AlnToH37Rv.primary_only.cram	222756555	2026-07-20T14:07:02Z
sample	Mtb151	QC-7	asm_crai	samples/Mtb151/QC-7/QC-7.mm2.AsmToH37Rv.asm10.cram.crai	https://pub-4ffd5d52d77a41f7b1f7021fbd09c3d2.r2.dev/samples/Mtb151/QC-7/QC-7.mm2.AsmToH37Rv.asm10.cram.crai	68	2026-07-20T14:07:06Z
sample	Mtb151	QC-7	asm_cram	samples/Mtb151/QC-7/QC-7.mm2.AsmToH37Rv.asm10.cram	https://pub-4ffd5d52d77a41f7b1f7021fbd09c3d2.r2.dev/samples/Mtb151/QC-7/QC-7.mm2.AsmToH37Rv.asm10.cram	795719	2026-07-20T14:07:05Z
sample	Mtb151	QC-8	lr_100x_crai	samples/Mtb151/QC-8/QC-8.LR.AlnToH37Rv.Subsample100x.cram.crai	https://pub-4ffd5d52d77a41f7b1f7021fbd09c3d2.r2.dev/samples/Mtb151/QC-8/QC-8.LR.AlnToH37Rv.Subsample100x.cram.crai	713	2026-07-23T17:07:51Z
sample	Mtb151	QC-8	lr_100x_cram	samples/Mtb151/QC-8/QC-8.LR.AlnToH37Rv.Subsample100x.cram	https://pub-4ffd5d52d77a41f7b1f7021fbd09c3d2.r2.dev/samples/Mtb151/QC-8/QC-8.LR.AlnToH37Rv.Subsample100x.cram	110007799	2026-07-23T17:07:48Z
sample	Mtb151	QC-8	lr_full_depth_crai	samples/Mtb151/QC-8/QC-8.LR.AlnToH37Rv.primary_only.cram.crai	https://pub-4ffd5d52d77a41f7b1f7021fbd09c3d2.r2.dev/samples/Mtb151/QC-8/QC-8.LR.AlnToH37Rv.primary_only.cram.crai	712	2026-07-20T14:07:12Z
sample	Mtb151	QC-8	lr_full_depth_cram	samples/Mtb151/QC-8/QC-8.LR.AlnToH37Rv.primary_only.cram	https://pub-4ffd5d52d77a41f7b1f7021fbd09c3d2.r2.dev/samples/Mtb151/QC-8/QC-8.LR.AlnToH37Rv.primary_only.cram	110007589	2026-07-20T14:07:10Z
sample	Mtb151	QC-8	asm_crai	samples/Mtb151/QC-8/QC-8.mm2.AsmToH37Rv.asm10.cram.crai	https://pub-4ffd5d52d77a41f7b1f7021fbd09c3d2.r2.dev/samples/Mtb151/QC-8/QC-8.mm2.AsmToH37Rv.asm10.cram.crai	68	2026-07-20T14:07:14Z
sample	Mtb151	QC-8	asm_cram	samples/Mtb151/QC-8/QC-8.mm2.AsmToH37Rv.asm10.cram	https://pub-4ffd5d52d77a41f7b1f7021fbd09c3d2.r2.dev/samples/Mtb151/QC-8/QC-8.mm2.AsmToH37Rv.asm10.cram	797900	2026-07-20T14:07:13Z
sample	Mtb151	QC-9	lr_100x_crai	samples/Mtb151/QC-9/QC-9.LR.AlnToH37Rv.Subsample100x.cram.crai	https://pub-4ffd5d52d77a41f7b1f7021fbd09c3d2.r2.dev/samples/Mtb151/QC-9/QC-9.LR.AlnToH37Rv.Subsample100x.cram.crai	766	2026-07-23T17:07:43Z
sample	Mtb151	QC-9	lr_100x_cram	samples/Mtb151/QC-9/QC-9.LR.AlnToH37Rv.Subsample100x.cram	https://pub-4ffd5d52d77a41f7b1f7021fbd09c3d2.r2.dev/samples/Mtb151/QC-9/QC-9.LR.AlnToH37Rv.Subsample100x.cram	118222296	2026-07-23T17:07:40Z
sample	Mtb151	QC-9	lr_full_depth_crai	samples/Mtb151/QC-9/QC-9.LR.AlnToH37Rv.primary_only.cram.crai	https://pub-4ffd5d52d77a41f7b1f7021fbd09c3d2.r2.dev/samples/Mtb151/QC-9/QC-9.LR.AlnToH37Rv.primary_only.cram.crai	770	2026-07-20T14:07:17Z
sample	Mtb151	QC-9	lr_full_depth_cram	samples/Mtb151/QC-9/QC-9.LR.AlnToH37Rv.primary_only.cram	https://pub-4ffd5d52d77a41f7b1f7021fbd09c3d2.r2.dev/samples/Mtb151/QC-9/QC-9.LR.AlnToH37Rv.primary_only.cram	118222198	2026-07-20T14:07:16Z
sample	Mtb151	QC-9	asm_crai	samples/Mtb151/QC-9/QC-9.mm2.AsmToH37Rv.asm10.cram.crai	https://pub-4ffd5d52d77a41f7b1f7021fbd09c3d2.r2.dev/samples/Mtb151/QC-9/QC-9.mm2.AsmToH37Rv.asm10.cram.crai	68	2026-07-20T14:07:20Z
sample	Mtb151	QC-9	asm_cram	samples/Mtb151/QC-9/QC-9.mm2.AsmToH37Rv.asm10.cram	https://pub-4ffd5d52d77a41f7b1f7021fbd09c3d2.r2.dev/samples/Mtb151/QC-9/QC-9.mm2.AsmToH37Rv.asm10.cram	864772	2026-07-20T14:07:19Z
sample	Mtb151	R15311	lr_100x_crai	samples/Mtb151/R15311/R15311.LR.AlnToH37Rv.Subsample100x.cram.crai	https://pub-4ffd5d52d77a41f7b1f7021fbd09c3d2.r2.dev/samples/Mtb151/R15311/R15311.LR.AlnToH37Rv.Subsample100x.cram.crai	1811	2026-07-23T17:06:41Z
sample	Mtb151	R15311	lr_100x_cram	samples/Mtb151/R15311/R15311.LR.AlnToH37Rv.Subsample100x.cram	https://pub-4ffd5d52d77a41f7b1f7021fbd09c3d2.r2.dev/samples/Mtb151/R15311/R15311.LR.AlnToH37Rv.Subsample100x.cram	212566115	2026-07-23T17:06:38Z
sample	Mtb151	R15311	lr_full_depth_crai	samples/Mtb151/R15311/R15311.LR.AlnToH37Rv.primary_only.cram.crai	https://pub-4ffd5d52d77a41f7b1f7021fbd09c3d2.r2.dev/samples/Mtb151/R15311/R15311.LR.AlnToH37Rv.primary_only.cram.crai	2723	2026-07-20T14:07:25Z
sample	Mtb151	R15311	lr_full_depth_cram	samples/Mtb151/R15311/R15311.LR.AlnToH37Rv.primary_only.cram	https://pub-4ffd5d52d77a41f7b1f7021fbd09c3d2.r2.dev/samples/Mtb151/R15311/R15311.LR.AlnToH37Rv.primary_only.cram	320525813	2026-07-20T14:07:24Z
sample	Mtb151	R15311	asm_crai	samples/Mtb151/R15311/R15311.mm2.AsmToH37Rv.asm10.cram.crai	https://pub-4ffd5d52d77a41f7b1f7021fbd09c3d2.r2.dev/samples/Mtb151/R15311/R15311.mm2.AsmToH37Rv.asm10.cram.crai	68	2026-07-20T14:07:27Z
sample	Mtb151	R15311	asm_cram	samples/Mtb151/R15311/R15311.mm2.AsmToH37Rv.asm10.cram	https://pub-4ffd5d52d77a41f7b1f7021fbd09c3d2.r2.dev/samples/Mtb151/R15311/R15311.mm2.AsmToH37Rv.asm10.cram	797136	2026-07-20T14:07:26Z
sample	Mtb151	R18040	lr_100x_crai	samples/Mtb151/R18040/R18040.LR.AlnToH37Rv.Subsample100x.cram.crai	https://pub-4ffd5d52d77a41f7b1f7021fbd09c3d2.r2.dev/samples/Mtb151/R18040/R18040.LR.AlnToH37Rv.Subsample100x.cram.crai	1036	2026-07-23T17:02:21Z
sample	Mtb151	R18040	lr_100x_cram	samples/Mtb151/R18040/R18040.LR.AlnToH37Rv.Subsample100x.cram	https://pub-4ffd5d52d77a41f7b1f7021fbd09c3d2.r2.dev/samples/Mtb151/R18040/R18040.LR.AlnToH37Rv.Subsample100x.cram	121302560	2026-07-23T17:02:18Z
sample	Mtb151	R18040	lr_full_depth_crai	samples/Mtb151/R18040/R18040.LR.AlnToH37Rv.primary_only.cram.crai	https://pub-4ffd5d52d77a41f7b1f7021fbd09c3d2.r2.dev/samples/Mtb151/R18040/R18040.LR.AlnToH37Rv.primary_only.cram.crai	1032	2026-07-20T14:07:33Z
sample	Mtb151	R18040	lr_full_depth_cram	samples/Mtb151/R18040/R18040.LR.AlnToH37Rv.primary_only.cram	https://pub-4ffd5d52d77a41f7b1f7021fbd09c3d2.r2.dev/samples/Mtb151/R18040/R18040.LR.AlnToH37Rv.primary_only.cram	121302476	2026-07-20T14:07:32Z
sample	Mtb151	R18040	asm_crai	samples/Mtb151/R18040/R18040.mm2.AsmToH37Rv.asm10.cram.crai	https://pub-4ffd5d52d77a41f7b1f7021fbd09c3d2.r2.dev/samples/Mtb151/R18040/R18040.mm2.AsmToH37Rv.asm10.cram.crai	67	2026-07-20T14:07:35Z
sample	Mtb151	R18040	asm_cram	samples/Mtb151/R18040/R18040.mm2.AsmToH37Rv.asm10.cram	https://pub-4ffd5d52d77a41f7b1f7021fbd09c3d2.r2.dev/samples/Mtb151/R18040/R18040.mm2.AsmToH37Rv.asm10.cram	876975	2026-07-20T14:07:34Z
sample	Mtb151	R18043	lr_100x_crai	samples/Mtb151/R18043/R18043.LR.AlnToH37Rv.Subsample100x.cram.crai	https://pub-4ffd5d52d77a41f7b1f7021fbd09c3d2.r2.dev/samples/Mtb151/R18043/R18043.LR.AlnToH37Rv.Subsample100x.cram.crai	1799	2026-07-23T17:02:14Z
sample	Mtb151	R18043	lr_100x_cram	samples/Mtb151/R18043/R18043.LR.AlnToH37Rv.Subsample100x.cram	https://pub-4ffd5d52d77a41f7b1f7021fbd09c3d2.r2.dev/samples/Mtb151/R18043/R18043.LR.AlnToH37Rv.Subsample100x.cram	212659265	2026-07-23T17:02:10Z
sample	Mtb151	R18043	lr_full_depth_crai	samples/Mtb151/R18043/R18043.LR.AlnToH37Rv.primary_only.cram.crai	https://pub-4ffd5d52d77a41f7b1f7021fbd09c3d2.r2.dev/samples/Mtb151/R18043/R18043.LR.AlnToH37Rv.primary_only.cram.crai	2707	2026-07-20T14:07:42Z
sample	Mtb151	R18043	lr_full_depth_cram	samples/Mtb151/R18043/R18043.LR.AlnToH37Rv.primary_only.cram	https://pub-4ffd5d52d77a41f7b1f7021fbd09c3d2.r2.dev/samples/Mtb151/R18043/R18043.LR.AlnToH37Rv.primary_only.cram	319701621	2026-07-20T14:07:41Z
sample	Mtb151	R18043	asm_crai	samples/Mtb151/R18043/R18043.mm2.AsmToH37Rv.asm10.cram.crai	https://pub-4ffd5d52d77a41f7b1f7021fbd09c3d2.r2.dev/samples/Mtb151/R18043/R18043.mm2.AsmToH37Rv.asm10.cram.crai	68	2026-07-20T14:07:44Z
sample	Mtb151	R18043	asm_cram	samples/Mtb151/R18043/R18043.mm2.AsmToH37Rv.asm10.cram	https://pub-4ffd5d52d77a41f7b1f7021fbd09c3d2.r2.dev/samples/Mtb151/R18043/R18043.mm2.AsmToH37Rv.asm10.cram	876991	2026-07-20T14:07:43Z
sample	Mtb151	R20260	lr_100x_crai	samples/Mtb151/R20260/R20260.LR.AlnToH37Rv.Subsample100x.cram.crai	https://pub-4ffd5d52d77a41f7b1f7021fbd09c3d2.r2.dev/samples/Mtb151/R20260/R20260.LR.AlnToH37Rv.Subsample100x.cram.crai	777	2026-07-23T17:05:01Z
sample	Mtb151	R20260	lr_100x_cram	samples/Mtb151/R20260/R20260.LR.AlnToH37Rv.Subsample100x.cram	https://pub-4ffd5d52d77a41f7b1f7021fbd09c3d2.r2.dev/samples/Mtb151/R20260/R20260.LR.AlnToH37Rv.Subsample100x.cram	89719708	2026-07-23T17:04:58Z
sample	Mtb151	R20260	lr_full_depth_crai	samples/Mtb151/R20260/R20260.LR.AlnToH37Rv.primary_only.cram.crai	https://pub-4ffd5d52d77a41f7b1f7021fbd09c3d2.r2.dev/samples/Mtb151/R20260/R20260.LR.AlnToH37Rv.primary_only.cram.crai	770	2026-07-20T14:07:49Z
sample	Mtb151	R20260	lr_full_depth_cram	samples/Mtb151/R20260/R20260.LR.AlnToH37Rv.primary_only.cram	https://pub-4ffd5d52d77a41f7b1f7021fbd09c3d2.r2.dev/samples/Mtb151/R20260/R20260.LR.AlnToH37Rv.primary_only.cram	89719064	2026-07-20T14:07:48Z
sample	Mtb151	R20260	asm_crai	samples/Mtb151/R20260/R20260.mm2.AsmToH37Rv.asm10.cram.crai	https://pub-4ffd5d52d77a41f7b1f7021fbd09c3d2.r2.dev/samples/Mtb151/R20260/R20260.mm2.AsmToH37Rv.asm10.cram.crai	68	2026-07-20T14:07:51Z
sample	Mtb151	R20260	asm_cram	samples/Mtb151/R20260/R20260.mm2.AsmToH37Rv.asm10.cram	https://pub-4ffd5d52d77a41f7b1f7021fbd09c3d2.r2.dev/samples/Mtb151/R20260/R20260.mm2.AsmToH37Rv.asm10.cram	879025	2026-07-20T14:07:50Z
sample	Mtb151	R20574	lr_100x_crai	samples/Mtb151/R20574/R20574.LR.AlnToH37Rv.Subsample100x.cram.crai	https://pub-4ffd5d52d77a41f7b1f7021fbd09c3d2.r2.dev/samples/Mtb151/R20574/R20574.LR.AlnToH37Rv.Subsample100x.cram.crai	1856	2026-07-23T17:05:57Z
sample	Mtb151	R20574	lr_100x_cram	samples/Mtb151/R20574/R20574.LR.AlnToH37Rv.Subsample100x.cram	https://pub-4ffd5d52d77a41f7b1f7021fbd09c3d2.r2.dev/samples/Mtb151/R20574/R20574.LR.AlnToH37Rv.Subsample100x.cram	218110615	2026-07-23T17:05:54Z
sample	Mtb151	R20574	lr_full_depth_crai	samples/Mtb151/R20574/R20574.LR.AlnToH37Rv.primary_only.cram.crai	https://pub-4ffd5d52d77a41f7b1f7021fbd09c3d2.r2.dev/samples/Mtb151/R20574/R20574.LR.AlnToH37Rv.primary_only.cram.crai	2766	2026-07-20T14:07:57Z
sample	Mtb151	R20574	lr_full_depth_cram	samples/Mtb151/R20574/R20574.LR.AlnToH37Rv.primary_only.cram	https://pub-4ffd5d52d77a41f7b1f7021fbd09c3d2.r2.dev/samples/Mtb151/R20574/R20574.LR.AlnToH37Rv.primary_only.cram	325666884	2026-07-20T14:07:56Z
sample	Mtb151	R20574	asm_crai	samples/Mtb151/R20574/R20574.mm2.AsmToH37Rv.asm10.cram.crai	https://pub-4ffd5d52d77a41f7b1f7021fbd09c3d2.r2.dev/samples/Mtb151/R20574/R20574.mm2.AsmToH37Rv.asm10.cram.crai	68	2026-07-20T14:08:00Z
sample	Mtb151	R20574	asm_cram	samples/Mtb151/R20574/R20574.mm2.AsmToH37Rv.asm10.cram	https://pub-4ffd5d52d77a41f7b1f7021fbd09c3d2.r2.dev/samples/Mtb151/R20574/R20574.mm2.AsmToH37Rv.asm10.cram	879088	2026-07-20T14:07:59Z
sample	Mtb151	R20896	lr_100x_crai	samples/Mtb151/R20896/R20896.LR.AlnToH37Rv.Subsample100x.cram.crai	https://pub-4ffd5d52d77a41f7b1f7021fbd09c3d2.r2.dev/samples/Mtb151/R20896/R20896.LR.AlnToH37Rv.Subsample100x.cram.crai	1763	2026-07-23T17:03:26Z
sample	Mtb151	R20896	lr_100x_cram	samples/Mtb151/R20896/R20896.LR.AlnToH37Rv.Subsample100x.cram	https://pub-4ffd5d52d77a41f7b1f7021fbd09c3d2.r2.dev/samples/Mtb151/R20896/R20896.LR.AlnToH37Rv.Subsample100x.cram	206716771	2026-07-23T17:03:23Z
sample	Mtb151	R20896	lr_full_depth_crai	samples/Mtb151/R20896/R20896.LR.AlnToH37Rv.primary_only.cram.crai	https://pub-4ffd5d52d77a41f7b1f7021fbd09c3d2.r2.dev/samples/Mtb151/R20896/R20896.LR.AlnToH37Rv.primary_only.cram.crai	2716	2026-07-20T14:08:05Z
sample	Mtb151	R20896	lr_full_depth_cram	samples/Mtb151/R20896/R20896.LR.AlnToH37Rv.primary_only.cram	https://pub-4ffd5d52d77a41f7b1f7021fbd09c3d2.r2.dev/samples/Mtb151/R20896/R20896.LR.AlnToH37Rv.primary_only.cram	316281609	2026-07-20T14:08:04Z
sample	Mtb151	R20896	asm_crai	samples/Mtb151/R20896/R20896.mm2.AsmToH37Rv.asm10.cram.crai	https://pub-4ffd5d52d77a41f7b1f7021fbd09c3d2.r2.dev/samples/Mtb151/R20896/R20896.mm2.AsmToH37Rv.asm10.cram.crai	67	2026-07-20T14:08:07Z
sample	Mtb151	R20896	asm_cram	samples/Mtb151/R20896/R20896.mm2.AsmToH37Rv.asm10.cram	https://pub-4ffd5d52d77a41f7b1f7021fbd09c3d2.r2.dev/samples/Mtb151/R20896/R20896.mm2.AsmToH37Rv.asm10.cram	798796	2026-07-20T14:08:06Z
sample	Mtb151	R21363	lr_100x_crai	samples/Mtb151/R21363/R21363.LR.AlnToH37Rv.Subsample100x.cram.crai	https://pub-4ffd5d52d77a41f7b1f7021fbd09c3d2.r2.dev/samples/Mtb151/R21363/R21363.LR.AlnToH37Rv.Subsample100x.cram.crai	1804	2026-07-23T17:00:33Z
sample	Mtb151	R21363	lr_100x_cram	samples/Mtb151/R21363/R21363.LR.AlnToH37Rv.Subsample100x.cram	https://pub-4ffd5d52d77a41f7b1f7021fbd09c3d2.r2.dev/samples/Mtb151/R21363/R21363.LR.AlnToH37Rv.Subsample100x.cram	213561476	2026-07-23T17:00:29Z
sample	Mtb151	R21363	lr_full_depth_crai	samples/Mtb151/R21363/R21363.LR.AlnToH37Rv.primary_only.cram.crai	https://pub-4ffd5d52d77a41f7b1f7021fbd09c3d2.r2.dev/samples/Mtb151/R21363/R21363.LR.AlnToH37Rv.primary_only.cram.crai	2728	2026-07-20T14:08:15Z
sample	Mtb151	R21363	lr_full_depth_cram	samples/Mtb151/R21363/R21363.LR.AlnToH37Rv.primary_only.cram	https://pub-4ffd5d52d77a41f7b1f7021fbd09c3d2.r2.dev/samples/Mtb151/R21363/R21363.LR.AlnToH37Rv.primary_only.cram	323213041	2026-07-20T14:08:13Z
sample	Mtb151	R21363	asm_crai	samples/Mtb151/R21363/R21363.mm2.AsmToH37Rv.asm10.cram.crai	https://pub-4ffd5d52d77a41f7b1f7021fbd09c3d2.r2.dev/samples/Mtb151/R21363/R21363.mm2.AsmToH37Rv.asm10.cram.crai	67	2026-07-20T14:08:18Z
sample	Mtb151	R21363	asm_cram	samples/Mtb151/R21363/R21363.mm2.AsmToH37Rv.asm10.cram	https://pub-4ffd5d52d77a41f7b1f7021fbd09c3d2.r2.dev/samples/Mtb151/R21363/R21363.mm2.AsmToH37Rv.asm10.cram	794422	2026-07-20T14:08:17Z
sample	Mtb151	R21408	lr_100x_crai	samples/Mtb151/R21408/R21408.LR.AlnToH37Rv.Subsample100x.cram.crai	https://pub-4ffd5d52d77a41f7b1f7021fbd09c3d2.r2.dev/samples/Mtb151/R21408/R21408.LR.AlnToH37Rv.Subsample100x.cram.crai	1028	2026-07-23T17:04:22Z
sample	Mtb151	R21408	lr_100x_cram	samples/Mtb151/R21408/R21408.LR.AlnToH37Rv.Subsample100x.cram	https://pub-4ffd5d52d77a41f7b1f7021fbd09c3d2.r2.dev/samples/Mtb151/R21408/R21408.LR.AlnToH37Rv.Subsample100x.cram	121150517	2026-07-23T17:04:19Z
sample	Mtb151	R21408	lr_full_depth_crai	samples/Mtb151/R21408/R21408.LR.AlnToH37Rv.primary_only.cram.crai	https://pub-4ffd5d52d77a41f7b1f7021fbd09c3d2.r2.dev/samples/Mtb151/R21408/R21408.LR.AlnToH37Rv.primary_only.cram.crai	1028	2026-07-20T14:08:21Z
sample	Mtb151	R21408	lr_full_depth_cram	samples/Mtb151/R21408/R21408.LR.AlnToH37Rv.primary_only.cram	https://pub-4ffd5d52d77a41f7b1f7021fbd09c3d2.r2.dev/samples/Mtb151/R21408/R21408.LR.AlnToH37Rv.primary_only.cram	121155873	2026-07-20T14:08:20Z
sample	Mtb151	R21408	asm_crai	samples/Mtb151/R21408/R21408.mm2.AsmToH37Rv.asm10.cram.crai	https://pub-4ffd5d52d77a41f7b1f7021fbd09c3d2.r2.dev/samples/Mtb151/R21408/R21408.mm2.AsmToH37Rv.asm10.cram.crai	68	2026-07-20T14:08:23Z
sample	Mtb151	R21408	asm_cram	samples/Mtb151/R21408/R21408.mm2.AsmToH37Rv.asm10.cram	https://pub-4ffd5d52d77a41f7b1f7021fbd09c3d2.r2.dev/samples/Mtb151/R21408/R21408.mm2.AsmToH37Rv.asm10.cram	879046	2026-07-20T14:08:22Z
sample	Mtb151	R21770	lr_100x_crai	samples/Mtb151/R21770/R21770.LR.AlnToH37Rv.Subsample100x.cram.crai	https://pub-4ffd5d52d77a41f7b1f7021fbd09c3d2.r2.dev/samples/Mtb151/R21770/R21770.LR.AlnToH37Rv.Subsample100x.cram.crai	1733	2026-07-23T17:04:53Z
sample	Mtb151	R21770	lr_100x_cram	samples/Mtb151/R21770/R21770.LR.AlnToH37Rv.Subsample100x.cram	https://pub-4ffd5d52d77a41f7b1f7021fbd09c3d2.r2.dev/samples/Mtb151/R21770/R21770.LR.AlnToH37Rv.Subsample100x.cram	204681331	2026-07-23T17:04:50Z
sample	Mtb151	R21770	lr_full_depth_crai	samples/Mtb151/R21770/R21770.LR.AlnToH37Rv.primary_only.cram.crai	https://pub-4ffd5d52d77a41f7b1f7021fbd09c3d2.r2.dev/samples/Mtb151/R21770/R21770.LR.AlnToH37Rv.primary_only.cram.crai	2015	2026-07-20T14:08:31Z
sample	Mtb151	R21770	lr_full_depth_cram	samples/Mtb151/R21770/R21770.LR.AlnToH37Rv.primary_only.cram	https://pub-4ffd5d52d77a41f7b1f7021fbd09c3d2.r2.dev/samples/Mtb151/R21770/R21770.LR.AlnToH37Rv.primary_only.cram	240309004	2026-07-20T14:08:30Z
sample	Mtb151	R21770	asm_crai	samples/Mtb151/R21770/R21770.mm2.AsmToH37Rv.asm10.cram.crai	https://pub-4ffd5d52d77a41f7b1f7021fbd09c3d2.r2.dev/samples/Mtb151/R21770/R21770.mm2.AsmToH37Rv.asm10.cram.crai	68	2026-07-20T14:08:33Z
sample	Mtb151	R21770	asm_cram	samples/Mtb151/R21770/R21770.mm2.AsmToH37Rv.asm10.cram	https://pub-4ffd5d52d77a41f7b1f7021fbd09c3d2.r2.dev/samples/Mtb151/R21770/R21770.mm2.AsmToH37Rv.asm10.cram	798240	2026-07-20T14:08:32Z
sample	Mtb151	R21839	lr_100x_crai	samples/Mtb151/R21839/R21839.LR.AlnToH37Rv.Subsample100x.cram.crai	https://pub-4ffd5d52d77a41f7b1f7021fbd09c3d2.r2.dev/samples/Mtb151/R21839/R21839.LR.AlnToH37Rv.Subsample100x.cram.crai	1771	2026-07-23T17:03:16Z
sample	Mtb151	R21839	lr_100x_cram	samples/Mtb151/R21839/R21839.LR.AlnToH37Rv.Subsample100x.cram	https://pub-4ffd5d52d77a41f7b1f7021fbd09c3d2.r2.dev/samples/Mtb151/R21839/R21839.LR.AlnToH37Rv.Subsample100x.cram	208751824	2026-07-23T17:03:12Z
sample	Mtb151	R21839	lr_full_depth_crai	samples/Mtb151/R21839/R21839.LR.AlnToH37Rv.primary_only.cram.crai	https://pub-4ffd5d52d77a41f7b1f7021fbd09c3d2.r2.dev/samples/Mtb151/R21839/R21839.LR.AlnToH37Rv.primary_only.cram.crai	2735	2026-07-20T14:08:38Z
sample	Mtb151	R21839	lr_full_depth_cram	samples/Mtb151/R21839/R21839.LR.AlnToH37Rv.primary_only.cram	https://pub-4ffd5d52d77a41f7b1f7021fbd09c3d2.r2.dev/samples/Mtb151/R21839/R21839.LR.AlnToH37Rv.primary_only.cram	318935776	2026-07-20T14:08:37Z
sample	Mtb151	R21839	asm_crai	samples/Mtb151/R21839/R21839.mm2.AsmToH37Rv.asm10.cram.crai	https://pub-4ffd5d52d77a41f7b1f7021fbd09c3d2.r2.dev/samples/Mtb151/R21839/R21839.mm2.AsmToH37Rv.asm10.cram.crai	68	2026-07-20T14:08:41Z
sample	Mtb151	R21839	asm_cram	samples/Mtb151/R21839/R21839.mm2.AsmToH37Rv.asm10.cram	https://pub-4ffd5d52d77a41f7b1f7021fbd09c3d2.r2.dev/samples/Mtb151/R21839/R21839.mm2.AsmToH37Rv.asm10.cram	793975	2026-07-20T14:08:40Z
sample	Mtb151	R21893	lr_100x_crai	samples/Mtb151/R21893/R21893.LR.AlnToH37Rv.Subsample100x.cram.crai	https://pub-4ffd5d52d77a41f7b1f7021fbd09c3d2.r2.dev/samples/Mtb151/R21893/R21893.LR.AlnToH37Rv.Subsample100x.cram.crai	703	2026-07-23T17:04:00Z
sample	Mtb151	R21893	lr_100x_cram	samples/Mtb151/R21893/R21893.LR.AlnToH37Rv.Subsample100x.cram	https://pub-4ffd5d52d77a41f7b1f7021fbd09c3d2.r2.dev/samples/Mtb151/R21893/R21893.LR.AlnToH37Rv.Subsample100x.cram	80065842	2026-07-23T17:03:57Z
sample	Mtb151	R21893	lr_full_depth_crai	samples/Mtb151/R21893/R21893.LR.AlnToH37Rv.primary_only.cram.crai	https://pub-4ffd5d52d77a41f7b1f7021fbd09c3d2.r2.dev/samples/Mtb151/R21893/R21893.LR.AlnToH37Rv.primary_only.cram.crai	704	2026-07-20T14:08:44Z
sample	Mtb151	R21893	lr_full_depth_cram	samples/Mtb151/R21893/R21893.LR.AlnToH37Rv.primary_only.cram	https://pub-4ffd5d52d77a41f7b1f7021fbd09c3d2.r2.dev/samples/Mtb151/R21893/R21893.LR.AlnToH37Rv.primary_only.cram	80065714	2026-07-20T14:08:43Z
sample	Mtb151	R21893	asm_crai	samples/Mtb151/R21893/R21893.mm2.AsmToH37Rv.asm10.cram.crai	https://pub-4ffd5d52d77a41f7b1f7021fbd09c3d2.r2.dev/samples/Mtb151/R21893/R21893.mm2.AsmToH37Rv.asm10.cram.crai	68	2026-07-20T14:08:46Z
sample	Mtb151	R21893	asm_cram	samples/Mtb151/R21893/R21893.mm2.AsmToH37Rv.asm10.cram	https://pub-4ffd5d52d77a41f7b1f7021fbd09c3d2.r2.dev/samples/Mtb151/R21893/R21893.mm2.AsmToH37Rv.asm10.cram	879961	2026-07-20T14:08:45Z
sample	Mtb151	R22601	lr_100x_crai	samples/Mtb151/R22601/R22601.LR.AlnToH37Rv.Subsample100x.cram.crai	https://pub-4ffd5d52d77a41f7b1f7021fbd09c3d2.r2.dev/samples/Mtb151/R22601/R22601.LR.AlnToH37Rv.Subsample100x.cram.crai	1770	2026-07-23T17:06:51Z
sample	Mtb151	R22601	lr_100x_cram	samples/Mtb151/R22601/R22601.LR.AlnToH37Rv.Subsample100x.cram	https://pub-4ffd5d52d77a41f7b1f7021fbd09c3d2.r2.dev/samples/Mtb151/R22601/R22601.LR.AlnToH37Rv.Subsample100x.cram	208562284	2026-07-23T17:06:47Z
sample	Mtb151	R22601	lr_full_depth_crai	samples/Mtb151/R22601/R22601.LR.AlnToH37Rv.primary_only.cram.crai	https://pub-4ffd5d52d77a41f7b1f7021fbd09c3d2.r2.dev/samples/Mtb151/R22601/R22601.LR.AlnToH37Rv.primary_only.cram.crai	2708	2026-07-20T14:08:53Z
sample	Mtb151	R22601	lr_full_depth_cram	samples/Mtb151/R22601/R22601.LR.AlnToH37Rv.primary_only.cram	https://pub-4ffd5d52d77a41f7b1f7021fbd09c3d2.r2.dev/samples/Mtb151/R22601/R22601.LR.AlnToH37Rv.primary_only.cram	317340980	2026-07-20T14:08:52Z
sample	Mtb151	R22601	asm_crai	samples/Mtb151/R22601/R22601.mm2.AsmToH37Rv.asm10.cram.crai	https://pub-4ffd5d52d77a41f7b1f7021fbd09c3d2.r2.dev/samples/Mtb151/R22601/R22601.mm2.AsmToH37Rv.asm10.cram.crai	67	2026-07-20T14:08:55Z
sample	Mtb151	R22601	asm_cram	samples/Mtb151/R22601/R22601.mm2.AsmToH37Rv.asm10.cram	https://pub-4ffd5d52d77a41f7b1f7021fbd09c3d2.r2.dev/samples/Mtb151/R22601/R22601.mm2.AsmToH37Rv.asm10.cram	877046	2026-07-20T14:08:54Z
sample	Mtb151	R23146	lr_100x_crai	samples/Mtb151/R23146/R23146.LR.AlnToH37Rv.Subsample100x.cram.crai	https://pub-4ffd5d52d77a41f7b1f7021fbd09c3d2.r2.dev/samples/Mtb151/R23146/R23146.LR.AlnToH37Rv.Subsample100x.cram.crai	1794	2026-07-23T17:05:28Z
sample	Mtb151	R23146	lr_100x_cram	samples/Mtb151/R23146/R23146.LR.AlnToH37Rv.Subsample100x.cram	https://pub-4ffd5d52d77a41f7b1f7021fbd09c3d2.r2.dev/samples/Mtb151/R23146/R23146.LR.AlnToH37Rv.Subsample100x.cram	213319235	2026-07-23T17:05:25Z
sample	Mtb151	R23146	lr_full_depth_crai	samples/Mtb151/R23146/R23146.LR.AlnToH37Rv.primary_only.cram.crai	https://pub-4ffd5d52d77a41f7b1f7021fbd09c3d2.r2.dev/samples/Mtb151/R23146/R23146.LR.AlnToH37Rv.primary_only.cram.crai	2717	2026-07-20T14:09:02Z
sample	Mtb151	R23146	lr_full_depth_cram	samples/Mtb151/R23146/R23146.LR.AlnToH37Rv.primary_only.cram	https://pub-4ffd5d52d77a41f7b1f7021fbd09c3d2.r2.dev/samples/Mtb151/R23146/R23146.LR.AlnToH37Rv.primary_only.cram	323652734	2026-07-20T14:09:01Z
sample	Mtb151	R23146	asm_crai	samples/Mtb151/R23146/R23146.mm2.AsmToH37Rv.asm10.cram.crai	https://pub-4ffd5d52d77a41f7b1f7021fbd09c3d2.r2.dev/samples/Mtb151/R23146/R23146.mm2.AsmToH37Rv.asm10.cram.crai	67	2026-07-20T14:09:04Z
sample	Mtb151	R23146	asm_cram	samples/Mtb151/R23146/R23146.mm2.AsmToH37Rv.asm10.cram	https://pub-4ffd5d52d77a41f7b1f7021fbd09c3d2.r2.dev/samples/Mtb151/R23146/R23146.mm2.AsmToH37Rv.asm10.cram	878152	2026-07-20T14:09:03Z
sample	Mtb151	R23571	lr_100x_crai	samples/Mtb151/R23571/R23571.LR.AlnToH37Rv.Subsample100x.cram.crai	https://pub-4ffd5d52d77a41f7b1f7021fbd09c3d2.r2.dev/samples/Mtb151/R23571/R23571.LR.AlnToH37Rv.Subsample100x.cram.crai	1753	2026-07-23T17:05:47Z
sample	Mtb151	R23571	lr_100x_cram	samples/Mtb151/R23571/R23571.LR.AlnToH37Rv.Subsample100x.cram	https://pub-4ffd5d52d77a41f7b1f7021fbd09c3d2.r2.dev/samples/Mtb151/R23571/R23571.LR.AlnToH37Rv.Subsample100x.cram	206807767	2026-07-23T17:05:43Z
sample	Mtb151	R23571	lr_full_depth_crai	samples/Mtb151/R23571/R23571.LR.AlnToH37Rv.primary_only.cram.crai	https://pub-4ffd5d52d77a41f7b1f7021fbd09c3d2.r2.dev/samples/Mtb151/R23571/R23571.LR.AlnToH37Rv.primary_only.cram.crai	2268	2026-07-20T14:09:10Z
sample	Mtb151	R23571	lr_full_depth_cram	samples/Mtb151/R23571/R23571.LR.AlnToH37Rv.primary_only.cram	https://pub-4ffd5d52d77a41f7b1f7021fbd09c3d2.r2.dev/samples/Mtb151/R23571/R23571.LR.AlnToH37Rv.primary_only.cram	266797378	2026-07-20T14:09:09Z
sample	Mtb151	R23571	asm_crai	samples/Mtb151/R23571/R23571.mm2.AsmToH37Rv.asm10.cram.crai	https://pub-4ffd5d52d77a41f7b1f7021fbd09c3d2.r2.dev/samples/Mtb151/R23571/R23571.mm2.AsmToH37Rv.asm10.cram.crai	68	2026-07-20T14:09:12Z
sample	Mtb151	R23571	asm_cram	samples/Mtb151/R23571/R23571.mm2.AsmToH37Rv.asm10.cram	https://pub-4ffd5d52d77a41f7b1f7021fbd09c3d2.r2.dev/samples/Mtb151/R23571/R23571.mm2.AsmToH37Rv.asm10.cram	744952	2026-07-20T14:09:11Z
sample	Mtb151	R23887	lr_100x_crai	samples/Mtb151/R23887/R23887.LR.AlnToH37Rv.Subsample100x.cram.crai	https://pub-4ffd5d52d77a41f7b1f7021fbd09c3d2.r2.dev/samples/Mtb151/R23887/R23887.LR.AlnToH37Rv.Subsample100x.cram.crai	1840	2026-07-23T17:03:35Z
sample	Mtb151	R23887	lr_100x_cram	samples/Mtb151/R23887/R23887.LR.AlnToH37Rv.Subsample100x.cram	https://pub-4ffd5d52d77a41f7b1f7021fbd09c3d2.r2.dev/samples/Mtb151/R23887/R23887.LR.AlnToH37Rv.Subsample100x.cram	219371590	2026-07-23T17:03:32Z
sample	Mtb151	R23887	lr_full_depth_crai	samples/Mtb151/R23887/R23887.LR.AlnToH37Rv.primary_only.cram.crai	https://pub-4ffd5d52d77a41f7b1f7021fbd09c3d2.r2.dev/samples/Mtb151/R23887/R23887.LR.AlnToH37Rv.primary_only.cram.crai	2744	2026-07-20T14:09:20Z
sample	Mtb151	R23887	lr_full_depth_cram	samples/Mtb151/R23887/R23887.LR.AlnToH37Rv.primary_only.cram	https://pub-4ffd5d52d77a41f7b1f7021fbd09c3d2.r2.dev/samples/Mtb151/R23887/R23887.LR.AlnToH37Rv.primary_only.cram	326462740	2026-07-20T14:09:18Z
sample	Mtb151	R23887	asm_crai	samples/Mtb151/R23887/R23887.mm2.AsmToH37Rv.asm10.cram.crai	https://pub-4ffd5d52d77a41f7b1f7021fbd09c3d2.r2.dev/samples/Mtb151/R23887/R23887.mm2.AsmToH37Rv.asm10.cram.crai	67	2026-07-20T14:09:23Z
sample	Mtb151	R23887	asm_cram	samples/Mtb151/R23887/R23887.mm2.AsmToH37Rv.asm10.cram	https://pub-4ffd5d52d77a41f7b1f7021fbd09c3d2.r2.dev/samples/Mtb151/R23887/R23887.mm2.AsmToH37Rv.asm10.cram	901453	2026-07-20T14:09:21Z
sample	Mtb151	R24100	lr_100x_crai	samples/Mtb151/R24100/R24100.LR.AlnToH37Rv.Subsample100x.cram.crai	https://pub-4ffd5d52d77a41f7b1f7021fbd09c3d2.r2.dev/samples/Mtb151/R24100/R24100.LR.AlnToH37Rv.Subsample100x.cram.crai	1817	2026-07-23T17:01:50Z
sample	Mtb151	R24100	lr_100x_cram	samples/Mtb151/R24100/R24100.LR.AlnToH37Rv.Subsample100x.cram	https://pub-4ffd5d52d77a41f7b1f7021fbd09c3d2.r2.dev/samples/Mtb151/R24100/R24100.LR.AlnToH37Rv.Subsample100x.cram	212146352	2026-07-23T17:01:47Z
sample	Mtb151	R24100	lr_full_depth_crai	samples/Mtb151/R24100/R24100.LR.AlnToH37Rv.primary_only.cram.crai	https://pub-4ffd5d52d77a41f7b1f7021fbd09c3d2.r2.dev/samples/Mtb151/R24100/R24100.LR.AlnToH37Rv.primary_only.cram.crai	2739	2026-07-20T14:09:29Z
sample	Mtb151	R24100	lr_full_depth_cram	samples/Mtb151/R24100/R24100.LR.AlnToH37Rv.primary_only.cram	https://pub-4ffd5d52d77a41f7b1f7021fbd09c3d2.r2.dev/samples/Mtb151/R24100/R24100.LR.AlnToH37Rv.primary_only.cram	319494169	2026-07-20T14:09:28Z
sample	Mtb151	R24100	asm_crai	samples/Mtb151/R24100/R24100.mm2.AsmToH37Rv.asm10.cram.crai	https://pub-4ffd5d52d77a41f7b1f7021fbd09c3d2.r2.dev/samples/Mtb151/R24100/R24100.mm2.AsmToH37Rv.asm10.cram.crai	69	2026-07-20T14:09:32Z
sample	Mtb151	R24100	asm_cram	samples/Mtb151/R24100/R24100.mm2.AsmToH37Rv.asm10.cram	https://pub-4ffd5d52d77a41f7b1f7021fbd09c3d2.r2.dev/samples/Mtb151/R24100/R24100.mm2.AsmToH37Rv.asm10.cram	824879	2026-07-20T14:09:31Z
sample	Mtb151	R24120	lr_100x_crai	samples/Mtb151/R24120/R24120.LR.AlnToH37Rv.Subsample100x.cram.crai	https://pub-4ffd5d52d77a41f7b1f7021fbd09c3d2.r2.dev/samples/Mtb151/R24120/R24120.LR.AlnToH37Rv.Subsample100x.cram.crai	1662	2026-07-23T17:06:24Z
sample	Mtb151	R24120	lr_100x_cram	samples/Mtb151/R24120/R24120.LR.AlnToH37Rv.Subsample100x.cram	https://pub-4ffd5d52d77a41f7b1f7021fbd09c3d2.r2.dev/samples/Mtb151/R24120/R24120.LR.AlnToH37Rv.Subsample100x.cram	200087420	2026-07-23T17:06:18Z
sample	Mtb151	R24120	lr_full_depth_crai	samples/Mtb151/R24120/R24120.LR.AlnToH37Rv.primary_only.cram.crai	https://pub-4ffd5d52d77a41f7b1f7021fbd09c3d2.r2.dev/samples/Mtb151/R24120/R24120.LR.AlnToH37Rv.primary_only.cram.crai	1739	2026-07-20T14:09:39Z
sample	Mtb151	R24120	lr_full_depth_cram	samples/Mtb151/R24120/R24120.LR.AlnToH37Rv.primary_only.cram	https://pub-4ffd5d52d77a41f7b1f7021fbd09c3d2.r2.dev/samples/Mtb151/R24120/R24120.LR.AlnToH37Rv.primary_only.cram	209965516	2026-07-20T14:09:38Z
sample	Mtb151	R24120	asm_crai	samples/Mtb151/R24120/R24120.mm2.AsmToH37Rv.asm10.cram.crai	https://pub-4ffd5d52d77a41f7b1f7021fbd09c3d2.r2.dev/samples/Mtb151/R24120/R24120.mm2.AsmToH37Rv.asm10.cram.crai	68	2026-07-20T14:09:41Z
sample	Mtb151	R24120	asm_cram	samples/Mtb151/R24120/R24120.mm2.AsmToH37Rv.asm10.cram	https://pub-4ffd5d52d77a41f7b1f7021fbd09c3d2.r2.dev/samples/Mtb151/R24120/R24120.mm2.AsmToH37Rv.asm10.cram	826655	2026-07-20T14:09:40Z
sample	Mtb151	R25048	lr_100x_crai	samples/Mtb151/R25048/R25048.LR.AlnToH37Rv.Subsample100x.cram.crai	https://pub-4ffd5d52d77a41f7b1f7021fbd09c3d2.r2.dev/samples/Mtb151/R25048/R25048.LR.AlnToH37Rv.Subsample100x.cram.crai	1808	2026-07-23T17:05:18Z
sample	Mtb151	R25048	lr_100x_cram	samples/Mtb151/R25048/R25048.LR.AlnToH37Rv.Subsample100x.cram	https://pub-4ffd5d52d77a41f7b1f7021fbd09c3d2.r2.dev/samples/Mtb151/R25048/R25048.LR.AlnToH37Rv.Subsample100x.cram	212238417	2026-07-23T17:05:12Z
sample	Mtb151	R25048	lr_full_depth_crai	samples/Mtb151/R25048/R25048.LR.AlnToH37Rv.primary_only.cram.crai	https://pub-4ffd5d52d77a41f7b1f7021fbd09c3d2.r2.dev/samples/Mtb151/R25048/R25048.LR.AlnToH37Rv.primary_only.cram.crai	2753	2026-07-20T14:09:46Z
sample	Mtb151	R25048	lr_full_depth_cram	samples/Mtb151/R25048/R25048.LR.AlnToH37Rv.primary_only.cram	https://pub-4ffd5d52d77a41f7b1f7021fbd09c3d2.r2.dev/samples/Mtb151/R25048/R25048.LR.AlnToH37Rv.primary_only.cram	321220660	2026-07-20T14:09:45Z
sample	Mtb151	R25048	asm_crai	samples/Mtb151/R25048/R25048.mm2.AsmToH37Rv.asm10.cram.crai	https://pub-4ffd5d52d77a41f7b1f7021fbd09c3d2.r2.dev/samples/Mtb151/R25048/R25048.mm2.AsmToH37Rv.asm10.cram.crai	68	2026-07-20T14:09:48Z
sample	Mtb151	R25048	asm_cram	samples/Mtb151/R25048/R25048.mm2.AsmToH37Rv.asm10.cram	https://pub-4ffd5d52d77a41f7b1f7021fbd09c3d2.r2.dev/samples/Mtb151/R25048/R25048.mm2.AsmToH37Rv.asm10.cram	881833	2026-07-20T14:09:47Z
sample	Mtb151	R26778	lr_100x_crai	samples/Mtb151/R26778/R26778.LR.AlnToH37Rv.Subsample100x.cram.crai	https://pub-4ffd5d52d77a41f7b1f7021fbd09c3d2.r2.dev/samples/Mtb151/R26778/R26778.LR.AlnToH37Rv.Subsample100x.cram.crai	1488	2026-07-23T17:07:01Z
sample	Mtb151	R26778	lr_100x_cram	samples/Mtb151/R26778/R26778.LR.AlnToH37Rv.Subsample100x.cram	https://pub-4ffd5d52d77a41f7b1f7021fbd09c3d2.r2.dev/samples/Mtb151/R26778/R26778.LR.AlnToH37Rv.Subsample100x.cram	178007891	2026-07-23T17:06:57Z
sample	Mtb151	R26778	lr_full_depth_crai	samples/Mtb151/R26778/R26778.LR.AlnToH37Rv.primary_only.cram.crai	https://pub-4ffd5d52d77a41f7b1f7021fbd09c3d2.r2.dev/samples/Mtb151/R26778/R26778.LR.AlnToH37Rv.primary_only.cram.crai	1502	2026-07-20T14:09:53Z
sample	Mtb151	R26778	lr_full_depth_cram	samples/Mtb151/R26778/R26778.LR.AlnToH37Rv.primary_only.cram	https://pub-4ffd5d52d77a41f7b1f7021fbd09c3d2.r2.dev/samples/Mtb151/R26778/R26778.LR.AlnToH37Rv.primary_only.cram	179626833	2026-07-20T14:09:51Z
sample	Mtb151	R26778	asm_crai	samples/Mtb151/R26778/R26778.mm2.AsmToH37Rv.asm10.cram.crai	https://pub-4ffd5d52d77a41f7b1f7021fbd09c3d2.r2.dev/samples/Mtb151/R26778/R26778.mm2.AsmToH37Rv.asm10.cram.crai	68	2026-07-20T14:09:55Z
sample	Mtb151	R26778	asm_cram	samples/Mtb151/R26778/R26778.mm2.AsmToH37Rv.asm10.cram	https://pub-4ffd5d52d77a41f7b1f7021fbd09c3d2.r2.dev/samples/Mtb151/R26778/R26778.mm2.AsmToH37Rv.asm10.cram	877783	2026-07-20T14:09:54Z
sample	Mtb151	R26791	lr_100x_crai	samples/Mtb151/R26791/R26791.LR.AlnToH37Rv.Subsample100x.cram.crai	https://pub-4ffd5d52d77a41f7b1f7021fbd09c3d2.r2.dev/samples/Mtb151/R26791/R26791.LR.AlnToH37Rv.Subsample100x.cram.crai	1788	2026-07-23T17:00:21Z
sample	Mtb151	R26791	lr_100x_cram	samples/Mtb151/R26791/R26791.LR.AlnToH37Rv.Subsample100x.cram	https://pub-4ffd5d52d77a41f7b1f7021fbd09c3d2.r2.dev/samples/Mtb151/R26791/R26791.LR.AlnToH37Rv.Subsample100x.cram	212298082	2026-07-23T17:00:18Z
sample	Mtb151	R26791	lr_full_depth_crai	samples/Mtb151/R26791/R26791.LR.AlnToH37Rv.primary_only.cram.crai	https://pub-4ffd5d52d77a41f7b1f7021fbd09c3d2.r2.dev/samples/Mtb151/R26791/R26791.LR.AlnToH37Rv.primary_only.cram.crai	2238	2026-07-20T14:10:02Z
sample	Mtb151	R26791	lr_full_depth_cram	samples/Mtb151/R26791/R26791.LR.AlnToH37Rv.primary_only.cram	https://pub-4ffd5d52d77a41f7b1f7021fbd09c3d2.r2.dev/samples/Mtb151/R26791/R26791.LR.AlnToH37Rv.primary_only.cram	265056404	2026-07-20T14:10:01Z
sample	Mtb151	R26791	asm_crai	samples/Mtb151/R26791/R26791.mm2.AsmToH37Rv.asm10.cram.crai	https://pub-4ffd5d52d77a41f7b1f7021fbd09c3d2.r2.dev/samples/Mtb151/R26791/R26791.mm2.AsmToH37Rv.asm10.cram.crai	68	2026-07-20T14:10:04Z
sample	Mtb151	R26791	asm_cram	samples/Mtb151/R26791/R26791.mm2.AsmToH37Rv.asm10.cram	https://pub-4ffd5d52d77a41f7b1f7021fbd09c3d2.r2.dev/samples/Mtb151/R26791/R26791.mm2.AsmToH37Rv.asm10.cram	878246	2026-07-20T14:10:03Z
sample	Mtb151	R27252	lr_100x_crai	samples/Mtb151/R27252/R27252.LR.AlnToH37Rv.Subsample100x.cram.crai	https://pub-4ffd5d52d77a41f7b1f7021fbd09c3d2.r2.dev/samples/Mtb151/R27252/R27252.LR.AlnToH37Rv.Subsample100x.cram.crai	1827	2026-07-23T17:01:12Z
sample	Mtb151	R27252	lr_100x_cram	samples/Mtb151/R27252/R27252.LR.AlnToH37Rv.Subsample100x.cram	https://pub-4ffd5d52d77a41f7b1f7021fbd09c3d2.r2.dev/samples/Mtb151/R27252/R27252.LR.AlnToH37Rv.Subsample100x.cram	213747928	2026-07-23T17:01:08Z
sample	Mtb151	R27252	lr_full_depth_crai	samples/Mtb151/R27252/R27252.LR.AlnToH37Rv.primary_only.cram.crai	https://pub-4ffd5d52d77a41f7b1f7021fbd09c3d2.r2.dev/samples/Mtb151/R27252/R27252.LR.AlnToH37Rv.primary_only.cram.crai	2720	2026-07-20T14:10:13Z
sample	Mtb151	R27252	lr_full_depth_cram	samples/Mtb151/R27252/R27252.LR.AlnToH37Rv.primary_only.cram	https://pub-4ffd5d52d77a41f7b1f7021fbd09c3d2.r2.dev/samples/Mtb151/R27252/R27252.LR.AlnToH37Rv.primary_only.cram	320994014	2026-07-20T14:10:11Z
sample	Mtb151	R27252	asm_crai	samples/Mtb151/R27252/R27252.mm2.AsmToH37Rv.asm10.cram.crai	https://pub-4ffd5d52d77a41f7b1f7021fbd09c3d2.r2.dev/samples/Mtb151/R27252/R27252.mm2.AsmToH37Rv.asm10.cram.crai	68	2026-07-20T14:10:15Z
sample	Mtb151	R27252	asm_cram	samples/Mtb151/R27252/R27252.mm2.AsmToH37Rv.asm10.cram	https://pub-4ffd5d52d77a41f7b1f7021fbd09c3d2.r2.dev/samples/Mtb151/R27252/R27252.mm2.AsmToH37Rv.asm10.cram	882270	2026-07-20T14:10:14Z
sample	Mtb151	R27657	lr_100x_crai	samples/Mtb151/R27657/R27657.LR.AlnToH37Rv.Subsample100x.cram.crai	https://pub-4ffd5d52d77a41f7b1f7021fbd09c3d2.r2.dev/samples/Mtb151/R27657/R27657.LR.AlnToH37Rv.Subsample100x.cram.crai	1805	2026-07-23T17:02:50Z
sample	Mtb151	R27657	lr_100x_cram	samples/Mtb151/R27657/R27657.LR.AlnToH37Rv.Subsample100x.cram	https://pub-4ffd5d52d77a41f7b1f7021fbd09c3d2.r2.dev/samples/Mtb151/R27657/R27657.LR.AlnToH37Rv.Subsample100x.cram	214176511	2026-07-23T17:02:46Z
sample	Mtb151	R27657	lr_full_depth_crai	samples/Mtb151/R27657/R27657.LR.AlnToH37Rv.primary_only.cram.crai	https://pub-4ffd5d52d77a41f7b1f7021fbd09c3d2.r2.dev/samples/Mtb151/R27657/R27657.LR.AlnToH37Rv.primary_only.cram.crai	2739	2026-07-20T14:10:23Z
sample	Mtb151	R27657	lr_full_depth_cram	samples/Mtb151/R27657/R27657.LR.AlnToH37Rv.primary_only.cram	https://pub-4ffd5d52d77a41f7b1f7021fbd09c3d2.r2.dev/samples/Mtb151/R27657/R27657.LR.AlnToH37Rv.primary_only.cram	324707823	2026-07-20T14:10:21Z
sample	Mtb151	R27657	asm_crai	samples/Mtb151/R27657/R27657.mm2.AsmToH37Rv.asm10.cram.crai	https://pub-4ffd5d52d77a41f7b1f7021fbd09c3d2.r2.dev/samples/Mtb151/R27657/R27657.mm2.AsmToH37Rv.asm10.cram.crai	67	2026-07-20T14:10:25Z
sample	Mtb151	R27657	asm_cram	samples/Mtb151/R27657/R27657.mm2.AsmToH37Rv.asm10.cram	https://pub-4ffd5d52d77a41f7b1f7021fbd09c3d2.r2.dev/samples/Mtb151/R27657/R27657.mm2.AsmToH37Rv.asm10.cram	826946	2026-07-20T14:10:24Z
sample	Mtb151	R27725	lr_100x_crai	samples/Mtb151/R27725/R27725.LR.AlnToH37Rv.Subsample100x.cram.crai	https://pub-4ffd5d52d77a41f7b1f7021fbd09c3d2.r2.dev/samples/Mtb151/R27725/R27725.LR.AlnToH37Rv.Subsample100x.cram.crai	1779	2026-07-23T17:04:13Z
sample	Mtb151	R27725	lr_100x_cram	samples/Mtb151/R27725/R27725.LR.AlnToH37Rv.Subsample100x.cram	https://pub-4ffd5d52d77a41f7b1f7021fbd09c3d2.r2.dev/samples/Mtb151/R27725/R27725.LR.AlnToH37Rv.Subsample100x.cram	208315366	2026-07-23T17:04:09Z
sample	Mtb151	R27725	lr_full_depth_crai	samples/Mtb151/R27725/R27725.LR.AlnToH37Rv.primary_only.cram.crai	https://pub-4ffd5d52d77a41f7b1f7021fbd09c3d2.r2.dev/samples/Mtb151/R27725/R27725.LR.AlnToH37Rv.primary_only.cram.crai	2722	2026-07-20T14:10:32Z
sample	Mtb151	R27725	lr_full_depth_cram	samples/Mtb151/R27725/R27725.LR.AlnToH37Rv.primary_only.cram	https://pub-4ffd5d52d77a41f7b1f7021fbd09c3d2.r2.dev/samples/Mtb151/R27725/R27725.LR.AlnToH37Rv.primary_only.cram	317751476	2026-07-20T14:10:31Z
sample	Mtb151	R27725	asm_crai	samples/Mtb151/R27725/R27725.mm2.AsmToH37Rv.asm10.cram.crai	https://pub-4ffd5d52d77a41f7b1f7021fbd09c3d2.r2.dev/samples/Mtb151/R27725/R27725.mm2.AsmToH37Rv.asm10.cram.crai	68	2026-07-20T14:10:34Z
sample	Mtb151	R27725	asm_cram	samples/Mtb151/R27725/R27725.mm2.AsmToH37Rv.asm10.cram	https://pub-4ffd5d52d77a41f7b1f7021fbd09c3d2.r2.dev/samples/Mtb151/R27725/R27725.mm2.AsmToH37Rv.asm10.cram	878252	2026-07-20T14:10:33Z
sample	Mtb151	R27937	lr_100x_crai	samples/Mtb151/R27937/R27937.LR.AlnToH37Rv.Subsample100x.cram.crai	https://pub-4ffd5d52d77a41f7b1f7021fbd09c3d2.r2.dev/samples/Mtb151/R27937/R27937.LR.AlnToH37Rv.Subsample100x.cram.crai	1670	2026-07-23T17:02:32Z
sample	Mtb151	R27937	lr_100x_cram	samples/Mtb151/R27937/R27937.LR.AlnToH37Rv.Subsample100x.cram	https://pub-4ffd5d52d77a41f7b1f7021fbd09c3d2.r2.dev/samples/Mtb151/R27937/R27937.LR.AlnToH37Rv.Subsample100x.cram	199609450	2026-07-23T17:02:29Z
sample	Mtb151	R27937	lr_full_depth_crai	samples/Mtb151/R27937/R27937.LR.AlnToH37Rv.primary_only.cram.crai	https://pub-4ffd5d52d77a41f7b1f7021fbd09c3d2.r2.dev/samples/Mtb151/R27937/R27937.LR.AlnToH37Rv.primary_only.cram.crai	1806	2026-07-20T14:10:40Z
sample	Mtb151	R27937	lr_full_depth_cram	samples/Mtb151/R27937/R27937.LR.AlnToH37Rv.primary_only.cram	https://pub-4ffd5d52d77a41f7b1f7021fbd09c3d2.r2.dev/samples/Mtb151/R27937/R27937.LR.AlnToH37Rv.primary_only.cram	214933631	2026-07-20T14:10:39Z
sample	Mtb151	R27937	asm_crai	samples/Mtb151/R27937/R27937.mm2.AsmToH37Rv.asm10.cram.crai	https://pub-4ffd5d52d77a41f7b1f7021fbd09c3d2.r2.dev/samples/Mtb151/R27937/R27937.mm2.AsmToH37Rv.asm10.cram.crai	67	2026-07-20T14:10:42Z
sample	Mtb151	R27937	asm_cram	samples/Mtb151/R27937/R27937.mm2.AsmToH37Rv.asm10.cram	https://pub-4ffd5d52d77a41f7b1f7021fbd09c3d2.r2.dev/samples/Mtb151/R27937/R27937.mm2.AsmToH37Rv.asm10.cram	876985	2026-07-20T14:10:41Z
sample	Mtb151	R28012	lr_100x_crai	samples/Mtb151/R28012/R28012.LR.AlnToH37Rv.Subsample100x.cram.crai	https://pub-4ffd5d52d77a41f7b1f7021fbd09c3d2.r2.dev/samples/Mtb151/R28012/R28012.LR.AlnToH37Rv.Subsample100x.cram.crai	1718	2026-07-23T17:04:33Z
sample	Mtb151	R28012	lr_100x_cram	samples/Mtb151/R28012/R28012.LR.AlnToH37Rv.Subsample100x.cram	https://pub-4ffd5d52d77a41f7b1f7021fbd09c3d2.r2.dev/samples/Mtb151/R28012/R28012.LR.AlnToH37Rv.Subsample100x.cram	201794754	2026-07-23T17:04:30Z
sample	Mtb151	R28012	lr_full_depth_crai	samples/Mtb151/R28012/R28012.LR.AlnToH37Rv.primary_only.cram.crai	https://pub-4ffd5d52d77a41f7b1f7021fbd09c3d2.r2.dev/samples/Mtb151/R28012/R28012.LR.AlnToH37Rv.primary_only.cram.crai	1977	2026-07-20T14:10:47Z
sample	Mtb151	R28012	lr_full_depth_cram	samples/Mtb151/R28012/R28012.LR.AlnToH37Rv.primary_only.cram	https://pub-4ffd5d52d77a41f7b1f7021fbd09c3d2.r2.dev/samples/Mtb151/R28012/R28012.LR.AlnToH37Rv.primary_only.cram	234018256	2026-07-20T14:10:46Z
sample	Mtb151	R28012	asm_crai	samples/Mtb151/R28012/R28012.mm2.AsmToH37Rv.asm10.cram.crai	https://pub-4ffd5d52d77a41f7b1f7021fbd09c3d2.r2.dev/samples/Mtb151/R28012/R28012.mm2.AsmToH37Rv.asm10.cram.crai	67	2026-07-20T14:10:50Z
sample	Mtb151	R28012	asm_cram	samples/Mtb151/R28012/R28012.mm2.AsmToH37Rv.asm10.cram	https://pub-4ffd5d52d77a41f7b1f7021fbd09c3d2.r2.dev/samples/Mtb151/R28012/R28012.mm2.AsmToH37Rv.asm10.cram	826949	2026-07-20T14:10:49Z
sample	Mtb151	R28581	lr_100x_crai	samples/Mtb151/R28581/R28581.LR.AlnToH37Rv.Subsample100x.cram.crai	https://pub-4ffd5d52d77a41f7b1f7021fbd09c3d2.r2.dev/samples/Mtb151/R28581/R28581.LR.AlnToH37Rv.Subsample100x.cram.crai	1192	2026-07-23T17:06:32Z
sample	Mtb151	R28581	lr_100x_cram	samples/Mtb151/R28581/R28581.LR.AlnToH37Rv.Subsample100x.cram	https://pub-4ffd5d52d77a41f7b1f7021fbd09c3d2.r2.dev/samples/Mtb151/R28581/R28581.LR.AlnToH37Rv.Subsample100x.cram	142900339	2026-07-23T17:06:29Z
sample	Mtb151	R28581	lr_full_depth_crai	samples/Mtb151/R28581/R28581.LR.AlnToH37Rv.primary_only.cram.crai	https://pub-4ffd5d52d77a41f7b1f7021fbd09c3d2.r2.dev/samples/Mtb151/R28581/R28581.LR.AlnToH37Rv.primary_only.cram.crai	1188	2026-07-20T14:10:55Z
sample	Mtb151	R28581	lr_full_depth_cram	samples/Mtb151/R28581/R28581.LR.AlnToH37Rv.primary_only.cram	https://pub-4ffd5d52d77a41f7b1f7021fbd09c3d2.r2.dev/samples/Mtb151/R28581/R28581.LR.AlnToH37Rv.primary_only.cram	142940278	2026-07-20T14:10:54Z
sample	Mtb151	R28581	asm_crai	samples/Mtb151/R28581/R28581.mm2.AsmToH37Rv.asm10.cram.crai	https://pub-4ffd5d52d77a41f7b1f7021fbd09c3d2.r2.dev/samples/Mtb151/R28581/R28581.mm2.AsmToH37Rv.asm10.cram.crai	68	2026-07-20T14:10:57Z
sample	Mtb151	R28581	asm_cram	samples/Mtb151/R28581/R28581.mm2.AsmToH37Rv.asm10.cram	https://pub-4ffd5d52d77a41f7b1f7021fbd09c3d2.r2.dev/samples/Mtb151/R28581/R28581.mm2.AsmToH37Rv.asm10.cram	825224	2026-07-20T14:10:56Z
sample	Mtb151	R28703	lr_100x_crai	samples/Mtb151/R28703/R28703.LR.AlnToH37Rv.Subsample100x.cram.crai	https://pub-4ffd5d52d77a41f7b1f7021fbd09c3d2.r2.dev/samples/Mtb151/R28703/R28703.LR.AlnToH37Rv.Subsample100x.cram.crai	1795	2026-07-23T17:04:44Z
sample	Mtb151	R28703	lr_100x_cram	samples/Mtb151/R28703/R28703.LR.AlnToH37Rv.Subsample100x.cram	https://pub-4ffd5d52d77a41f7b1f7021fbd09c3d2.r2.dev/samples/Mtb151/R28703/R28703.LR.AlnToH37Rv.Subsample100x.cram	210004341	2026-07-23T17:04:40Z
sample	Mtb151	R28703	lr_full_depth_crai	samples/Mtb151/R28703/R28703.LR.AlnToH37Rv.primary_only.cram.crai	https://pub-4ffd5d52d77a41f7b1f7021fbd09c3d2.r2.dev/samples/Mtb151/R28703/R28703.LR.AlnToH37Rv.primary_only.cram.crai	2731	2026-07-20T14:11:04Z
sample	Mtb151	R28703	lr_full_depth_cram	samples/Mtb151/R28703/R28703.LR.AlnToH37Rv.primary_only.cram	https://pub-4ffd5d52d77a41f7b1f7021fbd09c3d2.r2.dev/samples/Mtb151/R28703/R28703.LR.AlnToH37Rv.primary_only.cram	319217800	2026-07-20T14:11:03Z
sample	Mtb151	R28703	asm_crai	samples/Mtb151/R28703/R28703.mm2.AsmToH37Rv.asm10.cram.crai	https://pub-4ffd5d52d77a41f7b1f7021fbd09c3d2.r2.dev/samples/Mtb151/R28703/R28703.mm2.AsmToH37Rv.asm10.cram.crai	68	2026-07-20T14:11:07Z
sample	Mtb151	R28703	asm_cram	samples/Mtb151/R28703/R28703.mm2.AsmToH37Rv.asm10.cram	https://pub-4ffd5d52d77a41f7b1f7021fbd09c3d2.r2.dev/samples/Mtb151/R28703/R28703.mm2.AsmToH37Rv.asm10.cram	826560	2026-07-20T14:11:06Z
sample	Mtb151	R28980	lr_100x_crai	samples/Mtb151/R28980/R28980.LR.AlnToH37Rv.Subsample100x.cram.crai	https://pub-4ffd5d52d77a41f7b1f7021fbd09c3d2.r2.dev/samples/Mtb151/R28980/R28980.LR.AlnToH37Rv.Subsample100x.cram.crai	1833	2026-07-23T17:06:12Z
sample	Mtb151	R28980	lr_100x_cram	samples/Mtb151/R28980/R28980.LR.AlnToH37Rv.Subsample100x.cram	https://pub-4ffd5d52d77a41f7b1f7021fbd09c3d2.r2.dev/samples/Mtb151/R28980/R28980.LR.AlnToH37Rv.Subsample100x.cram	217857499	2026-07-23T17:06:06Z
sample	Mtb151	R28980	lr_full_depth_crai	samples/Mtb151/R28980/R28980.LR.AlnToH37Rv.primary_only.cram.crai	https://pub-4ffd5d52d77a41f7b1f7021fbd09c3d2.r2.dev/samples/Mtb151/R28980/R28980.LR.AlnToH37Rv.primary_only.cram.crai	2741	2026-07-20T14:11:14Z
sample	Mtb151	R28980	lr_full_depth_cram	samples/Mtb151/R28980/R28980.LR.AlnToH37Rv.primary_only.cram	https://pub-4ffd5d52d77a41f7b1f7021fbd09c3d2.r2.dev/samples/Mtb151/R28980/R28980.LR.AlnToH37Rv.primary_only.cram	323800450	2026-07-20T14:11:13Z
sample	Mtb151	R28980	asm_crai	samples/Mtb151/R28980/R28980.mm2.AsmToH37Rv.asm10.cram.crai	https://pub-4ffd5d52d77a41f7b1f7021fbd09c3d2.r2.dev/samples/Mtb151/R28980/R28980.mm2.AsmToH37Rv.asm10.cram.crai	68	2026-07-20T14:11:16Z
sample	Mtb151	R28980	asm_cram	samples/Mtb151/R28980/R28980.mm2.AsmToH37Rv.asm10.cram	https://pub-4ffd5d52d77a41f7b1f7021fbd09c3d2.r2.dev/samples/Mtb151/R28980/R28980.mm2.AsmToH37Rv.asm10.cram	878639	2026-07-20T14:11:15Z
sample	Mtb151	R29598	lr_100x_crai	samples/Mtb151/R29598/R29598.LR.AlnToH37Rv.Subsample100x.cram.crai	https://pub-4ffd5d52d77a41f7b1f7021fbd09c3d2.r2.dev/samples/Mtb151/R29598/R29598.LR.AlnToH37Rv.Subsample100x.cram.crai	825	2026-07-23T17:01:31Z
sample	Mtb151	R29598	lr_100x_cram	samples/Mtb151/R29598/R29598.LR.AlnToH37Rv.Subsample100x.cram	https://pub-4ffd5d52d77a41f7b1f7021fbd09c3d2.r2.dev/samples/Mtb151/R29598/R29598.LR.AlnToH37Rv.Subsample100x.cram	94465087	2026-07-23T17:01:28Z
sample	Mtb151	R29598	lr_full_depth_crai	samples/Mtb151/R29598/R29598.LR.AlnToH37Rv.primary_only.cram.crai	https://pub-4ffd5d52d77a41f7b1f7021fbd09c3d2.r2.dev/samples/Mtb151/R29598/R29598.LR.AlnToH37Rv.primary_only.cram.crai	825	2026-07-20T14:11:21Z
sample	Mtb151	R29598	lr_full_depth_cram	samples/Mtb151/R29598/R29598.LR.AlnToH37Rv.primary_only.cram	https://pub-4ffd5d52d77a41f7b1f7021fbd09c3d2.r2.dev/samples/Mtb151/R29598/R29598.LR.AlnToH37Rv.primary_only.cram	94465476	2026-07-20T14:11:19Z
sample	Mtb151	R29598	asm_crai	samples/Mtb151/R29598/R29598.mm2.AsmToH37Rv.asm10.cram.crai	https://pub-4ffd5d52d77a41f7b1f7021fbd09c3d2.r2.dev/samples/Mtb151/R29598/R29598.mm2.AsmToH37Rv.asm10.cram.crai	68	2026-07-20T14:11:24Z
sample	Mtb151	R29598	asm_cram	samples/Mtb151/R29598/R29598.mm2.AsmToH37Rv.asm10.cram	https://pub-4ffd5d52d77a41f7b1f7021fbd09c3d2.r2.dev/samples/Mtb151/R29598/R29598.mm2.AsmToH37Rv.asm10.cram	824862	2026-07-20T14:11:22Z
sample	Mtb151	R29816	lr_100x_crai	samples/Mtb151/R29816/R29816.LR.AlnToH37Rv.Subsample100x.cram.crai	https://pub-4ffd5d52d77a41f7b1f7021fbd09c3d2.r2.dev/samples/Mtb151/R29816/R29816.LR.AlnToH37Rv.Subsample100x.cram.crai	1632	2026-07-23T17:01:24Z
sample	Mtb151	R29816	lr_100x_cram	samples/Mtb151/R29816/R29816.LR.AlnToH37Rv.Subsample100x.cram	https://pub-4ffd5d52d77a41f7b1f7021fbd09c3d2.r2.dev/samples/Mtb151/R29816/R29816.LR.AlnToH37Rv.Subsample100x.cram	194654765	2026-07-23T17:01:20Z
sample	Mtb151	R29816	lr_full_depth_crai	samples/Mtb151/R29816/R29816.LR.AlnToH37Rv.primary_only.cram.crai	https://pub-4ffd5d52d77a41f7b1f7021fbd09c3d2.r2.dev/samples/Mtb151/R29816/R29816.LR.AlnToH37Rv.primary_only.cram.crai	1689	2026-07-20T14:11:29Z
sample	Mtb151	R29816	lr_full_depth_cram	samples/Mtb151/R29816/R29816.LR.AlnToH37Rv.primary_only.cram	https://pub-4ffd5d52d77a41f7b1f7021fbd09c3d2.r2.dev/samples/Mtb151/R29816/R29816.LR.AlnToH37Rv.primary_only.cram	202746767	2026-07-20T14:11:28Z
sample	Mtb151	R29816	asm_crai	samples/Mtb151/R29816/R29816.mm2.AsmToH37Rv.asm10.cram.crai	https://pub-4ffd5d52d77a41f7b1f7021fbd09c3d2.r2.dev/samples/Mtb151/R29816/R29816.mm2.AsmToH37Rv.asm10.cram.crai	68	2026-07-20T14:11:31Z
sample	Mtb151	R29816	asm_cram	samples/Mtb151/R29816/R29816.mm2.AsmToH37Rv.asm10.cram	https://pub-4ffd5d52d77a41f7b1f7021fbd09c3d2.r2.dev/samples/Mtb151/R29816/R29816.mm2.AsmToH37Rv.asm10.cram	826746	2026-07-20T14:11:30Z
sample	Mtb151	R30078	lr_100x_crai	samples/Mtb151/R30078/R30078.LR.AlnToH37Rv.Subsample100x.cram.crai	https://pub-4ffd5d52d77a41f7b1f7021fbd09c3d2.r2.dev/samples/Mtb151/R30078/R30078.LR.AlnToH37Rv.Subsample100x.cram.crai	1380	2026-07-23T17:01:41Z
sample	Mtb151	R30078	lr_100x_cram	samples/Mtb151/R30078/R30078.LR.AlnToH37Rv.Subsample100x.cram	https://pub-4ffd5d52d77a41f7b1f7021fbd09c3d2.r2.dev/samples/Mtb151/R30078/R30078.LR.AlnToH37Rv.Subsample100x.cram	162609976	2026-07-23T17:01:38Z
sample	Mtb151	R30078	lr_full_depth_crai	samples/Mtb151/R30078/R30078.LR.AlnToH37Rv.primary_only.cram.crai	https://pub-4ffd5d52d77a41f7b1f7021fbd09c3d2.r2.dev/samples/Mtb151/R30078/R30078.LR.AlnToH37Rv.primary_only.cram.crai	1379	2026-07-20T14:11:36Z
sample	Mtb151	R30078	lr_full_depth_cram	samples/Mtb151/R30078/R30078.LR.AlnToH37Rv.primary_only.cram	https://pub-4ffd5d52d77a41f7b1f7021fbd09c3d2.r2.dev/samples/Mtb151/R30078/R30078.LR.AlnToH37Rv.primary_only.cram	163350195	2026-07-20T14:11:35Z
sample	Mtb151	R30078	asm_crai	samples/Mtb151/R30078/R30078.mm2.AsmToH37Rv.asm10.cram.crai	https://pub-4ffd5d52d77a41f7b1f7021fbd09c3d2.r2.dev/samples/Mtb151/R30078/R30078.mm2.AsmToH37Rv.asm10.cram.crai	67	2026-07-20T14:11:38Z
sample	Mtb151	R30078	asm_cram	samples/Mtb151/R30078/R30078.mm2.AsmToH37Rv.asm10.cram	https://pub-4ffd5d52d77a41f7b1f7021fbd09c3d2.r2.dev/samples/Mtb151/R30078/R30078.mm2.AsmToH37Rv.asm10.cram	826984	2026-07-20T14:11:37Z
sample	Mtb151	R30215	lr_100x_crai	samples/Mtb151/R30215/R30215.LR.AlnToH37Rv.Subsample100x.cram.crai	https://pub-4ffd5d52d77a41f7b1f7021fbd09c3d2.r2.dev/samples/Mtb151/R30215/R30215.LR.AlnToH37Rv.Subsample100x.cram.crai	1796	2026-07-23T17:03:53Z
sample	Mtb151	R30215	lr_100x_cram	samples/Mtb151/R30215/R30215.LR.AlnToH37Rv.Subsample100x.cram	https://pub-4ffd5d52d77a41f7b1f7021fbd09c3d2.r2.dev/samples/Mtb151/R30215/R30215.LR.AlnToH37Rv.Subsample100x.cram	209499942	2026-07-23T17:03:50Z
sample	Mtb151	R30215	lr_full_depth_crai	samples/Mtb151/R30215/R30215.LR.AlnToH37Rv.primary_only.cram.crai	https://pub-4ffd5d52d77a41f7b1f7021fbd09c3d2.r2.dev/samples/Mtb151/R30215/R30215.LR.AlnToH37Rv.primary_only.cram.crai	2702	2026-07-20T14:11:43Z
sample	Mtb151	R30215	lr_full_depth_cram	samples/Mtb151/R30215/R30215.LR.AlnToH37Rv.primary_only.cram	https://pub-4ffd5d52d77a41f7b1f7021fbd09c3d2.r2.dev/samples/Mtb151/R30215/R30215.LR.AlnToH37Rv.primary_only.cram	318455794	2026-07-20T14:11:42Z
sample	Mtb151	R30215	asm_crai	samples/Mtb151/R30215/R30215.mm2.AsmToH37Rv.asm10.cram.crai	https://pub-4ffd5d52d77a41f7b1f7021fbd09c3d2.r2.dev/samples/Mtb151/R30215/R30215.mm2.AsmToH37Rv.asm10.cram.crai	68	2026-07-20T14:11:45Z
sample	Mtb151	R30215	asm_cram	samples/Mtb151/R30215/R30215.mm2.AsmToH37Rv.asm10.cram	https://pub-4ffd5d52d77a41f7b1f7021fbd09c3d2.r2.dev/samples/Mtb151/R30215/R30215.mm2.AsmToH37Rv.asm10.cram	883375	2026-07-20T14:11:44Z
sample	Mtb151	R30234	lr_100x_crai	samples/Mtb151/R30234/R30234.LR.AlnToH37Rv.Subsample100x.cram.crai	https://pub-4ffd5d52d77a41f7b1f7021fbd09c3d2.r2.dev/samples/Mtb151/R30234/R30234.LR.AlnToH37Rv.Subsample100x.cram.crai	1358	2026-07-23T17:00:48Z
sample	Mtb151	R30234	lr_100x_cram	samples/Mtb151/R30234/R30234.LR.AlnToH37Rv.Subsample100x.cram	https://pub-4ffd5d52d77a41f7b1f7021fbd09c3d2.r2.dev/samples/Mtb151/R30234/R30234.LR.AlnToH37Rv.Subsample100x.cram	158742702	2026-07-23T17:00:44Z
sample	Mtb151	R30234	lr_full_depth_crai	samples/Mtb151/R30234/R30234.LR.AlnToH37Rv.primary_only.cram.crai	https://pub-4ffd5d52d77a41f7b1f7021fbd09c3d2.r2.dev/samples/Mtb151/R30234/R30234.LR.AlnToH37Rv.primary_only.cram.crai	1354	2026-07-20T14:11:51Z
sample	Mtb151	R30234	lr_full_depth_cram	samples/Mtb151/R30234/R30234.LR.AlnToH37Rv.primary_only.cram	https://pub-4ffd5d52d77a41f7b1f7021fbd09c3d2.r2.dev/samples/Mtb151/R30234/R30234.LR.AlnToH37Rv.primary_only.cram	159398653	2026-07-20T14:11:49Z
sample	Mtb151	R30234	asm_crai	samples/Mtb151/R30234/R30234.mm2.AsmToH37Rv.asm10.cram.crai	https://pub-4ffd5d52d77a41f7b1f7021fbd09c3d2.r2.dev/samples/Mtb151/R30234/R30234.mm2.AsmToH37Rv.asm10.cram.crai	67	2026-07-20T14:11:53Z
sample	Mtb151	R30234	asm_cram	samples/Mtb151/R30234/R30234.mm2.AsmToH37Rv.asm10.cram	https://pub-4ffd5d52d77a41f7b1f7021fbd09c3d2.r2.dev/samples/Mtb151/R30234/R30234.mm2.AsmToH37Rv.asm10.cram	826554	2026-07-20T14:11:52Z
sample	Mtb151	R30396	lr_100x_crai	samples/Mtb151/R30396/R30396.LR.AlnToH37Rv.Subsample100x.cram.crai	https://pub-4ffd5d52d77a41f7b1f7021fbd09c3d2.r2.dev/samples/Mtb151/R30396/R30396.LR.AlnToH37Rv.Subsample100x.cram.crai	1806	2026-07-23T17:02:39Z
sample	Mtb151	R30396	lr_100x_cram	samples/Mtb151/R30396/R30396.LR.AlnToH37Rv.Subsample100x.cram	https://pub-4ffd5d52d77a41f7b1f7021fbd09c3d2.r2.dev/samples/Mtb151/R30396/R30396.LR.AlnToH37Rv.Subsample100x.cram	214717904	2026-07-23T17:02:36Z
sample	Mtb151	R30396	lr_full_depth_crai	samples/Mtb151/R30396/R30396.LR.AlnToH37Rv.primary_only.cram.crai	https://pub-4ffd5d52d77a41f7b1f7021fbd09c3d2.r2.dev/samples/Mtb151/R30396/R30396.LR.AlnToH37Rv.primary_only.cram.crai	2719	2026-07-20T14:11:58Z
sample	Mtb151	R30396	lr_full_depth_cram	samples/Mtb151/R30396/R30396.LR.AlnToH37Rv.primary_only.cram	https://pub-4ffd5d52d77a41f7b1f7021fbd09c3d2.r2.dev/samples/Mtb151/R30396/R30396.LR.AlnToH37Rv.primary_only.cram	322411287	2026-07-20T14:11:57Z
sample	Mtb151	R30396	asm_crai	samples/Mtb151/R30396/R30396.mm2.AsmToH37Rv.asm10.cram.crai	https://pub-4ffd5d52d77a41f7b1f7021fbd09c3d2.r2.dev/samples/Mtb151/R30396/R30396.mm2.AsmToH37Rv.asm10.cram.crai	68	2026-07-20T14:12:00Z
sample	Mtb151	R30396	asm_cram	samples/Mtb151/R30396/R30396.mm2.AsmToH37Rv.asm10.cram	https://pub-4ffd5d52d77a41f7b1f7021fbd09c3d2.r2.dev/samples/Mtb151/R30396/R30396.mm2.AsmToH37Rv.asm10.cram	798849	2026-07-20T14:11:59Z
sample	Mtb151	R30420	lr_100x_crai	samples/Mtb151/R30420/R30420.LR.AlnToH37Rv.Subsample100x.cram.crai	https://pub-4ffd5d52d77a41f7b1f7021fbd09c3d2.r2.dev/samples/Mtb151/R30420/R30420.LR.AlnToH37Rv.Subsample100x.cram.crai	1236	2026-07-23T17:03:04Z
sample	Mtb151	R30420	lr_100x_cram	samples/Mtb151/R30420/R30420.LR.AlnToH37Rv.Subsample100x.cram	https://pub-4ffd5d52d77a41f7b1f7021fbd09c3d2.r2.dev/samples/Mtb151/R30420/R30420.LR.AlnToH37Rv.Subsample100x.cram	145090855	2026-07-23T17:02:58Z
sample	Mtb151	R30420	lr_full_depth_crai	samples/Mtb151/R30420/R30420.LR.AlnToH37Rv.primary_only.cram.crai	https://pub-4ffd5d52d77a41f7b1f7021fbd09c3d2.r2.dev/samples/Mtb151/R30420/R30420.LR.AlnToH37Rv.primary_only.cram.crai	1238	2026-07-20T14:12:07Z
sample	Mtb151	R30420	lr_full_depth_cram	samples/Mtb151/R30420/R30420.LR.AlnToH37Rv.primary_only.cram	https://pub-4ffd5d52d77a41f7b1f7021fbd09c3d2.r2.dev/samples/Mtb151/R30420/R30420.LR.AlnToH37Rv.primary_only.cram	145367149	2026-07-20T14:12:05Z
sample	Mtb151	R30420	asm_crai	samples/Mtb151/R30420/R30420.mm2.AsmToH37Rv.asm10.cram.crai	https://pub-4ffd5d52d77a41f7b1f7021fbd09c3d2.r2.dev/samples/Mtb151/R30420/R30420.mm2.AsmToH37Rv.asm10.cram.crai	69	2026-07-20T14:12:09Z
sample	Mtb151	R30420	asm_cram	samples/Mtb151/R30420/R30420.mm2.AsmToH37Rv.asm10.cram	https://pub-4ffd5d52d77a41f7b1f7021fbd09c3d2.r2.dev/samples/Mtb151/R30420/R30420.mm2.AsmToH37Rv.asm10.cram	879679	2026-07-20T14:12:08Z
sample	Mtb151	R31095	lr_100x_crai	samples/Mtb151/R31095/R31095.LR.AlnToH37Rv.Subsample100x.cram.crai	https://pub-4ffd5d52d77a41f7b1f7021fbd09c3d2.r2.dev/samples/Mtb151/R31095/R31095.LR.AlnToH37Rv.Subsample100x.cram.crai	1794	2026-07-23T17:02:05Z
sample	Mtb151	R31095	lr_100x_cram	samples/Mtb151/R31095/R31095.LR.AlnToH37Rv.Subsample100x.cram	https://pub-4ffd5d52d77a41f7b1f7021fbd09c3d2.r2.dev/samples/Mtb151/R31095/R31095.LR.AlnToH37Rv.Subsample100x.cram	211857096	2026-07-23T17:01:57Z
sample	Mtb151	R31095	lr_full_depth_crai	samples/Mtb151/R31095/R31095.LR.AlnToH37Rv.primary_only.cram.crai	https://pub-4ffd5d52d77a41f7b1f7021fbd09c3d2.r2.dev/samples/Mtb151/R31095/R31095.LR.AlnToH37Rv.primary_only.cram.crai	2714	2026-07-20T14:12:15Z
sample	Mtb151	R31095	lr_full_depth_cram	samples/Mtb151/R31095/R31095.LR.AlnToH37Rv.primary_only.cram	https://pub-4ffd5d52d77a41f7b1f7021fbd09c3d2.r2.dev/samples/Mtb151/R31095/R31095.LR.AlnToH37Rv.primary_only.cram	321952324	2026-07-20T14:12:14Z
sample	Mtb151	R31095	asm_crai	samples/Mtb151/R31095/R31095.mm2.AsmToH37Rv.asm10.cram.crai	https://pub-4ffd5d52d77a41f7b1f7021fbd09c3d2.r2.dev/samples/Mtb151/R31095/R31095.mm2.AsmToH37Rv.asm10.cram.crai	66	2026-07-20T14:12:17Z
sample	Mtb151	R31095	asm_cram	samples/Mtb151/R31095/R31095.mm2.AsmToH37Rv.asm10.cram	https://pub-4ffd5d52d77a41f7b1f7021fbd09c3d2.r2.dev/samples/Mtb151/R31095/R31095.mm2.AsmToH37Rv.asm10.cram	826551	2026-07-20T14:12:16Z
sample	Mtb151	R32929	lr_100x_crai	samples/Mtb151/R32929/R32929.LR.AlnToH37Rv.Subsample100x.cram.crai	https://pub-4ffd5d52d77a41f7b1f7021fbd09c3d2.r2.dev/samples/Mtb151/R32929/R32929.LR.AlnToH37Rv.Subsample100x.cram.crai	1041	2026-07-23T17:05:37Z
sample	Mtb151	R32929	lr_100x_cram	samples/Mtb151/R32929/R32929.LR.AlnToH37Rv.Subsample100x.cram	https://pub-4ffd5d52d77a41f7b1f7021fbd09c3d2.r2.dev/samples/Mtb151/R32929/R32929.LR.AlnToH37Rv.Subsample100x.cram	124282076	2026-07-23T17:05:34Z
sample	Mtb151	R32929	lr_full_depth_crai	samples/Mtb151/R32929/R32929.LR.AlnToH37Rv.primary_only.cram.crai	https://pub-4ffd5d52d77a41f7b1f7021fbd09c3d2.r2.dev/samples/Mtb151/R32929/R32929.LR.AlnToH37Rv.primary_only.cram.crai	1045	2026-07-20T14:12:21Z
sample	Mtb151	R32929	lr_full_depth_cram	samples/Mtb151/R32929/R32929.LR.AlnToH37Rv.primary_only.cram	https://pub-4ffd5d52d77a41f7b1f7021fbd09c3d2.r2.dev/samples/Mtb151/R32929/R32929.LR.AlnToH37Rv.primary_only.cram	125197167	2026-07-20T14:12:20Z
sample	Mtb151	R32929	asm_crai	samples/Mtb151/R32929/R32929.mm2.AsmToH37Rv.asm10.cram.crai	https://pub-4ffd5d52d77a41f7b1f7021fbd09c3d2.r2.dev/samples/Mtb151/R32929/R32929.mm2.AsmToH37Rv.asm10.cram.crai	67	2026-07-20T14:12:24Z
sample	Mtb151	R32929	asm_cram	samples/Mtb151/R32929/R32929.mm2.AsmToH37Rv.asm10.cram	https://pub-4ffd5d52d77a41f7b1f7021fbd09c3d2.r2.dev/samples/Mtb151/R32929/R32929.mm2.AsmToH37Rv.asm10.cram	879492	2026-07-20T14:12:22Z
sample	Mtb151	R36431	lr_100x_crai	samples/Mtb151/R36431/R36431.LR.AlnToH37Rv.Subsample100x.cram.crai	https://pub-4ffd5d52d77a41f7b1f7021fbd09c3d2.r2.dev/samples/Mtb151/R36431/R36431.LR.AlnToH37Rv.Subsample100x.cram.crai	1008	2026-07-23T17:01:01Z
sample	Mtb151	R36431	lr_100x_cram	samples/Mtb151/R36431/R36431.LR.AlnToH37Rv.Subsample100x.cram	https://pub-4ffd5d52d77a41f7b1f7021fbd09c3d2.r2.dev/samples/Mtb151/R36431/R36431.LR.AlnToH37Rv.Subsample100x.cram	120953447	2026-07-23T17:00:54Z
sample	Mtb151	R36431	lr_full_depth_crai	samples/Mtb151/R36431/R36431.LR.AlnToH37Rv.primary_only.cram.crai	https://pub-4ffd5d52d77a41f7b1f7021fbd09c3d2.r2.dev/samples/Mtb151/R36431/R36431.LR.AlnToH37Rv.primary_only.cram.crai	1013	2026-07-20T14:12:31Z
sample	Mtb151	R36431	lr_full_depth_cram	samples/Mtb151/R36431/R36431.LR.AlnToH37Rv.primary_only.cram	https://pub-4ffd5d52d77a41f7b1f7021fbd09c3d2.r2.dev/samples/Mtb151/R36431/R36431.LR.AlnToH37Rv.primary_only.cram	120954936	2026-07-20T14:12:30Z
sample	Mtb151	R36431	asm_crai	samples/Mtb151/R36431/R36431.mm2.AsmToH37Rv.asm10.cram.crai	https://pub-4ffd5d52d77a41f7b1f7021fbd09c3d2.r2.dev/samples/Mtb151/R36431/R36431.mm2.AsmToH37Rv.asm10.cram.crai	68	2026-07-20T14:12:33Z
sample	Mtb151	R36431	asm_cram	samples/Mtb151/R36431/R36431.mm2.AsmToH37Rv.asm10.cram	https://pub-4ffd5d52d77a41f7b1f7021fbd09c3d2.r2.dev/samples/Mtb151/R36431/R36431.mm2.AsmToH37Rv.asm10.cram	826569	2026-07-20T14:12:32Z
sample	Mtb151	R37765	lr_100x_crai	samples/Mtb151/R37765/R37765.LR.AlnToH37Rv.Subsample100x.cram.crai	https://pub-4ffd5d52d77a41f7b1f7021fbd09c3d2.r2.dev/samples/Mtb151/R37765/R37765.LR.AlnToH37Rv.Subsample100x.cram.crai	1760	2026-07-23T17:03:45Z
sample	Mtb151	R37765	lr_100x_cram	samples/Mtb151/R37765/R37765.LR.AlnToH37Rv.Subsample100x.cram	https://pub-4ffd5d52d77a41f7b1f7021fbd09c3d2.r2.dev/samples/Mtb151/R37765/R37765.LR.AlnToH37Rv.Subsample100x.cram	207919803	2026-07-23T17:03:41Z
sample	Mtb151	R37765	lr_full_depth_crai	samples/Mtb151/R37765/R37765.LR.AlnToH37Rv.primary_only.cram.crai	https://pub-4ffd5d52d77a41f7b1f7021fbd09c3d2.r2.dev/samples/Mtb151/R37765/R37765.LR.AlnToH37Rv.primary_only.cram.crai	2705	2026-07-20T14:12:40Z
sample	Mtb151	R37765	lr_full_depth_cram	samples/Mtb151/R37765/R37765.LR.AlnToH37Rv.primary_only.cram	https://pub-4ffd5d52d77a41f7b1f7021fbd09c3d2.r2.dev/samples/Mtb151/R37765/R37765.LR.AlnToH37Rv.primary_only.cram	317942190	2026-07-20T14:12:39Z
sample	Mtb151	R37765	asm_crai	samples/Mtb151/R37765/R37765.mm2.AsmToH37Rv.asm10.cram.crai	https://pub-4ffd5d52d77a41f7b1f7021fbd09c3d2.r2.dev/samples/Mtb151/R37765/R37765.mm2.AsmToH37Rv.asm10.cram.crai	68	2026-07-20T14:12:42Z
sample	Mtb151	R37765	asm_cram	samples/Mtb151/R37765/R37765.mm2.AsmToH37Rv.asm10.cram	https://pub-4ffd5d52d77a41f7b1f7021fbd09c3d2.r2.dev/samples/Mtb151/R37765/R37765.mm2.AsmToH37Rv.asm10.cram	824475	2026-07-20T14:12:41Z
sample	Mtb151	RW-TB008	lr_100x_crai	samples/Mtb151/RW-TB008/RW-TB008.LR.AlnToH37Rv.Subsample100x.cram.crai	https://pub-4ffd5d52d77a41f7b1f7021fbd09c3d2.r2.dev/samples/Mtb151/RW-TB008/RW-TB008.LR.AlnToH37Rv.Subsample100x.cram.crai	2241	2026-07-23T16:48:52Z
sample	Mtb151	RW-TB008	lr_100x_cram	samples/Mtb151/RW-TB008/RW-TB008.LR.AlnToH37Rv.Subsample100x.cram	https://pub-4ffd5d52d77a41f7b1f7021fbd09c3d2.r2.dev/samples/Mtb151/RW-TB008/RW-TB008.LR.AlnToH37Rv.Subsample100x.cram	295519303	2026-07-23T16:48:49Z
sample	Mtb151	RW-TB008	lr_full_depth_crai	samples/Mtb151/RW-TB008/RW-TB008.LR.AlnToH37Rv.primary_only.cram.crai	https://pub-4ffd5d52d77a41f7b1f7021fbd09c3d2.r2.dev/samples/Mtb151/RW-TB008/RW-TB008.LR.AlnToH37Rv.primary_only.cram.crai	3466	2026-07-20T14:12:53Z
sample	Mtb151	RW-TB008	lr_full_depth_cram	samples/Mtb151/RW-TB008/RW-TB008.LR.AlnToH37Rv.primary_only.cram	https://pub-4ffd5d52d77a41f7b1f7021fbd09c3d2.r2.dev/samples/Mtb151/RW-TB008/RW-TB008.LR.AlnToH37Rv.primary_only.cram	457472754	2026-07-20T14:12:52Z
sample	Mtb151	RW-TB008	asm_crai	samples/Mtb151/RW-TB008/RW-TB008.mm2.AsmToH37Rv.asm10.cram.crai	https://pub-4ffd5d52d77a41f7b1f7021fbd09c3d2.r2.dev/samples/Mtb151/RW-TB008/RW-TB008.mm2.AsmToH37Rv.asm10.cram.crai	66	2026-07-20T14:12:55Z
sample	Mtb151	RW-TB008	asm_cram	samples/Mtb151/RW-TB008/RW-TB008.mm2.AsmToH37Rv.asm10.cram	https://pub-4ffd5d52d77a41f7b1f7021fbd09c3d2.r2.dev/samples/Mtb151/RW-TB008/RW-TB008.mm2.AsmToH37Rv.asm10.cram	805144	2026-07-20T14:12:54Z
sample	Mtb151	S0070-08	lr_100x_crai	samples/Mtb151/S0070-08/S0070-08.LR.AlnToH37Rv.Subsample100x.cram.crai	https://pub-4ffd5d52d77a41f7b1f7021fbd09c3d2.r2.dev/samples/Mtb151/S0070-08/S0070-08.LR.AlnToH37Rv.Subsample100x.cram.crai	1147	2026-07-23T16:52:14Z
sample	Mtb151	S0070-08	lr_100x_cram	samples/Mtb151/S0070-08/S0070-08.LR.AlnToH37Rv.Subsample100x.cram	https://pub-4ffd5d52d77a41f7b1f7021fbd09c3d2.r2.dev/samples/Mtb151/S0070-08/S0070-08.LR.AlnToH37Rv.Subsample100x.cram	92603004	2026-07-23T16:52:10Z
sample	Mtb151	S0070-08	lr_full_depth_crai	samples/Mtb151/S0070-08/S0070-08.LR.AlnToH37Rv.primary_only.cram.crai	https://pub-4ffd5d52d77a41f7b1f7021fbd09c3d2.r2.dev/samples/Mtb151/S0070-08/S0070-08.LR.AlnToH37Rv.primary_only.cram.crai	1254	2026-07-20T14:13:00Z
sample	Mtb151	S0070-08	lr_full_depth_cram	samples/Mtb151/S0070-08/S0070-08.LR.AlnToH37Rv.primary_only.cram	https://pub-4ffd5d52d77a41f7b1f7021fbd09c3d2.r2.dev/samples/Mtb151/S0070-08/S0070-08.LR.AlnToH37Rv.primary_only.cram	101499763	2026-07-20T14:12:59Z
sample	Mtb151	S0070-08	asm_crai	samples/Mtb151/S0070-08/S0070-08.mm2.AsmToH37Rv.asm10.cram.crai	https://pub-4ffd5d52d77a41f7b1f7021fbd09c3d2.r2.dev/samples/Mtb151/S0070-08/S0070-08.mm2.AsmToH37Rv.asm10.cram.crai	68	2026-07-20T14:13:02Z
sample	Mtb151	S0070-08	asm_cram	samples/Mtb151/S0070-08/S0070-08.mm2.AsmToH37Rv.asm10.cram	https://pub-4ffd5d52d77a41f7b1f7021fbd09c3d2.r2.dev/samples/Mtb151/S0070-08/S0070-08.mm2.AsmToH37Rv.asm10.cram	826575	2026-07-20T14:13:01Z
sample	Mtb151	S0085-01	lr_100x_crai	samples/Mtb151/S0085-01/S0085-01.LR.AlnToH37Rv.Subsample100x.cram.crai	https://pub-4ffd5d52d77a41f7b1f7021fbd09c3d2.r2.dev/samples/Mtb151/S0085-01/S0085-01.LR.AlnToH37Rv.Subsample100x.cram.crai	656	2026-07-23T16:52:22Z
sample	Mtb151	S0085-01	lr_100x_cram	samples/Mtb151/S0085-01/S0085-01.LR.AlnToH37Rv.Subsample100x.cram	https://pub-4ffd5d52d77a41f7b1f7021fbd09c3d2.r2.dev/samples/Mtb151/S0085-01/S0085-01.LR.AlnToH37Rv.Subsample100x.cram	58519456	2026-07-23T16:52:19Z
sample	Mtb151	S0085-01	lr_full_depth_crai	samples/Mtb151/S0085-01/S0085-01.LR.AlnToH37Rv.primary_only.cram.crai	https://pub-4ffd5d52d77a41f7b1f7021fbd09c3d2.r2.dev/samples/Mtb151/S0085-01/S0085-01.LR.AlnToH37Rv.primary_only.cram.crai	656	2026-07-20T13:39:41Z
sample	Mtb151	S0085-01	lr_full_depth_cram	samples/Mtb151/S0085-01/S0085-01.LR.AlnToH37Rv.primary_only.cram	https://pub-4ffd5d52d77a41f7b1f7021fbd09c3d2.r2.dev/samples/Mtb151/S0085-01/S0085-01.LR.AlnToH37Rv.primary_only.cram	58527005	2026-07-20T13:39:40Z
sample	Mtb151	S0085-01	asm_crai	samples/Mtb151/S0085-01/S0085-01.mm2.AsmToH37Rv.asm10.cram.crai	https://pub-4ffd5d52d77a41f7b1f7021fbd09c3d2.r2.dev/samples/Mtb151/S0085-01/S0085-01.mm2.AsmToH37Rv.asm10.cram.crai	68	2026-07-20T13:39:44Z
sample	Mtb151	S0085-01	asm_cram	samples/Mtb151/S0085-01/S0085-01.mm2.AsmToH37Rv.asm10.cram	https://pub-4ffd5d52d77a41f7b1f7021fbd09c3d2.r2.dev/samples/Mtb151/S0085-01/S0085-01.mm2.AsmToH37Rv.asm10.cram	824995	2026-07-20T13:39:42Z
sample	Mtb151	S0089-01	lr_100x_crai	samples/Mtb151/S0089-01/S0089-01.LR.AlnToH37Rv.Subsample100x.cram.crai	https://pub-4ffd5d52d77a41f7b1f7021fbd09c3d2.r2.dev/samples/Mtb151/S0089-01/S0089-01.LR.AlnToH37Rv.Subsample100x.cram.crai	688	2026-07-23T16:52:45Z
sample	Mtb151	S0089-01	lr_100x_cram	samples/Mtb151/S0089-01/S0089-01.LR.AlnToH37Rv.Subsample100x.cram	https://pub-4ffd5d52d77a41f7b1f7021fbd09c3d2.r2.dev/samples/Mtb151/S0089-01/S0089-01.LR.AlnToH37Rv.Subsample100x.cram	57825825	2026-07-23T16:52:41Z
sample	Mtb151	S0089-01	lr_full_depth_crai	samples/Mtb151/S0089-01/S0089-01.LR.AlnToH37Rv.primary_only.cram.crai	https://pub-4ffd5d52d77a41f7b1f7021fbd09c3d2.r2.dev/samples/Mtb151/S0089-01/S0089-01.LR.AlnToH37Rv.primary_only.cram.crai	691	2026-07-20T13:39:48Z
sample	Mtb151	S0089-01	lr_full_depth_cram	samples/Mtb151/S0089-01/S0089-01.LR.AlnToH37Rv.primary_only.cram	https://pub-4ffd5d52d77a41f7b1f7021fbd09c3d2.r2.dev/samples/Mtb151/S0089-01/S0089-01.LR.AlnToH37Rv.primary_only.cram	57825610	2026-07-20T13:39:47Z
sample	Mtb151	S0089-01	asm_crai	samples/Mtb151/S0089-01/S0089-01.mm2.AsmToH37Rv.asm10.cram.crai	https://pub-4ffd5d52d77a41f7b1f7021fbd09c3d2.r2.dev/samples/Mtb151/S0089-01/S0089-01.mm2.AsmToH37Rv.asm10.cram.crai	67	2026-07-20T13:39:51Z
sample	Mtb151	S0089-01	asm_cram	samples/Mtb151/S0089-01/S0089-01.mm2.AsmToH37Rv.asm10.cram	https://pub-4ffd5d52d77a41f7b1f7021fbd09c3d2.r2.dev/samples/Mtb151/S0089-01/S0089-01.mm2.AsmToH37Rv.asm10.cram	824757	2026-07-20T13:39:49Z
sample	Mtb151	S0106-01	lr_100x_crai	samples/Mtb151/S0106-01/S0106-01.LR.AlnToH37Rv.Subsample100x.cram.crai	https://pub-4ffd5d52d77a41f7b1f7021fbd09c3d2.r2.dev/samples/Mtb151/S0106-01/S0106-01.LR.AlnToH37Rv.Subsample100x.cram.crai	970	2026-07-23T16:53:10Z
sample	Mtb151	S0106-01	lr_100x_cram	samples/Mtb151/S0106-01/S0106-01.LR.AlnToH37Rv.Subsample100x.cram	https://pub-4ffd5d52d77a41f7b1f7021fbd09c3d2.r2.dev/samples/Mtb151/S0106-01/S0106-01.LR.AlnToH37Rv.Subsample100x.cram	90077690	2026-07-23T16:53:07Z
sample	Mtb151	S0106-01	lr_full_depth_crai	samples/Mtb151/S0106-01/S0106-01.LR.AlnToH37Rv.primary_only.cram.crai	https://pub-4ffd5d52d77a41f7b1f7021fbd09c3d2.r2.dev/samples/Mtb151/S0106-01/S0106-01.LR.AlnToH37Rv.primary_only.cram.crai	972	2026-07-20T14:13:07Z
sample	Mtb151	S0106-01	lr_full_depth_cram	samples/Mtb151/S0106-01/S0106-01.LR.AlnToH37Rv.primary_only.cram	https://pub-4ffd5d52d77a41f7b1f7021fbd09c3d2.r2.dev/samples/Mtb151/S0106-01/S0106-01.LR.AlnToH37Rv.primary_only.cram	90111391	2026-07-20T14:13:06Z
sample	Mtb151	S0106-01	asm_crai	samples/Mtb151/S0106-01/S0106-01.mm2.AsmToH37Rv.asm10.cram.crai	https://pub-4ffd5d52d77a41f7b1f7021fbd09c3d2.r2.dev/samples/Mtb151/S0106-01/S0106-01.mm2.AsmToH37Rv.asm10.cram.crai	67	2026-07-20T14:13:09Z
sample	Mtb151	S0106-01	asm_cram	samples/Mtb151/S0106-01/S0106-01.mm2.AsmToH37Rv.asm10.cram	https://pub-4ffd5d52d77a41f7b1f7021fbd09c3d2.r2.dev/samples/Mtb151/S0106-01/S0106-01.mm2.AsmToH37Rv.asm10.cram	798931	2026-07-20T14:13:08Z
sample	Mtb151	S0107-01	lr_100x_crai	samples/Mtb151/S0107-01/S0107-01.LR.AlnToH37Rv.Subsample100x.cram.crai	https://pub-4ffd5d52d77a41f7b1f7021fbd09c3d2.r2.dev/samples/Mtb151/S0107-01/S0107-01.LR.AlnToH37Rv.Subsample100x.cram.crai	1032	2026-07-23T16:52:35Z
sample	Mtb151	S0107-01	lr_100x_cram	samples/Mtb151/S0107-01/S0107-01.LR.AlnToH37Rv.Subsample100x.cram	https://pub-4ffd5d52d77a41f7b1f7021fbd09c3d2.r2.dev/samples/Mtb151/S0107-01/S0107-01.LR.AlnToH37Rv.Subsample100x.cram	90625968	2026-07-23T16:52:29Z
sample	Mtb151	S0107-01	lr_full_depth_crai	samples/Mtb151/S0107-01/S0107-01.LR.AlnToH37Rv.primary_only.cram.crai	https://pub-4ffd5d52d77a41f7b1f7021fbd09c3d2.r2.dev/samples/Mtb151/S0107-01/S0107-01.LR.AlnToH37Rv.primary_only.cram.crai	1033	2026-07-20T14:13:14Z
sample	Mtb151	S0107-01	lr_full_depth_cram	samples/Mtb151/S0107-01/S0107-01.LR.AlnToH37Rv.primary_only.cram	https://pub-4ffd5d52d77a41f7b1f7021fbd09c3d2.r2.dev/samples/Mtb151/S0107-01/S0107-01.LR.AlnToH37Rv.primary_only.cram	90773493	2026-07-20T14:13:13Z
sample	Mtb151	S0107-01	asm_crai	samples/Mtb151/S0107-01/S0107-01.mm2.AsmToH37Rv.asm10.cram.crai	https://pub-4ffd5d52d77a41f7b1f7021fbd09c3d2.r2.dev/samples/Mtb151/S0107-01/S0107-01.mm2.AsmToH37Rv.asm10.cram.crai	68	2026-07-20T14:13:16Z
sample	Mtb151	S0107-01	asm_cram	samples/Mtb151/S0107-01/S0107-01.mm2.AsmToH37Rv.asm10.cram	https://pub-4ffd5d52d77a41f7b1f7021fbd09c3d2.r2.dev/samples/Mtb151/S0107-01/S0107-01.mm2.AsmToH37Rv.asm10.cram	825080	2026-07-20T14:13:15Z
sample	Mtb151	S0123-01	lr_100x_crai	samples/Mtb151/S0123-01/S0123-01.LR.AlnToH37Rv.Subsample100x.cram.crai	https://pub-4ffd5d52d77a41f7b1f7021fbd09c3d2.r2.dev/samples/Mtb151/S0123-01/S0123-01.LR.AlnToH37Rv.Subsample100x.cram.crai	914	2026-07-23T16:53:01Z
sample	Mtb151	S0123-01	lr_100x_cram	samples/Mtb151/S0123-01/S0123-01.LR.AlnToH37Rv.Subsample100x.cram	https://pub-4ffd5d52d77a41f7b1f7021fbd09c3d2.r2.dev/samples/Mtb151/S0123-01/S0123-01.LR.AlnToH37Rv.Subsample100x.cram	85215898	2026-07-23T16:52:58Z
sample	Mtb151	S0123-01	lr_full_depth_crai	samples/Mtb151/S0123-01/S0123-01.LR.AlnToH37Rv.primary_only.cram.crai	https://pub-4ffd5d52d77a41f7b1f7021fbd09c3d2.r2.dev/samples/Mtb151/S0123-01/S0123-01.LR.AlnToH37Rv.primary_only.cram.crai	920	2026-07-20T14:13:20Z
sample	Mtb151	S0123-01	lr_full_depth_cram	samples/Mtb151/S0123-01/S0123-01.LR.AlnToH37Rv.primary_only.cram	https://pub-4ffd5d52d77a41f7b1f7021fbd09c3d2.r2.dev/samples/Mtb151/S0123-01/S0123-01.LR.AlnToH37Rv.primary_only.cram	85216282	2026-07-20T14:13:19Z
sample	Mtb151	S0123-01	asm_crai	samples/Mtb151/S0123-01/S0123-01.mm2.AsmToH37Rv.asm10.cram.crai	https://pub-4ffd5d52d77a41f7b1f7021fbd09c3d2.r2.dev/samples/Mtb151/S0123-01/S0123-01.mm2.AsmToH37Rv.asm10.cram.crai	67	2026-07-20T14:13:22Z
sample	Mtb151	S0123-01	asm_cram	samples/Mtb151/S0123-01/S0123-01.mm2.AsmToH37Rv.asm10.cram	https://pub-4ffd5d52d77a41f7b1f7021fbd09c3d2.r2.dev/samples/Mtb151/S0123-01/S0123-01.mm2.AsmToH37Rv.asm10.cram	796269	2026-07-20T14:13:21Z
sample	Mtb151	S0256-08	lr_100x_crai	samples/Mtb151/S0256-08/S0256-08.LR.AlnToH37Rv.Subsample100x.cram.crai	https://pub-4ffd5d52d77a41f7b1f7021fbd09c3d2.r2.dev/samples/Mtb151/S0256-08/S0256-08.LR.AlnToH37Rv.Subsample100x.cram.crai	866	2026-07-23T16:52:54Z
sample	Mtb151	S0256-08	lr_100x_cram	samples/Mtb151/S0256-08/S0256-08.LR.AlnToH37Rv.Subsample100x.cram	https://pub-4ffd5d52d77a41f7b1f7021fbd09c3d2.r2.dev/samples/Mtb151/S0256-08/S0256-08.LR.AlnToH37Rv.Subsample100x.cram	76201276	2026-07-23T16:52:50Z
sample	Mtb151	S0256-08	lr_full_depth_crai	samples/Mtb151/S0256-08/S0256-08.LR.AlnToH37Rv.primary_only.cram.crai	https://pub-4ffd5d52d77a41f7b1f7021fbd09c3d2.r2.dev/samples/Mtb151/S0256-08/S0256-08.LR.AlnToH37Rv.primary_only.cram.crai	858	2026-07-20T14:13:28Z
sample	Mtb151	S0256-08	lr_full_depth_cram	samples/Mtb151/S0256-08/S0256-08.LR.AlnToH37Rv.primary_only.cram	https://pub-4ffd5d52d77a41f7b1f7021fbd09c3d2.r2.dev/samples/Mtb151/S0256-08/S0256-08.LR.AlnToH37Rv.primary_only.cram	76220428	2026-07-20T14:13:27Z
sample	Mtb151	S0256-08	asm_crai	samples/Mtb151/S0256-08/S0256-08.mm2.AsmToH37Rv.asm10.cram.crai	https://pub-4ffd5d52d77a41f7b1f7021fbd09c3d2.r2.dev/samples/Mtb151/S0256-08/S0256-08.mm2.AsmToH37Rv.asm10.cram.crai	68	2026-07-20T14:13:30Z
sample	Mtb151	S0256-08	asm_cram	samples/Mtb151/S0256-08/S0256-08.mm2.AsmToH37Rv.asm10.cram	https://pub-4ffd5d52d77a41f7b1f7021fbd09c3d2.r2.dev/samples/Mtb151/S0256-08/S0256-08.mm2.AsmToH37Rv.asm10.cram	823961	2026-07-20T14:13:29Z
sample	Mtb151	S0262-02	lr_100x_crai	samples/Mtb151/S0262-02/S0262-02.LR.AlnToH37Rv.Subsample100x.cram.crai	https://pub-4ffd5d52d77a41f7b1f7021fbd09c3d2.r2.dev/samples/Mtb151/S0262-02/S0262-02.LR.AlnToH37Rv.Subsample100x.cram.crai	733	2026-07-23T16:53:18Z
sample	Mtb151	S0262-02	lr_100x_cram	samples/Mtb151/S0262-02/S0262-02.LR.AlnToH37Rv.Subsample100x.cram	https://pub-4ffd5d52d77a41f7b1f7021fbd09c3d2.r2.dev/samples/Mtb151/S0262-02/S0262-02.LR.AlnToH37Rv.Subsample100x.cram	74208879	2026-07-23T16:53:16Z
sample	Mtb151	S0262-02	lr_full_depth_crai	samples/Mtb151/S0262-02/S0262-02.LR.AlnToH37Rv.primary_only.cram.crai	https://pub-4ffd5d52d77a41f7b1f7021fbd09c3d2.r2.dev/samples/Mtb151/S0262-02/S0262-02.LR.AlnToH37Rv.primary_only.cram.crai	725	2026-07-20T14:13:33Z
sample	Mtb151	S0262-02	lr_full_depth_cram	samples/Mtb151/S0262-02/S0262-02.LR.AlnToH37Rv.primary_only.cram	https://pub-4ffd5d52d77a41f7b1f7021fbd09c3d2.r2.dev/samples/Mtb151/S0262-02/S0262-02.LR.AlnToH37Rv.primary_only.cram	74209382	2026-07-20T14:13:32Z
sample	Mtb151	S0262-02	asm_crai	samples/Mtb151/S0262-02/S0262-02.mm2.AsmToH37Rv.asm10.cram.crai	https://pub-4ffd5d52d77a41f7b1f7021fbd09c3d2.r2.dev/samples/Mtb151/S0262-02/S0262-02.mm2.AsmToH37Rv.asm10.cram.crai	65	2026-07-20T14:13:36Z
sample	Mtb151	S0262-02	asm_cram	samples/Mtb151/S0262-02/S0262-02.mm2.AsmToH37Rv.asm10.cram	https://pub-4ffd5d52d77a41f7b1f7021fbd09c3d2.r2.dev/samples/Mtb151/S0262-02/S0262-02.mm2.AsmToH37Rv.asm10.cram	796271	2026-07-20T14:13:35Z
sample	Mtb151	TB1236	lr_100x_crai	samples/Mtb151/TB1236/TB1236.LR.AlnToH37Rv.Subsample100x.cram.crai	https://pub-4ffd5d52d77a41f7b1f7021fbd09c3d2.r2.dev/samples/Mtb151/TB1236/TB1236.LR.AlnToH37Rv.Subsample100x.cram.crai	2028	2026-07-23T17:47:38Z
sample	Mtb151	TB1236	lr_100x_cram	samples/Mtb151/TB1236/TB1236.LR.AlnToH37Rv.Subsample100x.cram	https://pub-4ffd5d52d77a41f7b1f7021fbd09c3d2.r2.dev/samples/Mtb151/TB1236/TB1236.LR.AlnToH37Rv.Subsample100x.cram	62185360	2026-07-23T17:47:35Z
sample	Mtb151	TB1236	lr_full_depth_crai	samples/Mtb151/TB1236/TB1236.LR.AlnToH37Rv.primary_only.cram.crai	https://pub-4ffd5d52d77a41f7b1f7021fbd09c3d2.r2.dev/samples/Mtb151/TB1236/TB1236.LR.AlnToH37Rv.primary_only.cram.crai	7277	2026-07-20T14:13:42Z
sample	Mtb151	TB1236	lr_full_depth_cram	samples/Mtb151/TB1236/TB1236.LR.AlnToH37Rv.primary_only.cram	https://pub-4ffd5d52d77a41f7b1f7021fbd09c3d2.r2.dev/samples/Mtb151/TB1236/TB1236.LR.AlnToH37Rv.primary_only.cram	213948243	2026-07-20T14:13:41Z
sample	Mtb151	TB1236	asm_crai	samples/Mtb151/TB1236/TB1236.mm2.AsmToH37Rv.asm10.cram.crai	https://pub-4ffd5d52d77a41f7b1f7021fbd09c3d2.r2.dev/samples/Mtb151/TB1236/TB1236.mm2.AsmToH37Rv.asm10.cram.crai	67	2026-07-20T14:13:44Z
sample	Mtb151	TB1236	asm_cram	samples/Mtb151/TB1236/TB1236.mm2.AsmToH37Rv.asm10.cram	https://pub-4ffd5d52d77a41f7b1f7021fbd09c3d2.r2.dev/samples/Mtb151/TB1236/TB1236.mm2.AsmToH37Rv.asm10.cram	837207	2026-07-20T14:13:43Z
sample	Mtb151	TB1612	lr_100x_crai	samples/Mtb151/TB1612/TB1612.LR.AlnToH37Rv.Subsample100x.cram.crai	https://pub-4ffd5d52d77a41f7b1f7021fbd09c3d2.r2.dev/samples/Mtb151/TB1612/TB1612.LR.AlnToH37Rv.Subsample100x.cram.crai	2018	2026-07-23T17:48:27Z
sample	Mtb151	TB1612	lr_100x_cram	samples/Mtb151/TB1612/TB1612.LR.AlnToH37Rv.Subsample100x.cram	https://pub-4ffd5d52d77a41f7b1f7021fbd09c3d2.r2.dev/samples/Mtb151/TB1612/TB1612.LR.AlnToH37Rv.Subsample100x.cram	61759824	2026-07-23T17:48:24Z
sample	Mtb151	TB1612	lr_full_depth_crai	samples/Mtb151/TB1612/TB1612.LR.AlnToH37Rv.primary_only.cram.crai	https://pub-4ffd5d52d77a41f7b1f7021fbd09c3d2.r2.dev/samples/Mtb151/TB1612/TB1612.LR.AlnToH37Rv.primary_only.cram.crai	7330	2026-07-20T14:13:53Z
sample	Mtb151	TB1612	lr_full_depth_cram	samples/Mtb151/TB1612/TB1612.LR.AlnToH37Rv.primary_only.cram	https://pub-4ffd5d52d77a41f7b1f7021fbd09c3d2.r2.dev/samples/Mtb151/TB1612/TB1612.LR.AlnToH37Rv.primary_only.cram	215124514	2026-07-20T14:13:52Z
sample	Mtb151	TB1612	asm_crai	samples/Mtb151/TB1612/TB1612.mm2.AsmToH37Rv.asm10.cram.crai	https://pub-4ffd5d52d77a41f7b1f7021fbd09c3d2.r2.dev/samples/Mtb151/TB1612/TB1612.mm2.AsmToH37Rv.asm10.cram.crai	68	2026-07-20T14:13:55Z
sample	Mtb151	TB1612	asm_cram	samples/Mtb151/TB1612/TB1612.mm2.AsmToH37Rv.asm10.cram	https://pub-4ffd5d52d77a41f7b1f7021fbd09c3d2.r2.dev/samples/Mtb151/TB1612/TB1612.mm2.AsmToH37Rv.asm10.cram	823146	2026-07-20T14:13:54Z
sample	Mtb151	TB2512	lr_100x_crai	samples/Mtb151/TB2512/TB2512.LR.AlnToH37Rv.Subsample100x.cram.crai	https://pub-4ffd5d52d77a41f7b1f7021fbd09c3d2.r2.dev/samples/Mtb151/TB2512/TB2512.LR.AlnToH37Rv.Subsample100x.cram.crai	2146	2026-07-23T17:49:27Z
sample	Mtb151	TB2512	lr_100x_cram	samples/Mtb151/TB2512/TB2512.LR.AlnToH37Rv.Subsample100x.cram	https://pub-4ffd5d52d77a41f7b1f7021fbd09c3d2.r2.dev/samples/Mtb151/TB2512/TB2512.LR.AlnToH37Rv.Subsample100x.cram	70062560	2026-07-23T17:49:24Z
sample	Mtb151	TB2512	lr_full_depth_crai	samples/Mtb151/TB2512/TB2512.LR.AlnToH37Rv.primary_only.cram.crai	https://pub-4ffd5d52d77a41f7b1f7021fbd09c3d2.r2.dev/samples/Mtb151/TB2512/TB2512.LR.AlnToH37Rv.primary_only.cram.crai	66932	2026-07-20T14:14:16Z
sample	Mtb151	TB2512	lr_full_depth_cram	samples/Mtb151/TB2512/TB2512.LR.AlnToH37Rv.primary_only.cram	https://pub-4ffd5d52d77a41f7b1f7021fbd09c3d2.r2.dev/samples/Mtb151/TB2512/TB2512.LR.AlnToH37Rv.primary_only.cram	2115650747	2026-07-20T14:14:14Z
sample	Mtb151	TB2512	asm_crai	samples/Mtb151/TB2512/TB2512.mm2.AsmToH37Rv.asm10.cram.crai	https://pub-4ffd5d52d77a41f7b1f7021fbd09c3d2.r2.dev/samples/Mtb151/TB2512/TB2512.mm2.AsmToH37Rv.asm10.cram.crai	67	2026-07-20T14:14:18Z
sample	Mtb151	TB2512	asm_cram	samples/Mtb151/TB2512/TB2512.mm2.AsmToH37Rv.asm10.cram	https://pub-4ffd5d52d77a41f7b1f7021fbd09c3d2.r2.dev/samples/Mtb151/TB2512/TB2512.mm2.AsmToH37Rv.asm10.cram	925096	2026-07-20T14:14:17Z
sample	Mtb151	TB2659	lr_100x_crai	samples/Mtb151/TB2659/TB2659.LR.AlnToH37Rv.Subsample100x.cram.crai	https://pub-4ffd5d52d77a41f7b1f7021fbd09c3d2.r2.dev/samples/Mtb151/TB2659/TB2659.LR.AlnToH37Rv.Subsample100x.cram.crai	2023	2026-07-23T17:50:22Z
sample	Mtb151	TB2659	lr_100x_cram	samples/Mtb151/TB2659/TB2659.LR.AlnToH37Rv.Subsample100x.cram	https://pub-4ffd5d52d77a41f7b1f7021fbd09c3d2.r2.dev/samples/Mtb151/TB2659/TB2659.LR.AlnToH37Rv.Subsample100x.cram	62316572	2026-07-23T17:50:13Z
sample	Mtb151	TB2659	lr_full_depth_crai	samples/Mtb151/TB2659/TB2659.LR.AlnToH37Rv.primary_only.cram.crai	https://pub-4ffd5d52d77a41f7b1f7021fbd09c3d2.r2.dev/samples/Mtb151/TB2659/TB2659.LR.AlnToH37Rv.primary_only.cram.crai	8174	2026-07-20T14:14:23Z
sample	Mtb151	TB2659	lr_full_depth_cram	samples/Mtb151/TB2659/TB2659.LR.AlnToH37Rv.primary_only.cram	https://pub-4ffd5d52d77a41f7b1f7021fbd09c3d2.r2.dev/samples/Mtb151/TB2659/TB2659.LR.AlnToH37Rv.primary_only.cram	239893860	2026-07-20T14:14:22Z
sample	Mtb151	TB2659	asm_crai	samples/Mtb151/TB2659/TB2659.mm2.AsmToH37Rv.asm10.cram.crai	https://pub-4ffd5d52d77a41f7b1f7021fbd09c3d2.r2.dev/samples/Mtb151/TB2659/TB2659.mm2.AsmToH37Rv.asm10.cram.crai	68	2026-07-20T14:14:26Z
sample	Mtb151	TB2659	asm_cram	samples/Mtb151/TB2659/TB2659.mm2.AsmToH37Rv.asm10.cram	https://pub-4ffd5d52d77a41f7b1f7021fbd09c3d2.r2.dev/samples/Mtb151/TB2659/TB2659.mm2.AsmToH37Rv.asm10.cram	810685	2026-07-20T14:14:25Z
sample	Mtb151	TB2661	lr_100x_crai	samples/Mtb151/TB2661/TB2661.LR.AlnToH37Rv.Subsample100x.cram.crai	https://pub-4ffd5d52d77a41f7b1f7021fbd09c3d2.r2.dev/samples/Mtb151/TB2661/TB2661.LR.AlnToH37Rv.Subsample100x.cram.crai	1670	2026-07-23T17:51:09Z
sample	Mtb151	TB2661	lr_100x_cram	samples/Mtb151/TB2661/TB2661.LR.AlnToH37Rv.Subsample100x.cram	https://pub-4ffd5d52d77a41f7b1f7021fbd09c3d2.r2.dev/samples/Mtb151/TB2661/TB2661.LR.AlnToH37Rv.Subsample100x.cram	56055862	2026-07-23T17:51:06Z
sample	Mtb151	TB2661	lr_full_depth_crai	samples/Mtb151/TB2661/TB2661.LR.AlnToH37Rv.primary_only.cram.crai	https://pub-4ffd5d52d77a41f7b1f7021fbd09c3d2.r2.dev/samples/Mtb151/TB2661/TB2661.LR.AlnToH37Rv.primary_only.cram.crai	1823	2026-07-20T14:14:30Z
sample	Mtb151	TB2661	lr_full_depth_cram	samples/Mtb151/TB2661/TB2661.LR.AlnToH37Rv.primary_only.cram	https://pub-4ffd5d52d77a41f7b1f7021fbd09c3d2.r2.dev/samples/Mtb151/TB2661/TB2661.LR.AlnToH37Rv.primary_only.cram	60306926	2026-07-20T14:14:28Z
sample	Mtb151	TB2661	asm_crai	samples/Mtb151/TB2661/TB2661.mm2.AsmToH37Rv.asm10.cram.crai	https://pub-4ffd5d52d77a41f7b1f7021fbd09c3d2.r2.dev/samples/Mtb151/TB2661/TB2661.mm2.AsmToH37Rv.asm10.cram.crai	67	2026-07-20T14:14:32Z
sample	Mtb151	TB2661	asm_cram	samples/Mtb151/TB2661/TB2661.mm2.AsmToH37Rv.asm10.cram	https://pub-4ffd5d52d77a41f7b1f7021fbd09c3d2.r2.dev/samples/Mtb151/TB2661/TB2661.mm2.AsmToH37Rv.asm10.cram	796164	2026-07-20T14:14:31Z
sample	Mtb151	TB2780	lr_100x_crai	samples/Mtb151/TB2780/TB2780.LR.AlnToH37Rv.Subsample100x.cram.crai	https://pub-4ffd5d52d77a41f7b1f7021fbd09c3d2.r2.dev/samples/Mtb151/TB2780/TB2780.LR.AlnToH37Rv.Subsample100x.cram.crai	2095	2026-07-23T17:52:03Z
sample	Mtb151	TB2780	lr_100x_cram	samples/Mtb151/TB2780/TB2780.LR.AlnToH37Rv.Subsample100x.cram	https://pub-4ffd5d52d77a41f7b1f7021fbd09c3d2.r2.dev/samples/Mtb151/TB2780/TB2780.LR.AlnToH37Rv.Subsample100x.cram	64696285	2026-07-23T17:52:01Z
sample	Mtb151	TB2780	lr_full_depth_crai	samples/Mtb151/TB2780/TB2780.LR.AlnToH37Rv.primary_only.cram.crai	https://pub-4ffd5d52d77a41f7b1f7021fbd09c3d2.r2.dev/samples/Mtb151/TB2780/TB2780.LR.AlnToH37Rv.primary_only.cram.crai	16853	2026-07-20T14:14:39Z
sample	Mtb151	TB2780	lr_full_depth_cram	samples/Mtb151/TB2780/TB2780.LR.AlnToH37Rv.primary_only.cram	https://pub-4ffd5d52d77a41f7b1f7021fbd09c3d2.r2.dev/samples/Mtb151/TB2780/TB2780.LR.AlnToH37Rv.primary_only.cram	493258917	2026-07-20T14:14:38Z
sample	Mtb151	TB2780	asm_crai	samples/Mtb151/TB2780/TB2780.mm2.AsmToH37Rv.asm10.cram.crai	https://pub-4ffd5d52d77a41f7b1f7021fbd09c3d2.r2.dev/samples/Mtb151/TB2780/TB2780.mm2.AsmToH37Rv.asm10.cram.crai	66	2026-07-20T14:14:42Z
sample	Mtb151	TB2780	asm_cram	samples/Mtb151/TB2780/TB2780.mm2.AsmToH37Rv.asm10.cram	https://pub-4ffd5d52d77a41f7b1f7021fbd09c3d2.r2.dev/samples/Mtb151/TB2780/TB2780.mm2.AsmToH37Rv.asm10.cram	824171	2026-07-20T14:14:41Z
sample	Mtb151	TB2968	lr_100x_crai	samples/Mtb151/TB2968/TB2968.LR.AlnToH37Rv.Subsample100x.cram.crai	https://pub-4ffd5d52d77a41f7b1f7021fbd09c3d2.r2.dev/samples/Mtb151/TB2968/TB2968.LR.AlnToH37Rv.Subsample100x.cram.crai	2168	2026-07-23T17:53:19Z
sample	Mtb151	TB2968	lr_100x_cram	samples/Mtb151/TB2968/TB2968.LR.AlnToH37Rv.Subsample100x.cram	https://pub-4ffd5d52d77a41f7b1f7021fbd09c3d2.r2.dev/samples/Mtb151/TB2968/TB2968.LR.AlnToH37Rv.Subsample100x.cram	74358829	2026-07-23T17:53:09Z
sample	Mtb151	TB2968	lr_full_depth_crai	samples/Mtb151/TB2968/TB2968.LR.AlnToH37Rv.primary_only.cram.crai	https://pub-4ffd5d52d77a41f7b1f7021fbd09c3d2.r2.dev/samples/Mtb151/TB2968/TB2968.LR.AlnToH37Rv.primary_only.cram.crai	12751	2026-07-20T14:14:48Z
sample	Mtb151	TB2968	lr_full_depth_cram	samples/Mtb151/TB2968/TB2968.LR.AlnToH37Rv.primary_only.cram	https://pub-4ffd5d52d77a41f7b1f7021fbd09c3d2.r2.dev/samples/Mtb151/TB2968/TB2968.LR.AlnToH37Rv.primary_only.cram	422992781	2026-07-20T14:14:47Z
sample	Mtb151	TB2968	asm_crai	samples/Mtb151/TB2968/TB2968.mm2.AsmToH37Rv.asm10.cram.crai	https://pub-4ffd5d52d77a41f7b1f7021fbd09c3d2.r2.dev/samples/Mtb151/TB2968/TB2968.mm2.AsmToH37Rv.asm10.cram.crai	68	2026-07-20T14:14:51Z
sample	Mtb151	TB2968	asm_cram	samples/Mtb151/TB2968/TB2968.mm2.AsmToH37Rv.asm10.cram	https://pub-4ffd5d52d77a41f7b1f7021fbd09c3d2.r2.dev/samples/Mtb151/TB2968/TB2968.mm2.AsmToH37Rv.asm10.cram	746600	2026-07-20T14:14:50Z
sample	Mtb151	TB2981	lr_100x_crai	samples/Mtb151/TB2981/TB2981.LR.AlnToH37Rv.Subsample100x.cram.crai	https://pub-4ffd5d52d77a41f7b1f7021fbd09c3d2.r2.dev/samples/Mtb151/TB2981/TB2981.LR.AlnToH37Rv.Subsample100x.cram.crai	2084	2026-07-23T17:54:11Z
sample	Mtb151	TB2981	lr_100x_cram	samples/Mtb151/TB2981/TB2981.LR.AlnToH37Rv.Subsample100x.cram	https://pub-4ffd5d52d77a41f7b1f7021fbd09c3d2.r2.dev/samples/Mtb151/TB2981/TB2981.LR.AlnToH37Rv.Subsample100x.cram	64178474	2026-07-23T17:54:08Z
sample	Mtb151	TB2981	lr_full_depth_crai	samples/Mtb151/TB2981/TB2981.LR.AlnToH37Rv.primary_only.cram.crai	https://pub-4ffd5d52d77a41f7b1f7021fbd09c3d2.r2.dev/samples/Mtb151/TB2981/TB2981.LR.AlnToH37Rv.primary_only.cram.crai	32908	2026-07-20T14:15:04Z
sample	Mtb151	TB2981	lr_full_depth_cram	samples/Mtb151/TB2981/TB2981.LR.AlnToH37Rv.primary_only.cram	https://pub-4ffd5d52d77a41f7b1f7021fbd09c3d2.r2.dev/samples/Mtb151/TB2981/TB2981.LR.AlnToH37Rv.primary_only.cram	972569719	2026-07-20T14:15:03Z
sample	Mtb151	TB2981	asm_crai	samples/Mtb151/TB2981/TB2981.mm2.AsmToH37Rv.asm10.cram.crai	https://pub-4ffd5d52d77a41f7b1f7021fbd09c3d2.r2.dev/samples/Mtb151/TB2981/TB2981.mm2.AsmToH37Rv.asm10.cram.crai	67	2026-07-20T14:15:06Z
sample	Mtb151	TB2981	asm_cram	samples/Mtb151/TB2981/TB2981.mm2.AsmToH37Rv.asm10.cram	https://pub-4ffd5d52d77a41f7b1f7021fbd09c3d2.r2.dev/samples/Mtb151/TB2981/TB2981.mm2.AsmToH37Rv.asm10.cram	925369	2026-07-20T14:15:05Z
sample	Mtb151	TB2995	lr_100x_crai	samples/Mtb151/TB2995/TB2995.LR.AlnToH37Rv.Subsample100x.cram.crai	https://pub-4ffd5d52d77a41f7b1f7021fbd09c3d2.r2.dev/samples/Mtb151/TB2995/TB2995.LR.AlnToH37Rv.Subsample100x.cram.crai	2157	2026-07-23T17:55:09Z
sample	Mtb151	TB2995	lr_100x_cram	samples/Mtb151/TB2995/TB2995.LR.AlnToH37Rv.Subsample100x.cram	https://pub-4ffd5d52d77a41f7b1f7021fbd09c3d2.r2.dev/samples/Mtb151/TB2995/TB2995.LR.AlnToH37Rv.Subsample100x.cram	72890040	2026-07-23T17:55:06Z
sample	Mtb151	TB2995	lr_full_depth_crai	samples/Mtb151/TB2995/TB2995.LR.AlnToH37Rv.primary_only.cram.crai	https://pub-4ffd5d52d77a41f7b1f7021fbd09c3d2.r2.dev/samples/Mtb151/TB2995/TB2995.LR.AlnToH37Rv.primary_only.cram.crai	8804	2026-07-20T14:15:16Z
sample	Mtb151	TB2995	lr_full_depth_cram	samples/Mtb151/TB2995/TB2995.LR.AlnToH37Rv.primary_only.cram	https://pub-4ffd5d52d77a41f7b1f7021fbd09c3d2.r2.dev/samples/Mtb151/TB2995/TB2995.LR.AlnToH37Rv.primary_only.cram	287906234	2026-07-20T14:15:15Z
sample	Mtb151	TB2995	asm_crai	samples/Mtb151/TB2995/TB2995.mm2.AsmToH37Rv.asm10.cram.crai	https://pub-4ffd5d52d77a41f7b1f7021fbd09c3d2.r2.dev/samples/Mtb151/TB2995/TB2995.mm2.AsmToH37Rv.asm10.cram.crai	67	2026-07-20T14:15:18Z
sample	Mtb151	TB2995	asm_cram	samples/Mtb151/TB2995/TB2995.mm2.AsmToH37Rv.asm10.cram	https://pub-4ffd5d52d77a41f7b1f7021fbd09c3d2.r2.dev/samples/Mtb151/TB2995/TB2995.mm2.AsmToH37Rv.asm10.cram	925156	2026-07-20T14:15:17Z
sample	Mtb151	TB3054	lr_100x_crai	samples/Mtb151/TB3054/TB3054.LR.AlnToH37Rv.Subsample100x.cram.crai	https://pub-4ffd5d52d77a41f7b1f7021fbd09c3d2.r2.dev/samples/Mtb151/TB3054/TB3054.LR.AlnToH37Rv.Subsample100x.cram.crai	2056	2026-07-23T17:56:11Z
sample	Mtb151	TB3054	lr_100x_cram	samples/Mtb151/TB3054/TB3054.LR.AlnToH37Rv.Subsample100x.cram	https://pub-4ffd5d52d77a41f7b1f7021fbd09c3d2.r2.dev/samples/Mtb151/TB3054/TB3054.LR.AlnToH37Rv.Subsample100x.cram	62226982	2026-07-23T17:56:02Z
sample	Mtb151	TB3054	lr_full_depth_crai	samples/Mtb151/TB3054/TB3054.LR.AlnToH37Rv.primary_only.cram.crai	https://pub-4ffd5d52d77a41f7b1f7021fbd09c3d2.r2.dev/samples/Mtb151/TB3054/TB3054.LR.AlnToH37Rv.primary_only.cram.crai	62356	2026-07-20T14:15:39Z
sample	Mtb151	TB3054	lr_full_depth_cram	samples/Mtb151/TB3054/TB3054.LR.AlnToH37Rv.primary_only.cram	https://pub-4ffd5d52d77a41f7b1f7021fbd09c3d2.r2.dev/samples/Mtb151/TB3054/TB3054.LR.AlnToH37Rv.primary_only.cram	1844177229	2026-07-20T14:15:37Z
sample	Mtb151	TB3054	asm_crai	samples/Mtb151/TB3054/TB3054.mm2.AsmToH37Rv.asm10.cram.crai	https://pub-4ffd5d52d77a41f7b1f7021fbd09c3d2.r2.dev/samples/Mtb151/TB3054/TB3054.mm2.AsmToH37Rv.asm10.cram.crai	67	2026-07-20T14:15:41Z
sample	Mtb151	TB3054	asm_cram	samples/Mtb151/TB3054/TB3054.mm2.AsmToH37Rv.asm10.cram	https://pub-4ffd5d52d77a41f7b1f7021fbd09c3d2.r2.dev/samples/Mtb151/TB3054/TB3054.mm2.AsmToH37Rv.asm10.cram	796126	2026-07-20T14:15:40Z
sample	Mtb151	TB3091	lr_100x_crai	samples/Mtb151/TB3091/TB3091.LR.AlnToH37Rv.Subsample100x.cram.crai	https://pub-4ffd5d52d77a41f7b1f7021fbd09c3d2.r2.dev/samples/Mtb151/TB3091/TB3091.LR.AlnToH37Rv.Subsample100x.cram.crai	2022	2026-07-23T17:57:05Z
sample	Mtb151	TB3091	lr_100x_cram	samples/Mtb151/TB3091/TB3091.LR.AlnToH37Rv.Subsample100x.cram	https://pub-4ffd5d52d77a41f7b1f7021fbd09c3d2.r2.dev/samples/Mtb151/TB3091/TB3091.LR.AlnToH37Rv.Subsample100x.cram	58636700	2026-07-23T17:57:02Z
sample	Mtb151	TB3091	lr_full_depth_crai	samples/Mtb151/TB3091/TB3091.LR.AlnToH37Rv.primary_only.cram.crai	https://pub-4ffd5d52d77a41f7b1f7021fbd09c3d2.r2.dev/samples/Mtb151/TB3091/TB3091.LR.AlnToH37Rv.primary_only.cram.crai	18376	2026-07-20T14:15:48Z
sample	Mtb151	TB3091	lr_full_depth_cram	samples/Mtb151/TB3091/TB3091.LR.AlnToH37Rv.primary_only.cram	https://pub-4ffd5d52d77a41f7b1f7021fbd09c3d2.r2.dev/samples/Mtb151/TB3091/TB3091.LR.AlnToH37Rv.primary_only.cram	516147048	2026-07-20T14:15:47Z
sample	Mtb151	TB3091	asm_crai	samples/Mtb151/TB3091/TB3091.mm2.AsmToH37Rv.asm10.cram.crai	https://pub-4ffd5d52d77a41f7b1f7021fbd09c3d2.r2.dev/samples/Mtb151/TB3091/TB3091.mm2.AsmToH37Rv.asm10.cram.crai	68	2026-07-20T14:15:51Z
sample	Mtb151	TB3091	asm_cram	samples/Mtb151/TB3091/TB3091.mm2.AsmToH37Rv.asm10.cram	https://pub-4ffd5d52d77a41f7b1f7021fbd09c3d2.r2.dev/samples/Mtb151/TB3091/TB3091.mm2.AsmToH37Rv.asm10.cram	823212	2026-07-20T14:15:50Z
sample	Mtb151	TB3113	lr_100x_crai	samples/Mtb151/TB3113/TB3113.LR.AlnToH37Rv.Subsample100x.cram.crai	https://pub-4ffd5d52d77a41f7b1f7021fbd09c3d2.r2.dev/samples/Mtb151/TB3113/TB3113.LR.AlnToH37Rv.Subsample100x.cram.crai	2113	2026-07-23T17:40:06Z
sample	Mtb151	TB3113	lr_100x_cram	samples/Mtb151/TB3113/TB3113.LR.AlnToH37Rv.Subsample100x.cram	https://pub-4ffd5d52d77a41f7b1f7021fbd09c3d2.r2.dev/samples/Mtb151/TB3113/TB3113.LR.AlnToH37Rv.Subsample100x.cram	68544426	2026-07-23T17:40:03Z
sample	Mtb151	TB3113	lr_full_depth_crai	samples/Mtb151/TB3113/TB3113.LR.AlnToH37Rv.primary_only.cram.crai	https://pub-4ffd5d52d77a41f7b1f7021fbd09c3d2.r2.dev/samples/Mtb151/TB3113/TB3113.LR.AlnToH37Rv.primary_only.cram.crai	107415	2026-07-20T14:16:22Z
sample	Mtb151	TB3113	lr_full_depth_cram	samples/Mtb151/TB3113/TB3113.LR.AlnToH37Rv.primary_only.cram	https://pub-4ffd5d52d77a41f7b1f7021fbd09c3d2.r2.dev/samples/Mtb151/TB3113/TB3113.LR.AlnToH37Rv.primary_only.cram	3391392982	2026-07-20T14:16:21Z
sample	Mtb151	TB3113	asm_crai	samples/Mtb151/TB3113/TB3113.mm2.AsmToH37Rv.asm10.cram.crai	https://pub-4ffd5d52d77a41f7b1f7021fbd09c3d2.r2.dev/samples/Mtb151/TB3113/TB3113.mm2.AsmToH37Rv.asm10.cram.crai	68	2026-07-20T14:16:25Z
sample	Mtb151	TB3113	asm_cram	samples/Mtb151/TB3113/TB3113.mm2.AsmToH37Rv.asm10.cram	https://pub-4ffd5d52d77a41f7b1f7021fbd09c3d2.r2.dev/samples/Mtb151/TB3113/TB3113.mm2.AsmToH37Rv.asm10.cram	925439	2026-07-20T14:16:24Z
sample	Mtb151	TB3162	lr_100x_crai	samples/Mtb151/TB3162/TB3162.LR.AlnToH37Rv.Subsample100x.cram.crai	https://pub-4ffd5d52d77a41f7b1f7021fbd09c3d2.r2.dev/samples/Mtb151/TB3162/TB3162.LR.AlnToH37Rv.Subsample100x.cram.crai	2021	2026-07-23T17:57:59Z
sample	Mtb151	TB3162	lr_100x_cram	samples/Mtb151/TB3162/TB3162.LR.AlnToH37Rv.Subsample100x.cram	https://pub-4ffd5d52d77a41f7b1f7021fbd09c3d2.r2.dev/samples/Mtb151/TB3162/TB3162.LR.AlnToH37Rv.Subsample100x.cram	57957962	2026-07-23T17:57:57Z
sample	Mtb151	TB3162	lr_full_depth_crai	samples/Mtb151/TB3162/TB3162.LR.AlnToH37Rv.primary_only.cram.crai	https://pub-4ffd5d52d77a41f7b1f7021fbd09c3d2.r2.dev/samples/Mtb151/TB3162/TB3162.LR.AlnToH37Rv.primary_only.cram.crai	16111	2026-07-20T14:16:32Z
sample	Mtb151	TB3162	lr_full_depth_cram	samples/Mtb151/TB3162/TB3162.LR.AlnToH37Rv.primary_only.cram	https://pub-4ffd5d52d77a41f7b1f7021fbd09c3d2.r2.dev/samples/Mtb151/TB3162/TB3162.LR.AlnToH37Rv.primary_only.cram	447582681	2026-07-20T14:16:31Z
sample	Mtb151	TB3162	asm_crai	samples/Mtb151/TB3162/TB3162.mm2.AsmToH37Rv.asm10.cram.crai	https://pub-4ffd5d52d77a41f7b1f7021fbd09c3d2.r2.dev/samples/Mtb151/TB3162/TB3162.mm2.AsmToH37Rv.asm10.cram.crai	68	2026-07-20T14:16:34Z
sample	Mtb151	TB3162	asm_cram	samples/Mtb151/TB3162/TB3162.mm2.AsmToH37Rv.asm10.cram	https://pub-4ffd5d52d77a41f7b1f7021fbd09c3d2.r2.dev/samples/Mtb151/TB3162/TB3162.mm2.AsmToH37Rv.asm10.cram	793039	2026-07-20T14:16:33Z
sample	Mtb151	TB3169	lr_100x_crai	samples/Mtb151/TB3169/TB3169.LR.AlnToH37Rv.Subsample100x.cram.crai	https://pub-4ffd5d52d77a41f7b1f7021fbd09c3d2.r2.dev/samples/Mtb151/TB3169/TB3169.LR.AlnToH37Rv.Subsample100x.cram.crai	2192	2026-07-23T17:59:00Z
sample	Mtb151	TB3169	lr_100x_cram	samples/Mtb151/TB3169/TB3169.LR.AlnToH37Rv.Subsample100x.cram	https://pub-4ffd5d52d77a41f7b1f7021fbd09c3d2.r2.dev/samples/Mtb151/TB3169/TB3169.LR.AlnToH37Rv.Subsample100x.cram	75456506	2026-07-23T17:58:54Z
sample	Mtb151	TB3169	lr_full_depth_crai	samples/Mtb151/TB3169/TB3169.LR.AlnToH37Rv.primary_only.cram.crai	https://pub-4ffd5d52d77a41f7b1f7021fbd09c3d2.r2.dev/samples/Mtb151/TB3169/TB3169.LR.AlnToH37Rv.primary_only.cram.crai	13448	2026-07-20T14:16:42Z
sample	Mtb151	TB3169	lr_full_depth_cram	samples/Mtb151/TB3169/TB3169.LR.AlnToH37Rv.primary_only.cram	https://pub-4ffd5d52d77a41f7b1f7021fbd09c3d2.r2.dev/samples/Mtb151/TB3169/TB3169.LR.AlnToH37Rv.primary_only.cram	448307071	2026-07-20T14:16:40Z
sample	Mtb151	TB3169	asm_crai	samples/Mtb151/TB3169/TB3169.mm2.AsmToH37Rv.asm10.cram.crai	https://pub-4ffd5d52d77a41f7b1f7021fbd09c3d2.r2.dev/samples/Mtb151/TB3169/TB3169.mm2.AsmToH37Rv.asm10.cram.crai	67	2026-07-20T14:16:44Z
sample	Mtb151	TB3169	asm_cram	samples/Mtb151/TB3169/TB3169.mm2.AsmToH37Rv.asm10.cram	https://pub-4ffd5d52d77a41f7b1f7021fbd09c3d2.r2.dev/samples/Mtb151/TB3169/TB3169.mm2.AsmToH37Rv.asm10.cram	748527	2026-07-20T14:16:43Z
sample	Mtb151	TB3237	lr_100x_crai	samples/Mtb151/TB3237/TB3237.LR.AlnToH37Rv.Subsample100x.cram.crai	https://pub-4ffd5d52d77a41f7b1f7021fbd09c3d2.r2.dev/samples/Mtb151/TB3237/TB3237.LR.AlnToH37Rv.Subsample100x.cram.crai	2135	2026-07-23T17:59:51Z
sample	Mtb151	TB3237	lr_100x_cram	samples/Mtb151/TB3237/TB3237.LR.AlnToH37Rv.Subsample100x.cram	https://pub-4ffd5d52d77a41f7b1f7021fbd09c3d2.r2.dev/samples/Mtb151/TB3237/TB3237.LR.AlnToH37Rv.Subsample100x.cram	71074684	2026-07-23T17:59:49Z
sample	Mtb151	TB3237	lr_full_depth_crai	samples/Mtb151/TB3237/TB3237.LR.AlnToH37Rv.primary_only.cram.crai	https://pub-4ffd5d52d77a41f7b1f7021fbd09c3d2.r2.dev/samples/Mtb151/TB3237/TB3237.LR.AlnToH37Rv.primary_only.cram.crai	11156	2026-07-20T14:16:51Z
sample	Mtb151	TB3237	lr_full_depth_cram	samples/Mtb151/TB3237/TB3237.LR.AlnToH37Rv.primary_only.cram	https://pub-4ffd5d52d77a41f7b1f7021fbd09c3d2.r2.dev/samples/Mtb151/TB3237/TB3237.LR.AlnToH37Rv.primary_only.cram	361133902	2026-07-20T14:16:49Z
sample	Mtb151	TB3237	asm_crai	samples/Mtb151/TB3237/TB3237.mm2.AsmToH37Rv.asm10.cram.crai	https://pub-4ffd5d52d77a41f7b1f7021fbd09c3d2.r2.dev/samples/Mtb151/TB3237/TB3237.mm2.AsmToH37Rv.asm10.cram.crai	69	2026-07-20T14:16:53Z
sample	Mtb151	TB3237	asm_cram	samples/Mtb151/TB3237/TB3237.mm2.AsmToH37Rv.asm10.cram	https://pub-4ffd5d52d77a41f7b1f7021fbd09c3d2.r2.dev/samples/Mtb151/TB3237/TB3237.mm2.AsmToH37Rv.asm10.cram	797575	2026-07-20T14:16:52Z
sample	Mtb151	TB3251	lr_100x_crai	samples/Mtb151/TB3251/TB3251.LR.AlnToH37Rv.Subsample100x.cram.crai	https://pub-4ffd5d52d77a41f7b1f7021fbd09c3d2.r2.dev/samples/Mtb151/TB3251/TB3251.LR.AlnToH37Rv.Subsample100x.cram.crai	2176	2026-07-23T18:00:49Z
sample	Mtb151	TB3251	lr_100x_cram	samples/Mtb151/TB3251/TB3251.LR.AlnToH37Rv.Subsample100x.cram	https://pub-4ffd5d52d77a41f7b1f7021fbd09c3d2.r2.dev/samples/Mtb151/TB3251/TB3251.LR.AlnToH37Rv.Subsample100x.cram	73261701	2026-07-23T18:00:46Z
sample	Mtb151	TB3251	lr_full_depth_crai	samples/Mtb151/TB3251/TB3251.LR.AlnToH37Rv.primary_only.cram.crai	https://pub-4ffd5d52d77a41f7b1f7021fbd09c3d2.r2.dev/samples/Mtb151/TB3251/TB3251.LR.AlnToH37Rv.primary_only.cram.crai	10133	2026-07-20T14:16:59Z
sample	Mtb151	TB3251	lr_full_depth_cram	samples/Mtb151/TB3251/TB3251.LR.AlnToH37Rv.primary_only.cram	https://pub-4ffd5d52d77a41f7b1f7021fbd09c3d2.r2.dev/samples/Mtb151/TB3251/TB3251.LR.AlnToH37Rv.primary_only.cram	329875683	2026-07-20T14:16:58Z
sample	Mtb151	TB3251	asm_crai	samples/Mtb151/TB3251/TB3251.mm2.AsmToH37Rv.asm10.cram.crai	https://pub-4ffd5d52d77a41f7b1f7021fbd09c3d2.r2.dev/samples/Mtb151/TB3251/TB3251.mm2.AsmToH37Rv.asm10.cram.crai	68	2026-07-20T14:17:03Z
sample	Mtb151	TB3251	asm_cram	samples/Mtb151/TB3251/TB3251.mm2.AsmToH37Rv.asm10.cram	https://pub-4ffd5d52d77a41f7b1f7021fbd09c3d2.r2.dev/samples/Mtb151/TB3251/TB3251.mm2.AsmToH37Rv.asm10.cram	806183	2026-07-20T14:17:01Z
sample	Mtb151	TB3334	lr_100x_crai	samples/Mtb151/TB3334/TB3334.LR.AlnToH37Rv.Subsample100x.cram.crai	https://pub-4ffd5d52d77a41f7b1f7021fbd09c3d2.r2.dev/samples/Mtb151/TB3334/TB3334.LR.AlnToH37Rv.Subsample100x.cram.crai	2178	2026-07-23T18:01:50Z
sample	Mtb151	TB3334	lr_100x_cram	samples/Mtb151/TB3334/TB3334.LR.AlnToH37Rv.Subsample100x.cram	https://pub-4ffd5d52d77a41f7b1f7021fbd09c3d2.r2.dev/samples/Mtb151/TB3334/TB3334.LR.AlnToH37Rv.Subsample100x.cram	74586466	2026-07-23T18:01:47Z
sample	Mtb151	TB3334	lr_full_depth_crai	samples/Mtb151/TB3334/TB3334.LR.AlnToH37Rv.primary_only.cram.crai	https://pub-4ffd5d52d77a41f7b1f7021fbd09c3d2.r2.dev/samples/Mtb151/TB3334/TB3334.LR.AlnToH37Rv.primary_only.cram.crai	13720	2026-07-20T14:17:10Z
sample	Mtb151	TB3334	lr_full_depth_cram	samples/Mtb151/TB3334/TB3334.LR.AlnToH37Rv.primary_only.cram	https://pub-4ffd5d52d77a41f7b1f7021fbd09c3d2.r2.dev/samples/Mtb151/TB3334/TB3334.LR.AlnToH37Rv.primary_only.cram	452846324	2026-07-20T14:17:08Z
sample	Mtb151	TB3334	asm_crai	samples/Mtb151/TB3334/TB3334.mm2.AsmToH37Rv.asm10.cram.crai	https://pub-4ffd5d52d77a41f7b1f7021fbd09c3d2.r2.dev/samples/Mtb151/TB3334/TB3334.mm2.AsmToH37Rv.asm10.cram.crai	67	2026-07-20T14:17:12Z
sample	Mtb151	TB3334	asm_cram	samples/Mtb151/TB3334/TB3334.mm2.AsmToH37Rv.asm10.cram	https://pub-4ffd5d52d77a41f7b1f7021fbd09c3d2.r2.dev/samples/Mtb151/TB3334/TB3334.mm2.AsmToH37Rv.asm10.cram	598541	2026-07-20T14:17:11Z
sample	Mtb151	TB3368	lr_100x_crai	samples/Mtb151/TB3368/TB3368.LR.AlnToH37Rv.Subsample100x.cram.crai	https://pub-4ffd5d52d77a41f7b1f7021fbd09c3d2.r2.dev/samples/Mtb151/TB3368/TB3368.LR.AlnToH37Rv.Subsample100x.cram.crai	2182	2026-07-23T18:02:52Z
sample	Mtb151	TB3368	lr_100x_cram	samples/Mtb151/TB3368/TB3368.LR.AlnToH37Rv.Subsample100x.cram	https://pub-4ffd5d52d77a41f7b1f7021fbd09c3d2.r2.dev/samples/Mtb151/TB3368/TB3368.LR.AlnToH37Rv.Subsample100x.cram	75129128	2026-07-23T18:02:48Z
sample	Mtb151	TB3368	lr_full_depth_crai	samples/Mtb151/TB3368/TB3368.LR.AlnToH37Rv.primary_only.cram.crai	https://pub-4ffd5d52d77a41f7b1f7021fbd09c3d2.r2.dev/samples/Mtb151/TB3368/TB3368.LR.AlnToH37Rv.primary_only.cram.crai	14932	2026-07-20T14:17:20Z
sample	Mtb151	TB3368	lr_full_depth_cram	samples/Mtb151/TB3368/TB3368.LR.AlnToH37Rv.primary_only.cram	https://pub-4ffd5d52d77a41f7b1f7021fbd09c3d2.r2.dev/samples/Mtb151/TB3368/TB3368.LR.AlnToH37Rv.primary_only.cram	494678328	2026-07-20T14:17:19Z
sample	Mtb151	TB3368	asm_crai	samples/Mtb151/TB3368/TB3368.mm2.AsmToH37Rv.asm10.cram.crai	https://pub-4ffd5d52d77a41f7b1f7021fbd09c3d2.r2.dev/samples/Mtb151/TB3368/TB3368.mm2.AsmToH37Rv.asm10.cram.crai	67	2026-07-20T14:17:23Z
sample	Mtb151	TB3368	asm_cram	samples/Mtb151/TB3368/TB3368.mm2.AsmToH37Rv.asm10.cram	https://pub-4ffd5d52d77a41f7b1f7021fbd09c3d2.r2.dev/samples/Mtb151/TB3368/TB3368.mm2.AsmToH37Rv.asm10.cram	825021	2026-07-20T14:17:21Z
sample	Mtb151	TB3386	lr_100x_crai	samples/Mtb151/TB3386/TB3386.LR.AlnToH37Rv.Subsample100x.cram.crai	https://pub-4ffd5d52d77a41f7b1f7021fbd09c3d2.r2.dev/samples/Mtb151/TB3386/TB3386.LR.AlnToH37Rv.Subsample100x.cram.crai	2151	2026-07-23T18:03:47Z
sample	Mtb151	TB3386	lr_100x_cram	samples/Mtb151/TB3386/TB3386.LR.AlnToH37Rv.Subsample100x.cram	https://pub-4ffd5d52d77a41f7b1f7021fbd09c3d2.r2.dev/samples/Mtb151/TB3386/TB3386.LR.AlnToH37Rv.Subsample100x.cram	73793328	2026-07-23T18:03:45Z
sample	Mtb151	TB3386	lr_full_depth_crai	samples/Mtb151/TB3386/TB3386.LR.AlnToH37Rv.primary_only.cram.crai	https://pub-4ffd5d52d77a41f7b1f7021fbd09c3d2.r2.dev/samples/Mtb151/TB3386/TB3386.LR.AlnToH37Rv.primary_only.cram.crai	11070	2026-07-20T14:17:33Z
sample	Mtb151	TB3386	lr_full_depth_cram	samples/Mtb151/TB3386/TB3386.LR.AlnToH37Rv.primary_only.cram	https://pub-4ffd5d52d77a41f7b1f7021fbd09c3d2.r2.dev/samples/Mtb151/TB3386/TB3386.LR.AlnToH37Rv.primary_only.cram	366071589	2026-07-20T14:17:31Z
sample	Mtb151	TB3386	asm_crai	samples/Mtb151/TB3386/TB3386.mm2.AsmToH37Rv.asm10.cram.crai	https://pub-4ffd5d52d77a41f7b1f7021fbd09c3d2.r2.dev/samples/Mtb151/TB3386/TB3386.mm2.AsmToH37Rv.asm10.cram.crai	68	2026-07-20T14:17:35Z
sample	Mtb151	TB3386	asm_cram	samples/Mtb151/TB3386/TB3386.mm2.AsmToH37Rv.asm10.cram	https://pub-4ffd5d52d77a41f7b1f7021fbd09c3d2.r2.dev/samples/Mtb151/TB3386/TB3386.mm2.AsmToH37Rv.asm10.cram	838888	2026-07-20T14:17:34Z
sample	Mtb151	TB3396	lr_100x_crai	samples/Mtb151/TB3396/TB3396.LR.AlnToH37Rv.Subsample100x.cram.crai	https://pub-4ffd5d52d77a41f7b1f7021fbd09c3d2.r2.dev/samples/Mtb151/TB3396/TB3396.LR.AlnToH37Rv.Subsample100x.cram.crai	2194	2026-07-23T18:04:45Z
sample	Mtb151	TB3396	lr_100x_cram	samples/Mtb151/TB3396/TB3396.LR.AlnToH37Rv.Subsample100x.cram	https://pub-4ffd5d52d77a41f7b1f7021fbd09c3d2.r2.dev/samples/Mtb151/TB3396/TB3396.LR.AlnToH37Rv.Subsample100x.cram	74688797	2026-07-23T18:04:39Z
sample	Mtb151	TB3396	lr_full_depth_crai	samples/Mtb151/TB3396/TB3396.LR.AlnToH37Rv.primary_only.cram.crai	https://pub-4ffd5d52d77a41f7b1f7021fbd09c3d2.r2.dev/samples/Mtb151/TB3396/TB3396.LR.AlnToH37Rv.primary_only.cram.crai	16298	2026-07-20T14:17:43Z
sample	Mtb151	TB3396	lr_full_depth_cram	samples/Mtb151/TB3396/TB3396.LR.AlnToH37Rv.primary_only.cram	https://pub-4ffd5d52d77a41f7b1f7021fbd09c3d2.r2.dev/samples/Mtb151/TB3396/TB3396.LR.AlnToH37Rv.primary_only.cram	537939567	2026-07-20T14:17:41Z
sample	Mtb151	TB3396	asm_crai	samples/Mtb151/TB3396/TB3396.mm2.AsmToH37Rv.asm10.cram.crai	https://pub-4ffd5d52d77a41f7b1f7021fbd09c3d2.r2.dev/samples/Mtb151/TB3396/TB3396.mm2.AsmToH37Rv.asm10.cram.crai	69	2026-07-20T14:17:45Z
sample	Mtb151	TB3396	asm_cram	samples/Mtb151/TB3396/TB3396.mm2.AsmToH37Rv.asm10.cram	https://pub-4ffd5d52d77a41f7b1f7021fbd09c3d2.r2.dev/samples/Mtb151/TB3396/TB3396.mm2.AsmToH37Rv.asm10.cram	880367	2026-07-20T14:17:44Z
sample	Mtb151	TB4620	lr_100x_crai	samples/Mtb151/TB4620/TB4620.LR.AlnToH37Rv.Subsample100x.cram.crai	https://pub-4ffd5d52d77a41f7b1f7021fbd09c3d2.r2.dev/samples/Mtb151/TB4620/TB4620.LR.AlnToH37Rv.Subsample100x.cram.crai	2062	2026-07-23T18:05:34Z
sample	Mtb151	TB4620	lr_100x_cram	samples/Mtb151/TB4620/TB4620.LR.AlnToH37Rv.Subsample100x.cram	https://pub-4ffd5d52d77a41f7b1f7021fbd09c3d2.r2.dev/samples/Mtb151/TB4620/TB4620.LR.AlnToH37Rv.Subsample100x.cram	61503987	2026-07-23T18:05:31Z
sample	Mtb151	TB4620	lr_full_depth_crai	samples/Mtb151/TB4620/TB4620.LR.AlnToH37Rv.primary_only.cram.crai	https://pub-4ffd5d52d77a41f7b1f7021fbd09c3d2.r2.dev/samples/Mtb151/TB4620/TB4620.LR.AlnToH37Rv.primary_only.cram.crai	36437	2026-07-20T14:17:56Z
sample	Mtb151	TB4620	lr_full_depth_cram	samples/Mtb151/TB4620/TB4620.LR.AlnToH37Rv.primary_only.cram	https://pub-4ffd5d52d77a41f7b1f7021fbd09c3d2.r2.dev/samples/Mtb151/TB4620/TB4620.LR.AlnToH37Rv.primary_only.cram	1058442479	2026-07-20T14:17:55Z
sample	Mtb151	TB4620	asm_crai	samples/Mtb151/TB4620/TB4620.mm2.AsmToH37Rv.asm10.cram.crai	https://pub-4ffd5d52d77a41f7b1f7021fbd09c3d2.r2.dev/samples/Mtb151/TB4620/TB4620.mm2.AsmToH37Rv.asm10.cram.crai	66	2026-07-20T14:17:59Z
sample	Mtb151	TB4620	asm_cram	samples/Mtb151/TB4620/TB4620.mm2.AsmToH37Rv.asm10.cram	https://pub-4ffd5d52d77a41f7b1f7021fbd09c3d2.r2.dev/samples/Mtb151/TB4620/TB4620.mm2.AsmToH37Rv.asm10.cram	799457	2026-07-20T14:17:58Z
sample	Mtb151	mada_1-1	lr_100x_crai	samples/Mtb151/mada_1-1/mada_1-1.LR.AlnToH37Rv.Subsample100x.cram.crai	https://pub-4ffd5d52d77a41f7b1f7021fbd09c3d2.r2.dev/samples/Mtb151/mada_1-1/mada_1-1.LR.AlnToH37Rv.Subsample100x.cram.crai	1738	2026-07-23T16:57:03Z
sample	Mtb151	mada_1-1	lr_100x_cram	samples/Mtb151/mada_1-1/mada_1-1.LR.AlnToH37Rv.Subsample100x.cram	https://pub-4ffd5d52d77a41f7b1f7021fbd09c3d2.r2.dev/samples/Mtb151/mada_1-1/mada_1-1.LR.AlnToH37Rv.Subsample100x.cram	201107696	2026-07-23T16:56:59Z
sample	Mtb151	mada_1-1	lr_full_depth_crai	samples/Mtb151/mada_1-1/mada_1-1.LR.AlnToH37Rv.primary_only.cram.crai	https://pub-4ffd5d52d77a41f7b1f7021fbd09c3d2.r2.dev/samples/Mtb151/mada_1-1/mada_1-1.LR.AlnToH37Rv.primary_only.cram.crai	1814	2026-07-20T13:57:55Z
sample	Mtb151	mada_1-1	lr_full_depth_cram	samples/Mtb151/mada_1-1/mada_1-1.LR.AlnToH37Rv.primary_only.cram	https://pub-4ffd5d52d77a41f7b1f7021fbd09c3d2.r2.dev/samples/Mtb151/mada_1-1/mada_1-1.LR.AlnToH37Rv.primary_only.cram	209574731	2026-07-20T13:57:54Z
sample	Mtb151	mada_1-1	asm_crai	samples/Mtb151/mada_1-1/mada_1-1.mm2.AsmToH37Rv.asm10.cram.crai	https://pub-4ffd5d52d77a41f7b1f7021fbd09c3d2.r2.dev/samples/Mtb151/mada_1-1/mada_1-1.mm2.AsmToH37Rv.asm10.cram.crai	68	2026-07-20T13:57:58Z
sample	Mtb151	mada_1-1	asm_cram	samples/Mtb151/mada_1-1/mada_1-1.mm2.AsmToH37Rv.asm10.cram	https://pub-4ffd5d52d77a41f7b1f7021fbd09c3d2.r2.dev/samples/Mtb151/mada_1-1/mada_1-1.mm2.AsmToH37Rv.asm10.cram	882413	2026-07-20T13:57:57Z
sample	Mtb151	mada_1-10	lr_100x_crai	samples/Mtb151/mada_1-10/mada_1-10.LR.AlnToH37Rv.Subsample100x.cram.crai	https://pub-4ffd5d52d77a41f7b1f7021fbd09c3d2.r2.dev/samples/Mtb151/mada_1-10/mada_1-10.LR.AlnToH37Rv.Subsample100x.cram.crai	1944	2026-07-23T16:58:55Z
sample	Mtb151	mada_1-10	lr_100x_cram	samples/Mtb151/mada_1-10/mada_1-10.LR.AlnToH37Rv.Subsample100x.cram	https://pub-4ffd5d52d77a41f7b1f7021fbd09c3d2.r2.dev/samples/Mtb151/mada_1-10/mada_1-10.LR.AlnToH37Rv.Subsample100x.cram	233293440	2026-07-23T16:58:49Z
sample	Mtb151	mada_1-10	lr_full_depth_crai	samples/Mtb151/mada_1-10/mada_1-10.LR.AlnToH37Rv.primary_only.cram.crai	https://pub-4ffd5d52d77a41f7b1f7021fbd09c3d2.r2.dev/samples/Mtb151/mada_1-10/mada_1-10.LR.AlnToH37Rv.primary_only.cram.crai	2778	2026-07-20T13:58:05Z
sample	Mtb151	mada_1-10	lr_full_depth_cram	samples/Mtb151/mada_1-10/mada_1-10.LR.AlnToH37Rv.primary_only.cram	https://pub-4ffd5d52d77a41f7b1f7021fbd09c3d2.r2.dev/samples/Mtb151/mada_1-10/mada_1-10.LR.AlnToH37Rv.primary_only.cram	337985763	2026-07-20T13:58:03Z
sample	Mtb151	mada_1-10	asm_crai	samples/Mtb151/mada_1-10/mada_1-10.mm2.AsmToH37Rv.asm10.cram.crai	https://pub-4ffd5d52d77a41f7b1f7021fbd09c3d2.r2.dev/samples/Mtb151/mada_1-10/mada_1-10.mm2.AsmToH37Rv.asm10.cram.crai	67	2026-07-20T13:58:08Z
sample	Mtb151	mada_1-10	asm_cram	samples/Mtb151/mada_1-10/mada_1-10.mm2.AsmToH37Rv.asm10.cram	https://pub-4ffd5d52d77a41f7b1f7021fbd09c3d2.r2.dev/samples/Mtb151/mada_1-10/mada_1-10.mm2.AsmToH37Rv.asm10.cram	805095	2026-07-20T13:58:06Z
sample	Mtb151	mada_1-11	lr_100x_crai	samples/Mtb151/mada_1-11/mada_1-11.LR.AlnToH37Rv.Subsample100x.cram.crai	https://pub-4ffd5d52d77a41f7b1f7021fbd09c3d2.r2.dev/samples/Mtb151/mada_1-11/mada_1-11.LR.AlnToH37Rv.Subsample100x.cram.crai	1897	2026-07-23T16:58:36Z
sample	Mtb151	mada_1-11	lr_100x_cram	samples/Mtb151/mada_1-11/mada_1-11.LR.AlnToH37Rv.Subsample100x.cram	https://pub-4ffd5d52d77a41f7b1f7021fbd09c3d2.r2.dev/samples/Mtb151/mada_1-11/mada_1-11.LR.AlnToH37Rv.Subsample100x.cram	225759959	2026-07-23T16:58:33Z
sample	Mtb151	mada_1-11	lr_full_depth_crai	samples/Mtb151/mada_1-11/mada_1-11.LR.AlnToH37Rv.primary_only.cram.crai	https://pub-4ffd5d52d77a41f7b1f7021fbd09c3d2.r2.dev/samples/Mtb151/mada_1-11/mada_1-11.LR.AlnToH37Rv.primary_only.cram.crai	2808	2026-07-20T13:58:15Z
sample	Mtb151	mada_1-11	lr_full_depth_cram	samples/Mtb151/mada_1-11/mada_1-11.LR.AlnToH37Rv.primary_only.cram	https://pub-4ffd5d52d77a41f7b1f7021fbd09c3d2.r2.dev/samples/Mtb151/mada_1-11/mada_1-11.LR.AlnToH37Rv.primary_only.cram	334685481	2026-07-20T13:58:14Z
sample	Mtb151	mada_1-11	asm_crai	samples/Mtb151/mada_1-11/mada_1-11.mm2.AsmToH37Rv.asm10.cram.crai	https://pub-4ffd5d52d77a41f7b1f7021fbd09c3d2.r2.dev/samples/Mtb151/mada_1-11/mada_1-11.mm2.AsmToH37Rv.asm10.cram.crai	68	2026-07-20T13:58:18Z
sample	Mtb151	mada_1-11	asm_cram	samples/Mtb151/mada_1-11/mada_1-11.mm2.AsmToH37Rv.asm10.cram	https://pub-4ffd5d52d77a41f7b1f7021fbd09c3d2.r2.dev/samples/Mtb151/mada_1-11/mada_1-11.mm2.AsmToH37Rv.asm10.cram	823126	2026-07-20T13:58:17Z
sample	Mtb151	mada_1-12	lr_100x_crai	samples/Mtb151/mada_1-12/mada_1-12.LR.AlnToH37Rv.Subsample100x.cram.crai	https://pub-4ffd5d52d77a41f7b1f7021fbd09c3d2.r2.dev/samples/Mtb151/mada_1-12/mada_1-12.LR.AlnToH37Rv.Subsample100x.cram.crai	1828	2026-07-23T16:56:00Z
sample	Mtb151	mada_1-12	lr_100x_cram	samples/Mtb151/mada_1-12/mada_1-12.LR.AlnToH37Rv.Subsample100x.cram	https://pub-4ffd5d52d77a41f7b1f7021fbd09c3d2.r2.dev/samples/Mtb151/mada_1-12/mada_1-12.LR.AlnToH37Rv.Subsample100x.cram	216426836	2026-07-23T16:55:55Z
sample	Mtb151	mada_1-12	lr_full_depth_crai	samples/Mtb151/mada_1-12/mada_1-12.LR.AlnToH37Rv.primary_only.cram.crai	https://pub-4ffd5d52d77a41f7b1f7021fbd09c3d2.r2.dev/samples/Mtb151/mada_1-12/mada_1-12.LR.AlnToH37Rv.primary_only.cram.crai	2120	2026-07-20T13:58:24Z
sample	Mtb151	mada_1-12	lr_full_depth_cram	samples/Mtb151/mada_1-12/mada_1-12.LR.AlnToH37Rv.primary_only.cram	https://pub-4ffd5d52d77a41f7b1f7021fbd09c3d2.r2.dev/samples/Mtb151/mada_1-12/mada_1-12.LR.AlnToH37Rv.primary_only.cram	249376867	2026-07-20T13:58:23Z
sample	Mtb151	mada_1-12	asm_crai	samples/Mtb151/mada_1-12/mada_1-12.mm2.AsmToH37Rv.asm10.cram.crai	https://pub-4ffd5d52d77a41f7b1f7021fbd09c3d2.r2.dev/samples/Mtb151/mada_1-12/mada_1-12.mm2.AsmToH37Rv.asm10.cram.crai	68	2026-07-20T13:58:27Z
sample	Mtb151	mada_1-12	asm_cram	samples/Mtb151/mada_1-12/mada_1-12.mm2.AsmToH37Rv.asm10.cram	https://pub-4ffd5d52d77a41f7b1f7021fbd09c3d2.r2.dev/samples/Mtb151/mada_1-12/mada_1-12.mm2.AsmToH37Rv.asm10.cram	746640	2026-07-20T13:58:26Z
sample	Mtb151	mada_1-15	lr_100x_crai	samples/Mtb151/mada_1-15/mada_1-15.LR.AlnToH37Rv.Subsample100x.cram.crai	https://pub-4ffd5d52d77a41f7b1f7021fbd09c3d2.r2.dev/samples/Mtb151/mada_1-15/mada_1-15.LR.AlnToH37Rv.Subsample100x.cram.crai	1737	2026-07-23T16:59:10Z
sample	Mtb151	mada_1-15	lr_100x_cram	samples/Mtb151/mada_1-15/mada_1-15.LR.AlnToH37Rv.Subsample100x.cram	https://pub-4ffd5d52d77a41f7b1f7021fbd09c3d2.r2.dev/samples/Mtb151/mada_1-15/mada_1-15.LR.AlnToH37Rv.Subsample100x.cram	202000405	2026-07-23T16:59:04Z
sample	Mtb151	mada_1-15	lr_full_depth_crai	samples/Mtb151/mada_1-15/mada_1-15.LR.AlnToH37Rv.primary_only.cram.crai	https://pub-4ffd5d52d77a41f7b1f7021fbd09c3d2.r2.dev/samples/Mtb151/mada_1-15/mada_1-15.LR.AlnToH37Rv.primary_only.cram.crai	2214	2026-07-20T13:58:40Z
sample	Mtb151	mada_1-15	lr_full_depth_cram	samples/Mtb151/mada_1-15/mada_1-15.LR.AlnToH37Rv.primary_only.cram	https://pub-4ffd5d52d77a41f7b1f7021fbd09c3d2.r2.dev/samples/Mtb151/mada_1-15/mada_1-15.LR.AlnToH37Rv.primary_only.cram	261591134	2026-07-20T13:58:39Z
sample	Mtb151	mada_1-15	asm_crai	samples/Mtb151/mada_1-15/mada_1-15.mm2.AsmToH37Rv.asm10.cram.crai	https://pub-4ffd5d52d77a41f7b1f7021fbd09c3d2.r2.dev/samples/Mtb151/mada_1-15/mada_1-15.mm2.AsmToH37Rv.asm10.cram.crai	67	2026-07-20T13:58:43Z
sample	Mtb151	mada_1-15	asm_cram	samples/Mtb151/mada_1-15/mada_1-15.mm2.AsmToH37Rv.asm10.cram	https://pub-4ffd5d52d77a41f7b1f7021fbd09c3d2.r2.dev/samples/Mtb151/mada_1-15/mada_1-15.mm2.AsmToH37Rv.asm10.cram	753894	2026-07-20T13:58:41Z
sample	Mtb151	mada_1-30	lr_100x_crai	samples/Mtb151/mada_1-30/mada_1-30.LR.AlnToH37Rv.Subsample100x.cram.crai	https://pub-4ffd5d52d77a41f7b1f7021fbd09c3d2.r2.dev/samples/Mtb151/mada_1-30/mada_1-30.LR.AlnToH37Rv.Subsample100x.cram.crai	1834	2026-07-23T16:54:37Z
sample	Mtb151	mada_1-30	lr_100x_cram	samples/Mtb151/mada_1-30/mada_1-30.LR.AlnToH37Rv.Subsample100x.cram	https://pub-4ffd5d52d77a41f7b1f7021fbd09c3d2.r2.dev/samples/Mtb151/mada_1-30/mada_1-30.LR.AlnToH37Rv.Subsample100x.cram	214229364	2026-07-23T16:54:34Z
sample	Mtb151	mada_1-30	lr_full_depth_crai	samples/Mtb151/mada_1-30/mada_1-30.LR.AlnToH37Rv.primary_only.cram.crai	https://pub-4ffd5d52d77a41f7b1f7021fbd09c3d2.r2.dev/samples/Mtb151/mada_1-30/mada_1-30.LR.AlnToH37Rv.primary_only.cram.crai	2197	2026-07-20T14:00:17Z
sample	Mtb151	mada_1-30	lr_full_depth_cram	samples/Mtb151/mada_1-30/mada_1-30.LR.AlnToH37Rv.primary_only.cram	https://pub-4ffd5d52d77a41f7b1f7021fbd09c3d2.r2.dev/samples/Mtb151/mada_1-30/mada_1-30.LR.AlnToH37Rv.primary_only.cram	254778723	2026-07-20T14:00:16Z
sample	Mtb151	mada_1-30	asm_crai	samples/Mtb151/mada_1-30/mada_1-30.mm2.AsmToH37Rv.asm10.cram.crai	https://pub-4ffd5d52d77a41f7b1f7021fbd09c3d2.r2.dev/samples/Mtb151/mada_1-30/mada_1-30.mm2.AsmToH37Rv.asm10.cram.crai	69	2026-07-20T14:00:20Z
sample	Mtb151	mada_1-30	asm_cram	samples/Mtb151/mada_1-30/mada_1-30.mm2.AsmToH37Rv.asm10.cram	https://pub-4ffd5d52d77a41f7b1f7021fbd09c3d2.r2.dev/samples/Mtb151/mada_1-30/mada_1-30.mm2.AsmToH37Rv.asm10.cram	868594	2026-07-20T14:00:18Z
sample	Mtb151	mada_1-32	lr_100x_crai	samples/Mtb151/mada_1-32/mada_1-32.LR.AlnToH37Rv.Subsample100x.cram.crai	https://pub-4ffd5d52d77a41f7b1f7021fbd09c3d2.r2.dev/samples/Mtb151/mada_1-32/mada_1-32.LR.AlnToH37Rv.Subsample100x.cram.crai	1881	2026-07-23T16:59:58Z
sample	Mtb151	mada_1-32	lr_100x_cram	samples/Mtb151/mada_1-32/mada_1-32.LR.AlnToH37Rv.Subsample100x.cram	https://pub-4ffd5d52d77a41f7b1f7021fbd09c3d2.r2.dev/samples/Mtb151/mada_1-32/mada_1-32.LR.AlnToH37Rv.Subsample100x.cram	221903705	2026-07-23T16:59:52Z
sample	Mtb151	mada_1-32	lr_full_depth_crai	samples/Mtb151/mada_1-32/mada_1-32.LR.AlnToH37Rv.primary_only.cram.crai	https://pub-4ffd5d52d77a41f7b1f7021fbd09c3d2.r2.dev/samples/Mtb151/mada_1-32/mada_1-32.LR.AlnToH37Rv.primary_only.cram.crai	2712	2026-07-20T14:00:25Z
sample	Mtb151	mada_1-32	lr_full_depth_cram	samples/Mtb151/mada_1-32/mada_1-32.LR.AlnToH37Rv.primary_only.cram	https://pub-4ffd5d52d77a41f7b1f7021fbd09c3d2.r2.dev/samples/Mtb151/mada_1-32/mada_1-32.LR.AlnToH37Rv.primary_only.cram	325416733	2026-07-20T14:00:24Z
sample	Mtb151	mada_1-32	asm_crai	samples/Mtb151/mada_1-32/mada_1-32.mm2.AsmToH37Rv.asm10.cram.crai	https://pub-4ffd5d52d77a41f7b1f7021fbd09c3d2.r2.dev/samples/Mtb151/mada_1-32/mada_1-32.mm2.AsmToH37Rv.asm10.cram.crai	68	2026-07-20T14:00:27Z
sample	Mtb151	mada_1-32	asm_cram	samples/Mtb151/mada_1-32/mada_1-32.mm2.AsmToH37Rv.asm10.cram	https://pub-4ffd5d52d77a41f7b1f7021fbd09c3d2.r2.dev/samples/Mtb151/mada_1-32/mada_1-32.mm2.AsmToH37Rv.asm10.cram	799386	2026-07-20T14:00:26Z
sample	Mtb151	mada_1-36	lr_100x_crai	samples/Mtb151/mada_1-36/mada_1-36.LR.AlnToH37Rv.Subsample100x.cram.crai	https://pub-4ffd5d52d77a41f7b1f7021fbd09c3d2.r2.dev/samples/Mtb151/mada_1-36/mada_1-36.LR.AlnToH37Rv.Subsample100x.cram.crai	1828	2026-07-23T16:53:53Z
sample	Mtb151	mada_1-36	lr_100x_cram	samples/Mtb151/mada_1-36/mada_1-36.LR.AlnToH37Rv.Subsample100x.cram	https://pub-4ffd5d52d77a41f7b1f7021fbd09c3d2.r2.dev/samples/Mtb151/mada_1-36/mada_1-36.LR.AlnToH37Rv.Subsample100x.cram	212908394	2026-07-23T16:53:49Z
sample	Mtb151	mada_1-36	lr_full_depth_crai	samples/Mtb151/mada_1-36/mada_1-36.LR.AlnToH37Rv.primary_only.cram.crai	https://pub-4ffd5d52d77a41f7b1f7021fbd09c3d2.r2.dev/samples/Mtb151/mada_1-36/mada_1-36.LR.AlnToH37Rv.primary_only.cram.crai	2170	2026-07-20T14:00:35Z
sample	Mtb151	mada_1-36	lr_full_depth_cram	samples/Mtb151/mada_1-36/mada_1-36.LR.AlnToH37Rv.primary_only.cram	https://pub-4ffd5d52d77a41f7b1f7021fbd09c3d2.r2.dev/samples/Mtb151/mada_1-36/mada_1-36.LR.AlnToH37Rv.primary_only.cram	252890974	2026-07-20T14:00:34Z
sample	Mtb151	mada_1-36	asm_crai	samples/Mtb151/mada_1-36/mada_1-36.mm2.AsmToH37Rv.asm10.cram.crai	https://pub-4ffd5d52d77a41f7b1f7021fbd09c3d2.r2.dev/samples/Mtb151/mada_1-36/mada_1-36.mm2.AsmToH37Rv.asm10.cram.crai	68	2026-07-20T14:00:37Z
sample	Mtb151	mada_1-36	asm_cram	samples/Mtb151/mada_1-36/mada_1-36.mm2.AsmToH37Rv.asm10.cram	https://pub-4ffd5d52d77a41f7b1f7021fbd09c3d2.r2.dev/samples/Mtb151/mada_1-36/mada_1-36.mm2.AsmToH37Rv.asm10.cram	883621	2026-07-20T14:00:36Z
sample	Mtb151	mada_1-38	lr_100x_crai	samples/Mtb151/mada_1-38/mada_1-38.LR.AlnToH37Rv.Subsample100x.cram.crai	https://pub-4ffd5d52d77a41f7b1f7021fbd09c3d2.r2.dev/samples/Mtb151/mada_1-38/mada_1-38.LR.AlnToH37Rv.Subsample100x.cram.crai	1176	2026-07-23T16:57:45Z
sample	Mtb151	mada_1-38	lr_100x_cram	samples/Mtb151/mada_1-38/mada_1-38.LR.AlnToH37Rv.Subsample100x.cram	https://pub-4ffd5d52d77a41f7b1f7021fbd09c3d2.r2.dev/samples/Mtb151/mada_1-38/mada_1-38.LR.AlnToH37Rv.Subsample100x.cram	141126552	2026-07-23T16:57:42Z
sample	Mtb151	mada_1-38	lr_full_depth_crai	samples/Mtb151/mada_1-38/mada_1-38.LR.AlnToH37Rv.primary_only.cram.crai	https://pub-4ffd5d52d77a41f7b1f7021fbd09c3d2.r2.dev/samples/Mtb151/mada_1-38/mada_1-38.LR.AlnToH37Rv.primary_only.cram.crai	1180	2026-07-20T14:00:41Z
sample	Mtb151	mada_1-38	lr_full_depth_cram	samples/Mtb151/mada_1-38/mada_1-38.LR.AlnToH37Rv.primary_only.cram	https://pub-4ffd5d52d77a41f7b1f7021fbd09c3d2.r2.dev/samples/Mtb151/mada_1-38/mada_1-38.LR.AlnToH37Rv.primary_only.cram	141956869	2026-07-20T14:00:40Z
sample	Mtb151	mada_1-38	asm_crai	samples/Mtb151/mada_1-38/mada_1-38.mm2.AsmToH37Rv.asm10.cram.crai	https://pub-4ffd5d52d77a41f7b1f7021fbd09c3d2.r2.dev/samples/Mtb151/mada_1-38/mada_1-38.mm2.AsmToH37Rv.asm10.cram.crai	66	2026-07-20T14:00:44Z
sample	Mtb151	mada_1-38	asm_cram	samples/Mtb151/mada_1-38/mada_1-38.mm2.AsmToH37Rv.asm10.cram	https://pub-4ffd5d52d77a41f7b1f7021fbd09c3d2.r2.dev/samples/Mtb151/mada_1-38/mada_1-38.mm2.AsmToH37Rv.asm10.cram	683345	2026-07-20T14:00:42Z
sample	Mtb151	mada_1-39	lr_100x_crai	samples/Mtb151/mada_1-39/mada_1-39.LR.AlnToH37Rv.Subsample100x.cram.crai	https://pub-4ffd5d52d77a41f7b1f7021fbd09c3d2.r2.dev/samples/Mtb151/mada_1-39/mada_1-39.LR.AlnToH37Rv.Subsample100x.cram.crai	2001	2026-07-23T16:55:03Z
sample	Mtb151	mada_1-39	lr_100x_cram	samples/Mtb151/mada_1-39/mada_1-39.LR.AlnToH37Rv.Subsample100x.cram	https://pub-4ffd5d52d77a41f7b1f7021fbd09c3d2.r2.dev/samples/Mtb151/mada_1-39/mada_1-39.LR.AlnToH37Rv.Subsample100x.cram	243860437	2026-07-23T16:55:00Z
sample	Mtb151	mada_1-39	lr_full_depth_crai	samples/Mtb151/mada_1-39/mada_1-39.LR.AlnToH37Rv.primary_only.cram.crai	https://pub-4ffd5d52d77a41f7b1f7021fbd09c3d2.r2.dev/samples/Mtb151/mada_1-39/mada_1-39.LR.AlnToH37Rv.primary_only.cram.crai	2819	2026-07-20T14:00:53Z
sample	Mtb151	mada_1-39	lr_full_depth_cram	samples/Mtb151/mada_1-39/mada_1-39.LR.AlnToH37Rv.primary_only.cram	https://pub-4ffd5d52d77a41f7b1f7021fbd09c3d2.r2.dev/samples/Mtb151/mada_1-39/mada_1-39.LR.AlnToH37Rv.primary_only.cram	341678728	2026-07-20T14:00:51Z
sample	Mtb151	mada_1-39	asm_crai	samples/Mtb151/mada_1-39/mada_1-39.mm2.AsmToH37Rv.asm10.cram.crai	https://pub-4ffd5d52d77a41f7b1f7021fbd09c3d2.r2.dev/samples/Mtb151/mada_1-39/mada_1-39.mm2.AsmToH37Rv.asm10.cram.crai	67	2026-07-20T14:00:55Z
sample	Mtb151	mada_1-39	asm_cram	samples/Mtb151/mada_1-39/mada_1-39.mm2.AsmToH37Rv.asm10.cram	https://pub-4ffd5d52d77a41f7b1f7021fbd09c3d2.r2.dev/samples/Mtb151/mada_1-39/mada_1-39.mm2.AsmToH37Rv.asm10.cram	884791	2026-07-20T14:00:54Z
sample	Mtb151	mada_1-41	lr_100x_crai	samples/Mtb151/mada_1-41/mada_1-41.LR.AlnToH37Rv.Subsample100x.cram.crai	https://pub-4ffd5d52d77a41f7b1f7021fbd09c3d2.r2.dev/samples/Mtb151/mada_1-41/mada_1-41.LR.AlnToH37Rv.Subsample100x.cram.crai	1868	2026-07-23T16:58:44Z
sample	Mtb151	mada_1-41	lr_100x_cram	samples/Mtb151/mada_1-41/mada_1-41.LR.AlnToH37Rv.Subsample100x.cram	https://pub-4ffd5d52d77a41f7b1f7021fbd09c3d2.r2.dev/samples/Mtb151/mada_1-41/mada_1-41.LR.AlnToH37Rv.Subsample100x.cram	217586322	2026-07-23T16:58:41Z
sample	Mtb151	mada_1-41	lr_full_depth_crai	samples/Mtb151/mada_1-41/mada_1-41.LR.AlnToH37Rv.primary_only.cram.crai	https://pub-4ffd5d52d77a41f7b1f7021fbd09c3d2.r2.dev/samples/Mtb151/mada_1-41/mada_1-41.LR.AlnToH37Rv.primary_only.cram.crai	2731	2026-07-20T14:01:13Z
sample	Mtb151	mada_1-41	lr_full_depth_cram	samples/Mtb151/mada_1-41/mada_1-41.LR.AlnToH37Rv.primary_only.cram	https://pub-4ffd5d52d77a41f7b1f7021fbd09c3d2.r2.dev/samples/Mtb151/mada_1-41/mada_1-41.LR.AlnToH37Rv.primary_only.cram	315174181	2026-07-20T14:01:12Z
sample	Mtb151	mada_1-41	asm_crai	samples/Mtb151/mada_1-41/mada_1-41.mm2.AsmToH37Rv.asm10.cram.crai	https://pub-4ffd5d52d77a41f7b1f7021fbd09c3d2.r2.dev/samples/Mtb151/mada_1-41/mada_1-41.mm2.AsmToH37Rv.asm10.cram.crai	67	2026-07-20T14:01:15Z
sample	Mtb151	mada_1-41	asm_cram	samples/Mtb151/mada_1-41/mada_1-41.mm2.AsmToH37Rv.asm10.cram	https://pub-4ffd5d52d77a41f7b1f7021fbd09c3d2.r2.dev/samples/Mtb151/mada_1-41/mada_1-41.mm2.AsmToH37Rv.asm10.cram	691499	2026-07-20T14:01:14Z
sample	Mtb151	mada_1-44	lr_100x_crai	samples/Mtb151/mada_1-44/mada_1-44.LR.AlnToH37Rv.Subsample100x.cram.crai	https://pub-4ffd5d52d77a41f7b1f7021fbd09c3d2.r2.dev/samples/Mtb151/mada_1-44/mada_1-44.LR.AlnToH37Rv.Subsample100x.cram.crai	1792	2026-07-23T16:55:12Z
sample	Mtb151	mada_1-44	lr_100x_cram	samples/Mtb151/mada_1-44/mada_1-44.LR.AlnToH37Rv.Subsample100x.cram	https://pub-4ffd5d52d77a41f7b1f7021fbd09c3d2.r2.dev/samples/Mtb151/mada_1-44/mada_1-44.LR.AlnToH37Rv.Subsample100x.cram	211949645	2026-07-23T16:55:09Z
sample	Mtb151	mada_1-44	lr_full_depth_crai	samples/Mtb151/mada_1-44/mada_1-44.LR.AlnToH37Rv.primary_only.cram.crai	https://pub-4ffd5d52d77a41f7b1f7021fbd09c3d2.r2.dev/samples/Mtb151/mada_1-44/mada_1-44.LR.AlnToH37Rv.primary_only.cram.crai	2451	2026-07-20T14:01:21Z
sample	Mtb151	mada_1-44	lr_full_depth_cram	samples/Mtb151/mada_1-44/mada_1-44.LR.AlnToH37Rv.primary_only.cram	https://pub-4ffd5d52d77a41f7b1f7021fbd09c3d2.r2.dev/samples/Mtb151/mada_1-44/mada_1-44.LR.AlnToH37Rv.primary_only.cram	289625321	2026-07-20T14:01:20Z
sample	Mtb151	mada_1-44	asm_crai	samples/Mtb151/mada_1-44/mada_1-44.mm2.AsmToH37Rv.asm10.cram.crai	https://pub-4ffd5d52d77a41f7b1f7021fbd09c3d2.r2.dev/samples/Mtb151/mada_1-44/mada_1-44.mm2.AsmToH37Rv.asm10.cram.crai	68	2026-07-20T14:01:23Z
sample	Mtb151	mada_1-44	asm_cram	samples/Mtb151/mada_1-44/mada_1-44.mm2.AsmToH37Rv.asm10.cram	https://pub-4ffd5d52d77a41f7b1f7021fbd09c3d2.r2.dev/samples/Mtb151/mada_1-44/mada_1-44.mm2.AsmToH37Rv.asm10.cram	883871	2026-07-20T14:01:22Z
sample	Mtb151	mada_1-50	lr_100x_crai	samples/Mtb151/mada_1-50/mada_1-50.LR.AlnToH37Rv.Subsample100x.cram.crai	https://pub-4ffd5d52d77a41f7b1f7021fbd09c3d2.r2.dev/samples/Mtb151/mada_1-50/mada_1-50.LR.AlnToH37Rv.Subsample100x.cram.crai	1728	2026-07-23T16:58:28Z
sample	Mtb151	mada_1-50	lr_100x_cram	samples/Mtb151/mada_1-50/mada_1-50.LR.AlnToH37Rv.Subsample100x.cram	https://pub-4ffd5d52d77a41f7b1f7021fbd09c3d2.r2.dev/samples/Mtb151/mada_1-50/mada_1-50.LR.AlnToH37Rv.Subsample100x.cram	203530754	2026-07-23T16:58:25Z
sample	Mtb151	mada_1-50	lr_full_depth_crai	samples/Mtb151/mada_1-50/mada_1-50.LR.AlnToH37Rv.primary_only.cram.crai	https://pub-4ffd5d52d77a41f7b1f7021fbd09c3d2.r2.dev/samples/Mtb151/mada_1-50/mada_1-50.LR.AlnToH37Rv.primary_only.cram.crai	2417	2026-07-20T14:01:29Z
sample	Mtb151	mada_1-50	lr_full_depth_cram	samples/Mtb151/mada_1-50/mada_1-50.LR.AlnToH37Rv.primary_only.cram	https://pub-4ffd5d52d77a41f7b1f7021fbd09c3d2.r2.dev/samples/Mtb151/mada_1-50/mada_1-50.LR.AlnToH37Rv.primary_only.cram	280931836	2026-07-20T14:01:28Z
sample	Mtb151	mada_1-50	asm_crai	samples/Mtb151/mada_1-50/mada_1-50.mm2.AsmToH37Rv.asm10.cram.crai	https://pub-4ffd5d52d77a41f7b1f7021fbd09c3d2.r2.dev/samples/Mtb151/mada_1-50/mada_1-50.mm2.AsmToH37Rv.asm10.cram.crai	66	2026-07-20T14:01:31Z
sample	Mtb151	mada_1-50	asm_cram	samples/Mtb151/mada_1-50/mada_1-50.mm2.AsmToH37Rv.asm10.cram	https://pub-4ffd5d52d77a41f7b1f7021fbd09c3d2.r2.dev/samples/Mtb151/mada_1-50/mada_1-50.mm2.AsmToH37Rv.asm10.cram	744016	2026-07-20T14:01:30Z
sample	Mtb151	mada_1-51	lr_100x_crai	samples/Mtb151/mada_1-51/mada_1-51.LR.AlnToH37Rv.Subsample100x.cram.crai	https://pub-4ffd5d52d77a41f7b1f7021fbd09c3d2.r2.dev/samples/Mtb151/mada_1-51/mada_1-51.LR.AlnToH37Rv.Subsample100x.cram.crai	1869	2026-07-23T16:54:21Z
sample	Mtb151	mada_1-51	lr_100x_cram	samples/Mtb151/mada_1-51/mada_1-51.LR.AlnToH37Rv.Subsample100x.cram	https://pub-4ffd5d52d77a41f7b1f7021fbd09c3d2.r2.dev/samples/Mtb151/mada_1-51/mada_1-51.LR.AlnToH37Rv.Subsample100x.cram	212747258	2026-07-23T16:54:17Z
sample	Mtb151	mada_1-51	lr_full_depth_crai	samples/Mtb151/mada_1-51/mada_1-51.LR.AlnToH37Rv.primary_only.cram.crai	https://pub-4ffd5d52d77a41f7b1f7021fbd09c3d2.r2.dev/samples/Mtb151/mada_1-51/mada_1-51.LR.AlnToH37Rv.primary_only.cram.crai	2813	2026-07-20T14:01:38Z
sample	Mtb151	mada_1-51	lr_full_depth_cram	samples/Mtb151/mada_1-51/mada_1-51.LR.AlnToH37Rv.primary_only.cram	https://pub-4ffd5d52d77a41f7b1f7021fbd09c3d2.r2.dev/samples/Mtb151/mada_1-51/mada_1-51.LR.AlnToH37Rv.primary_only.cram	320689874	2026-07-20T14:01:36Z
sample	Mtb151	mada_1-51	asm_crai	samples/Mtb151/mada_1-51/mada_1-51.mm2.AsmToH37Rv.asm10.cram.crai	https://pub-4ffd5d52d77a41f7b1f7021fbd09c3d2.r2.dev/samples/Mtb151/mada_1-51/mada_1-51.mm2.AsmToH37Rv.asm10.cram.crai	68	2026-07-20T14:01:40Z
sample	Mtb151	mada_1-51	asm_cram	samples/Mtb151/mada_1-51/mada_1-51.mm2.AsmToH37Rv.asm10.cram	https://pub-4ffd5d52d77a41f7b1f7021fbd09c3d2.r2.dev/samples/Mtb151/mada_1-51/mada_1-51.mm2.AsmToH37Rv.asm10.cram	883891	2026-07-20T14:01:39Z
sample	Mtb151	mada_1-53	lr_100x_crai	samples/Mtb151/mada_1-53/mada_1-53.LR.AlnToH37Rv.Subsample100x.cram.crai	https://pub-4ffd5d52d77a41f7b1f7021fbd09c3d2.r2.dev/samples/Mtb151/mada_1-53/mada_1-53.LR.AlnToH37Rv.Subsample100x.cram.crai	1399	2026-07-23T16:54:30Z
sample	Mtb151	mada_1-53	lr_100x_cram	samples/Mtb151/mada_1-53/mada_1-53.LR.AlnToH37Rv.Subsample100x.cram	https://pub-4ffd5d52d77a41f7b1f7021fbd09c3d2.r2.dev/samples/Mtb151/mada_1-53/mada_1-53.LR.AlnToH37Rv.Subsample100x.cram	159287076	2026-07-23T16:54:27Z
sample	Mtb151	mada_1-53	lr_full_depth_crai	samples/Mtb151/mada_1-53/mada_1-53.LR.AlnToH37Rv.primary_only.cram.crai	https://pub-4ffd5d52d77a41f7b1f7021fbd09c3d2.r2.dev/samples/Mtb151/mada_1-53/mada_1-53.LR.AlnToH37Rv.primary_only.cram.crai	1392	2026-07-20T14:01:52Z
sample	Mtb151	mada_1-53	lr_full_depth_cram	samples/Mtb151/mada_1-53/mada_1-53.LR.AlnToH37Rv.primary_only.cram	https://pub-4ffd5d52d77a41f7b1f7021fbd09c3d2.r2.dev/samples/Mtb151/mada_1-53/mada_1-53.LR.AlnToH37Rv.primary_only.cram	159374092	2026-07-20T14:01:51Z
sample	Mtb151	mada_1-53	asm_crai	samples/Mtb151/mada_1-53/mada_1-53.mm2.AsmToH37Rv.asm10.cram.crai	https://pub-4ffd5d52d77a41f7b1f7021fbd09c3d2.r2.dev/samples/Mtb151/mada_1-53/mada_1-53.mm2.AsmToH37Rv.asm10.cram.crai	66	2026-07-20T14:01:55Z
sample	Mtb151	mada_1-53	asm_cram	samples/Mtb151/mada_1-53/mada_1-53.mm2.AsmToH37Rv.asm10.cram	https://pub-4ffd5d52d77a41f7b1f7021fbd09c3d2.r2.dev/samples/Mtb151/mada_1-53/mada_1-53.mm2.AsmToH37Rv.asm10.cram	744029	2026-07-20T14:01:54Z
sample	Mtb151	mada_102	lr_100x_crai	samples/Mtb151/mada_102/mada_102.LR.AlnToH37Rv.Subsample100x.cram.crai	https://pub-4ffd5d52d77a41f7b1f7021fbd09c3d2.r2.dev/samples/Mtb151/mada_102/mada_102.LR.AlnToH37Rv.Subsample100x.cram.crai	1754	2026-07-23T16:54:52Z
sample	Mtb151	mada_102	lr_100x_cram	samples/Mtb151/mada_102/mada_102.LR.AlnToH37Rv.Subsample100x.cram	https://pub-4ffd5d52d77a41f7b1f7021fbd09c3d2.r2.dev/samples/Mtb151/mada_102/mada_102.LR.AlnToH37Rv.Subsample100x.cram	208235884	2026-07-23T16:54:46Z
sample	Mtb151	mada_102	lr_full_depth_crai	samples/Mtb151/mada_102/mada_102.LR.AlnToH37Rv.primary_only.cram.crai	https://pub-4ffd5d52d77a41f7b1f7021fbd09c3d2.r2.dev/samples/Mtb151/mada_102/mada_102.LR.AlnToH37Rv.primary_only.cram.crai	2665	2026-07-20T13:57:19Z
sample	Mtb151	mada_102	lr_full_depth_cram	samples/Mtb151/mada_102/mada_102.LR.AlnToH37Rv.primary_only.cram	https://pub-4ffd5d52d77a41f7b1f7021fbd09c3d2.r2.dev/samples/Mtb151/mada_102/mada_102.LR.AlnToH37Rv.primary_only.cram	316036390	2026-07-20T13:57:17Z
sample	Mtb151	mada_102	asm_crai	samples/Mtb151/mada_102/mada_102.mm2.AsmToH37Rv.asm10.cram.crai	https://pub-4ffd5d52d77a41f7b1f7021fbd09c3d2.r2.dev/samples/Mtb151/mada_102/mada_102.mm2.AsmToH37Rv.asm10.cram.crai	68	2026-07-20T13:57:21Z
sample	Mtb151	mada_102	asm_cram	samples/Mtb151/mada_102/mada_102.mm2.AsmToH37Rv.asm10.cram	https://pub-4ffd5d52d77a41f7b1f7021fbd09c3d2.r2.dev/samples/Mtb151/mada_102/mada_102.mm2.AsmToH37Rv.asm10.cram	792244	2026-07-20T13:57:20Z
sample	Mtb151	mada_103	lr_100x_crai	samples/Mtb151/mada_103/mada_103.LR.AlnToH37Rv.Subsample100x.cram.crai	https://pub-4ffd5d52d77a41f7b1f7021fbd09c3d2.r2.dev/samples/Mtb151/mada_103/mada_103.LR.AlnToH37Rv.Subsample100x.cram.crai	1875	2026-07-23T16:59:31Z
sample	Mtb151	mada_103	lr_100x_cram	samples/Mtb151/mada_103/mada_103.LR.AlnToH37Rv.Subsample100x.cram	https://pub-4ffd5d52d77a41f7b1f7021fbd09c3d2.r2.dev/samples/Mtb151/mada_103/mada_103.LR.AlnToH37Rv.Subsample100x.cram	211712635	2026-07-23T16:59:28Z
sample	Mtb151	mada_103	lr_full_depth_crai	samples/Mtb151/mada_103/mada_103.LR.AlnToH37Rv.primary_only.cram.crai	https://pub-4ffd5d52d77a41f7b1f7021fbd09c3d2.r2.dev/samples/Mtb151/mada_103/mada_103.LR.AlnToH37Rv.primary_only.cram.crai	2803	2026-07-20T13:57:28Z
sample	Mtb151	mada_103	lr_full_depth_cram	samples/Mtb151/mada_103/mada_103.LR.AlnToH37Rv.primary_only.cram	https://pub-4ffd5d52d77a41f7b1f7021fbd09c3d2.r2.dev/samples/Mtb151/mada_103/mada_103.LR.AlnToH37Rv.primary_only.cram	320020369	2026-07-20T13:57:27Z
sample	Mtb151	mada_103	asm_crai	samples/Mtb151/mada_103/mada_103.mm2.AsmToH37Rv.asm10.cram.crai	https://pub-4ffd5d52d77a41f7b1f7021fbd09c3d2.r2.dev/samples/Mtb151/mada_103/mada_103.mm2.AsmToH37Rv.asm10.cram.crai	68	2026-07-20T13:57:30Z
sample	Mtb151	mada_103	asm_cram	samples/Mtb151/mada_103/mada_103.mm2.AsmToH37Rv.asm10.cram	https://pub-4ffd5d52d77a41f7b1f7021fbd09c3d2.r2.dev/samples/Mtb151/mada_103/mada_103.mm2.AsmToH37Rv.asm10.cram	797948	2026-07-20T13:57:29Z
sample	Mtb151	mada_105	lr_100x_crai	samples/Mtb151/mada_105/mada_105.LR.AlnToH37Rv.Subsample100x.cram.crai	https://pub-4ffd5d52d77a41f7b1f7021fbd09c3d2.r2.dev/samples/Mtb151/mada_105/mada_105.LR.AlnToH37Rv.Subsample100x.cram.crai	1698	2026-07-23T16:59:20Z
sample	Mtb151	mada_105	lr_100x_cram	samples/Mtb151/mada_105/mada_105.LR.AlnToH37Rv.Subsample100x.cram	https://pub-4ffd5d52d77a41f7b1f7021fbd09c3d2.r2.dev/samples/Mtb151/mada_105/mada_105.LR.AlnToH37Rv.Subsample100x.cram	198422769	2026-07-23T16:59:17Z
sample	Mtb151	mada_105	lr_full_depth_crai	samples/Mtb151/mada_105/mada_105.LR.AlnToH37Rv.primary_only.cram.crai	https://pub-4ffd5d52d77a41f7b1f7021fbd09c3d2.r2.dev/samples/Mtb151/mada_105/mada_105.LR.AlnToH37Rv.primary_only.cram.crai	1881	2026-07-20T13:57:35Z
sample	Mtb151	mada_105	lr_full_depth_cram	samples/Mtb151/mada_105/mada_105.LR.AlnToH37Rv.primary_only.cram	https://pub-4ffd5d52d77a41f7b1f7021fbd09c3d2.r2.dev/samples/Mtb151/mada_105/mada_105.LR.AlnToH37Rv.primary_only.cram	220898500	2026-07-20T13:57:34Z
sample	Mtb151	mada_105	asm_crai	samples/Mtb151/mada_105/mada_105.mm2.AsmToH37Rv.asm10.cram.crai	https://pub-4ffd5d52d77a41f7b1f7021fbd09c3d2.r2.dev/samples/Mtb151/mada_105/mada_105.mm2.AsmToH37Rv.asm10.cram.crai	67	2026-07-20T13:57:37Z
sample	Mtb151	mada_105	asm_cram	samples/Mtb151/mada_105/mada_105.mm2.AsmToH37Rv.asm10.cram	https://pub-4ffd5d52d77a41f7b1f7021fbd09c3d2.r2.dev/samples/Mtb151/mada_105/mada_105.mm2.AsmToH37Rv.asm10.cram	748469	2026-07-20T13:57:36Z
sample	Mtb151	mada_107	lr_100x_crai	samples/Mtb151/mada_107/mada_107.LR.AlnToH37Rv.Subsample100x.cram.crai	https://pub-4ffd5d52d77a41f7b1f7021fbd09c3d2.r2.dev/samples/Mtb151/mada_107/mada_107.LR.AlnToH37Rv.Subsample100x.cram.crai	1861	2026-07-23T16:54:12Z
sample	Mtb151	mada_107	lr_100x_cram	samples/Mtb151/mada_107/mada_107.LR.AlnToH37Rv.Subsample100x.cram	https://pub-4ffd5d52d77a41f7b1f7021fbd09c3d2.r2.dev/samples/Mtb151/mada_107/mada_107.LR.AlnToH37Rv.Subsample100x.cram	221864153	2026-07-23T16:54:08Z
sample	Mtb151	mada_107	lr_full_depth_crai	samples/Mtb151/mada_107/mada_107.LR.AlnToH37Rv.primary_only.cram.crai	https://pub-4ffd5d52d77a41f7b1f7021fbd09c3d2.r2.dev/samples/Mtb151/mada_107/mada_107.LR.AlnToH37Rv.primary_only.cram.crai	2201	2026-07-20T13:57:44Z
sample	Mtb151	mada_107	lr_full_depth_cram	samples/Mtb151/mada_107/mada_107.LR.AlnToH37Rv.primary_only.cram	https://pub-4ffd5d52d77a41f7b1f7021fbd09c3d2.r2.dev/samples/Mtb151/mada_107/mada_107.LR.AlnToH37Rv.primary_only.cram	263328733	2026-07-20T13:57:43Z
sample	Mtb151	mada_107	asm_crai	samples/Mtb151/mada_107/mada_107.mm2.AsmToH37Rv.asm10.cram.crai	https://pub-4ffd5d52d77a41f7b1f7021fbd09c3d2.r2.dev/samples/Mtb151/mada_107/mada_107.mm2.AsmToH37Rv.asm10.cram.crai	49	2026-07-20T13:57:48Z
sample	Mtb151	mada_107	asm_cram	samples/Mtb151/mada_107/mada_107.mm2.AsmToH37Rv.asm10.cram	https://pub-4ffd5d52d77a41f7b1f7021fbd09c3d2.r2.dev/samples/Mtb151/mada_107/mada_107.mm2.AsmToH37Rv.asm10.cram	895819	2026-07-20T13:57:46Z
sample	Mtb151	mada_112	lr_100x_crai	samples/Mtb151/mada_112/mada_112.LR.AlnToH37Rv.Subsample100x.cram.crai	https://pub-4ffd5d52d77a41f7b1f7021fbd09c3d2.r2.dev/samples/Mtb151/mada_112/mada_112.LR.AlnToH37Rv.Subsample100x.cram.crai	1758	2026-07-23T16:55:45Z
sample	Mtb151	mada_112	lr_100x_cram	samples/Mtb151/mada_112/mada_112.LR.AlnToH37Rv.Subsample100x.cram	https://pub-4ffd5d52d77a41f7b1f7021fbd09c3d2.r2.dev/samples/Mtb151/mada_112/mada_112.LR.AlnToH37Rv.Subsample100x.cram	206286955	2026-07-23T16:55:38Z
sample	Mtb151	mada_112	lr_full_depth_crai	samples/Mtb151/mada_112/mada_112.LR.AlnToH37Rv.primary_only.cram.crai	https://pub-4ffd5d52d77a41f7b1f7021fbd09c3d2.r2.dev/samples/Mtb151/mada_112/mada_112.LR.AlnToH37Rv.primary_only.cram.crai	2672	2026-07-20T13:58:33Z
sample	Mtb151	mada_112	lr_full_depth_cram	samples/Mtb151/mada_112/mada_112.LR.AlnToH37Rv.primary_only.cram	https://pub-4ffd5d52d77a41f7b1f7021fbd09c3d2.r2.dev/samples/Mtb151/mada_112/mada_112.LR.AlnToH37Rv.primary_only.cram	312110425	2026-07-20T13:58:32Z
sample	Mtb151	mada_112	asm_crai	samples/Mtb151/mada_112/mada_112.mm2.AsmToH37Rv.asm10.cram.crai	https://pub-4ffd5d52d77a41f7b1f7021fbd09c3d2.r2.dev/samples/Mtb151/mada_112/mada_112.mm2.AsmToH37Rv.asm10.cram.crai	67	2026-07-20T13:58:35Z
sample	Mtb151	mada_112	asm_cram	samples/Mtb151/mada_112/mada_112.mm2.AsmToH37Rv.asm10.cram	https://pub-4ffd5d52d77a41f7b1f7021fbd09c3d2.r2.dev/samples/Mtb151/mada_112/mada_112.mm2.AsmToH37Rv.asm10.cram	798454	2026-07-20T13:58:34Z
sample	Mtb151	mada_115	lr_100x_crai	samples/Mtb151/mada_115/mada_115.LR.AlnToH37Rv.Subsample100x.cram.crai	https://pub-4ffd5d52d77a41f7b1f7021fbd09c3d2.r2.dev/samples/Mtb151/mada_115/mada_115.LR.AlnToH37Rv.Subsample100x.cram.crai	1699	2026-07-23T16:59:45Z
sample	Mtb151	mada_115	lr_100x_cram	samples/Mtb151/mada_115/mada_115.LR.AlnToH37Rv.Subsample100x.cram	https://pub-4ffd5d52d77a41f7b1f7021fbd09c3d2.r2.dev/samples/Mtb151/mada_115/mada_115.LR.AlnToH37Rv.Subsample100x.cram	199756458	2026-07-23T16:59:41Z
sample	Mtb151	mada_115	lr_full_depth_crai	samples/Mtb151/mada_115/mada_115.LR.AlnToH37Rv.primary_only.cram.crai	https://pub-4ffd5d52d77a41f7b1f7021fbd09c3d2.r2.dev/samples/Mtb151/mada_115/mada_115.LR.AlnToH37Rv.primary_only.cram.crai	1879	2026-07-20T13:58:49Z
sample	Mtb151	mada_115	lr_full_depth_cram	samples/Mtb151/mada_115/mada_115.LR.AlnToH37Rv.primary_only.cram	https://pub-4ffd5d52d77a41f7b1f7021fbd09c3d2.r2.dev/samples/Mtb151/mada_115/mada_115.LR.AlnToH37Rv.primary_only.cram	222614088	2026-07-20T13:58:47Z
sample	Mtb151	mada_115	asm_crai	samples/Mtb151/mada_115/mada_115.mm2.AsmToH37Rv.asm10.cram.crai	https://pub-4ffd5d52d77a41f7b1f7021fbd09c3d2.r2.dev/samples/Mtb151/mada_115/mada_115.mm2.AsmToH37Rv.asm10.cram.crai	68	2026-07-20T13:58:52Z
sample	Mtb151	mada_115	asm_cram	samples/Mtb151/mada_115/mada_115.mm2.AsmToH37Rv.asm10.cram	https://pub-4ffd5d52d77a41f7b1f7021fbd09c3d2.r2.dev/samples/Mtb151/mada_115/mada_115.mm2.AsmToH37Rv.asm10.cram	824849	2026-07-20T13:58:51Z
sample	Mtb151	mada_117	lr_100x_crai	samples/Mtb151/mada_117/mada_117.LR.AlnToH37Rv.Subsample100x.cram.crai	https://pub-4ffd5d52d77a41f7b1f7021fbd09c3d2.r2.dev/samples/Mtb151/mada_117/mada_117.LR.AlnToH37Rv.Subsample100x.cram.crai	1884	2026-07-23T16:56:52Z
sample	Mtb151	mada_117	lr_100x_cram	samples/Mtb151/mada_117/mada_117.LR.AlnToH37Rv.Subsample100x.cram	https://pub-4ffd5d52d77a41f7b1f7021fbd09c3d2.r2.dev/samples/Mtb151/mada_117/mada_117.LR.AlnToH37Rv.Subsample100x.cram	216355397	2026-07-23T16:56:44Z
sample	Mtb151	mada_117	lr_full_depth_crai	samples/Mtb151/mada_117/mada_117.LR.AlnToH37Rv.primary_only.cram.crai	https://pub-4ffd5d52d77a41f7b1f7021fbd09c3d2.r2.dev/samples/Mtb151/mada_117/mada_117.LR.AlnToH37Rv.primary_only.cram.crai	2812	2026-07-20T13:58:58Z
sample	Mtb151	mada_117	lr_full_depth_cram	samples/Mtb151/mada_117/mada_117.LR.AlnToH37Rv.primary_only.cram	https://pub-4ffd5d52d77a41f7b1f7021fbd09c3d2.r2.dev/samples/Mtb151/mada_117/mada_117.LR.AlnToH37Rv.primary_only.cram	322668206	2026-07-20T13:58:57Z
sample	Mtb151	mada_117	asm_crai	samples/Mtb151/mada_117/mada_117.mm2.AsmToH37Rv.asm10.cram.crai	https://pub-4ffd5d52d77a41f7b1f7021fbd09c3d2.r2.dev/samples/Mtb151/mada_117/mada_117.mm2.AsmToH37Rv.asm10.cram.crai	69	2026-07-20T13:59:01Z
sample	Mtb151	mada_117	asm_cram	samples/Mtb151/mada_117/mada_117.mm2.AsmToH37Rv.asm10.cram	https://pub-4ffd5d52d77a41f7b1f7021fbd09c3d2.r2.dev/samples/Mtb151/mada_117/mada_117.mm2.AsmToH37Rv.asm10.cram	882138	2026-07-20T13:59:00Z
sample	Mtb151	mada_118	lr_100x_crai	samples/Mtb151/mada_118/mada_118.LR.AlnToH37Rv.Subsample100x.cram.crai	https://pub-4ffd5d52d77a41f7b1f7021fbd09c3d2.r2.dev/samples/Mtb151/mada_118/mada_118.LR.AlnToH37Rv.Subsample100x.cram.crai	1906	2026-07-23T16:58:20Z
sample	Mtb151	mada_118	lr_100x_cram	samples/Mtb151/mada_118/mada_118.LR.AlnToH37Rv.Subsample100x.cram	https://pub-4ffd5d52d77a41f7b1f7021fbd09c3d2.r2.dev/samples/Mtb151/mada_118/mada_118.LR.AlnToH37Rv.Subsample100x.cram	220086672	2026-07-23T16:58:17Z
sample	Mtb151	mada_118	lr_full_depth_crai	samples/Mtb151/mada_118/mada_118.LR.AlnToH37Rv.primary_only.cram.crai	https://pub-4ffd5d52d77a41f7b1f7021fbd09c3d2.r2.dev/samples/Mtb151/mada_118/mada_118.LR.AlnToH37Rv.primary_only.cram.crai	2808	2026-07-20T13:59:07Z
sample	Mtb151	mada_118	lr_full_depth_cram	samples/Mtb151/mada_118/mada_118.LR.AlnToH37Rv.primary_only.cram	https://pub-4ffd5d52d77a41f7b1f7021fbd09c3d2.r2.dev/samples/Mtb151/mada_118/mada_118.LR.AlnToH37Rv.primary_only.cram	323864168	2026-07-20T13:59:06Z
sample	Mtb151	mada_118	asm_crai	samples/Mtb151/mada_118/mada_118.mm2.AsmToH37Rv.asm10.cram.crai	https://pub-4ffd5d52d77a41f7b1f7021fbd09c3d2.r2.dev/samples/Mtb151/mada_118/mada_118.mm2.AsmToH37Rv.asm10.cram.crai	67	2026-07-20T13:59:10Z
sample	Mtb151	mada_118	asm_cram	samples/Mtb151/mada_118/mada_118.mm2.AsmToH37Rv.asm10.cram	https://pub-4ffd5d52d77a41f7b1f7021fbd09c3d2.r2.dev/samples/Mtb151/mada_118/mada_118.mm2.AsmToH37Rv.asm10.cram	804565	2026-07-20T13:59:09Z
sample	Mtb151	mada_120	lr_100x_crai	samples/Mtb151/mada_120/mada_120.LR.AlnToH37Rv.Subsample100x.cram.crai	https://pub-4ffd5d52d77a41f7b1f7021fbd09c3d2.r2.dev/samples/Mtb151/mada_120/mada_120.LR.AlnToH37Rv.Subsample100x.cram.crai	1854	2026-07-23T16:54:03Z
sample	Mtb151	mada_120	lr_100x_cram	samples/Mtb151/mada_120/mada_120.LR.AlnToH37Rv.Subsample100x.cram	https://pub-4ffd5d52d77a41f7b1f7021fbd09c3d2.r2.dev/samples/Mtb151/mada_120/mada_120.LR.AlnToH37Rv.Subsample100x.cram	208329454	2026-07-23T16:53:59Z
sample	Mtb151	mada_120	lr_full_depth_crai	samples/Mtb151/mada_120/mada_120.LR.AlnToH37Rv.primary_only.cram.crai	https://pub-4ffd5d52d77a41f7b1f7021fbd09c3d2.r2.dev/samples/Mtb151/mada_120/mada_120.LR.AlnToH37Rv.primary_only.cram.crai	2816	2026-07-20T13:59:16Z
sample	Mtb151	mada_120	lr_full_depth_cram	samples/Mtb151/mada_120/mada_120.LR.AlnToH37Rv.primary_only.cram	https://pub-4ffd5d52d77a41f7b1f7021fbd09c3d2.r2.dev/samples/Mtb151/mada_120/mada_120.LR.AlnToH37Rv.primary_only.cram	318655267	2026-07-20T13:59:14Z
sample	Mtb151	mada_120	asm_crai	samples/Mtb151/mada_120/mada_120.mm2.AsmToH37Rv.asm10.cram.crai	https://pub-4ffd5d52d77a41f7b1f7021fbd09c3d2.r2.dev/samples/Mtb151/mada_120/mada_120.mm2.AsmToH37Rv.asm10.cram.crai	67	2026-07-20T13:59:18Z
sample	Mtb151	mada_120	asm_cram	samples/Mtb151/mada_120/mada_120.mm2.AsmToH37Rv.asm10.cram	https://pub-4ffd5d52d77a41f7b1f7021fbd09c3d2.r2.dev/samples/Mtb151/mada_120/mada_120.mm2.AsmToH37Rv.asm10.cram	839016	2026-07-20T13:59:17Z
sample	Mtb151	mada_122	lr_100x_crai	samples/Mtb151/mada_122/mada_122.LR.AlnToH37Rv.Subsample100x.cram.crai	https://pub-4ffd5d52d77a41f7b1f7021fbd09c3d2.r2.dev/samples/Mtb151/mada_122/mada_122.LR.AlnToH37Rv.Subsample100x.cram.crai	1742	2026-07-23T16:56:18Z
sample	Mtb151	mada_122	lr_100x_cram	samples/Mtb151/mada_122/mada_122.LR.AlnToH37Rv.Subsample100x.cram	https://pub-4ffd5d52d77a41f7b1f7021fbd09c3d2.r2.dev/samples/Mtb151/mada_122/mada_122.LR.AlnToH37Rv.Subsample100x.cram	206514201	2026-07-23T16:56:15Z
sample	Mtb151	mada_122	lr_full_depth_crai	samples/Mtb151/mada_122/mada_122.LR.AlnToH37Rv.primary_only.cram.crai	https://pub-4ffd5d52d77a41f7b1f7021fbd09c3d2.r2.dev/samples/Mtb151/mada_122/mada_122.LR.AlnToH37Rv.primary_only.cram.crai	2128	2026-07-20T13:59:24Z
sample	Mtb151	mada_122	lr_full_depth_cram	samples/Mtb151/mada_122/mada_122.LR.AlnToH37Rv.primary_only.cram	https://pub-4ffd5d52d77a41f7b1f7021fbd09c3d2.r2.dev/samples/Mtb151/mada_122/mada_122.LR.AlnToH37Rv.primary_only.cram	253917593	2026-07-20T13:59:23Z
sample	Mtb151	mada_122	asm_crai	samples/Mtb151/mada_122/mada_122.mm2.AsmToH37Rv.asm10.cram.crai	https://pub-4ffd5d52d77a41f7b1f7021fbd09c3d2.r2.dev/samples/Mtb151/mada_122/mada_122.mm2.AsmToH37Rv.asm10.cram.crai	66	2026-07-20T13:59:26Z
sample	Mtb151	mada_122	asm_cram	samples/Mtb151/mada_122/mada_122.mm2.AsmToH37Rv.asm10.cram	https://pub-4ffd5d52d77a41f7b1f7021fbd09c3d2.r2.dev/samples/Mtb151/mada_122/mada_122.mm2.AsmToH37Rv.asm10.cram	883835	2026-07-20T13:59:25Z
sample	Mtb151	mada_123	lr_100x_crai	samples/Mtb151/mada_123/mada_123.LR.AlnToH37Rv.Subsample100x.cram.crai	https://pub-4ffd5d52d77a41f7b1f7021fbd09c3d2.r2.dev/samples/Mtb151/mada_123/mada_123.LR.AlnToH37Rv.Subsample100x.cram.crai	780	2026-07-23T16:56:26Z
sample	Mtb151	mada_123	lr_100x_cram	samples/Mtb151/mada_123/mada_123.LR.AlnToH37Rv.Subsample100x.cram	https://pub-4ffd5d52d77a41f7b1f7021fbd09c3d2.r2.dev/samples/Mtb151/mada_123/mada_123.LR.AlnToH37Rv.Subsample100x.cram	89852314	2026-07-23T16:56:23Z
sample	Mtb151	mada_123	lr_full_depth_crai	samples/Mtb151/mada_123/mada_123.LR.AlnToH37Rv.primary_only.cram.crai	https://pub-4ffd5d52d77a41f7b1f7021fbd09c3d2.r2.dev/samples/Mtb151/mada_123/mada_123.LR.AlnToH37Rv.primary_only.cram.crai	777	2026-07-20T13:59:31Z
sample	Mtb151	mada_123	lr_full_depth_cram	samples/Mtb151/mada_123/mada_123.LR.AlnToH37Rv.primary_only.cram	https://pub-4ffd5d52d77a41f7b1f7021fbd09c3d2.r2.dev/samples/Mtb151/mada_123/mada_123.LR.AlnToH37Rv.primary_only.cram	89852623	2026-07-20T13:59:30Z
sample	Mtb151	mada_123	asm_crai	samples/Mtb151/mada_123/mada_123.mm2.AsmToH37Rv.asm10.cram.crai	https://pub-4ffd5d52d77a41f7b1f7021fbd09c3d2.r2.dev/samples/Mtb151/mada_123/mada_123.mm2.AsmToH37Rv.asm10.cram.crai	66	2026-07-20T13:59:34Z
sample	Mtb151	mada_123	asm_cram	samples/Mtb151/mada_123/mada_123.mm2.AsmToH37Rv.asm10.cram	https://pub-4ffd5d52d77a41f7b1f7021fbd09c3d2.r2.dev/samples/Mtb151/mada_123/mada_123.mm2.AsmToH37Rv.asm10.cram	743637	2026-07-20T13:59:32Z
sample	Mtb151	mada_124	lr_100x_crai	samples/Mtb151/mada_124/mada_124.LR.AlnToH37Rv.Subsample100x.cram.crai	https://pub-4ffd5d52d77a41f7b1f7021fbd09c3d2.r2.dev/samples/Mtb151/mada_124/mada_124.LR.AlnToH37Rv.Subsample100x.cram.crai	1904	2026-07-23T16:57:13Z
sample	Mtb151	mada_124	lr_100x_cram	samples/Mtb151/mada_124/mada_124.LR.AlnToH37Rv.Subsample100x.cram	https://pub-4ffd5d52d77a41f7b1f7021fbd09c3d2.r2.dev/samples/Mtb151/mada_124/mada_124.LR.AlnToH37Rv.Subsample100x.cram	218420288	2026-07-23T16:57:09Z
sample	Mtb151	mada_124	lr_full_depth_crai	samples/Mtb151/mada_124/mada_124.LR.AlnToH37Rv.primary_only.cram.crai	https://pub-4ffd5d52d77a41f7b1f7021fbd09c3d2.r2.dev/samples/Mtb151/mada_124/mada_124.LR.AlnToH37Rv.primary_only.cram.crai	2809	2026-07-20T13:59:41Z
sample	Mtb151	mada_124	lr_full_depth_cram	samples/Mtb151/mada_124/mada_124.LR.AlnToH37Rv.primary_only.cram	https://pub-4ffd5d52d77a41f7b1f7021fbd09c3d2.r2.dev/samples/Mtb151/mada_124/mada_124.LR.AlnToH37Rv.primary_only.cram	322967046	2026-07-20T13:59:40Z
sample	Mtb151	mada_124	asm_crai	samples/Mtb151/mada_124/mada_124.mm2.AsmToH37Rv.asm10.cram.crai	https://pub-4ffd5d52d77a41f7b1f7021fbd09c3d2.r2.dev/samples/Mtb151/mada_124/mada_124.mm2.AsmToH37Rv.asm10.cram.crai	66	2026-07-20T13:59:44Z
sample	Mtb151	mada_124	asm_cram	samples/Mtb151/mada_124/mada_124.mm2.AsmToH37Rv.asm10.cram	https://pub-4ffd5d52d77a41f7b1f7021fbd09c3d2.r2.dev/samples/Mtb151/mada_124/mada_124.mm2.AsmToH37Rv.asm10.cram	798608	2026-07-20T13:59:43Z
sample	Mtb151	mada_126	lr_100x_crai	samples/Mtb151/mada_126/mada_126.LR.AlnToH37Rv.Subsample100x.cram.crai	https://pub-4ffd5d52d77a41f7b1f7021fbd09c3d2.r2.dev/samples/Mtb151/mada_126/mada_126.LR.AlnToH37Rv.Subsample100x.cram.crai	1765	2026-07-23T16:56:10Z
sample	Mtb151	mada_126	lr_100x_cram	samples/Mtb151/mada_126/mada_126.LR.AlnToH37Rv.Subsample100x.cram	https://pub-4ffd5d52d77a41f7b1f7021fbd09c3d2.r2.dev/samples/Mtb151/mada_126/mada_126.LR.AlnToH37Rv.Subsample100x.cram	208332372	2026-07-23T16:56:06Z
sample	Mtb151	mada_126	lr_full_depth_crai	samples/Mtb151/mada_126/mada_126.LR.AlnToH37Rv.primary_only.cram.crai	https://pub-4ffd5d52d77a41f7b1f7021fbd09c3d2.r2.dev/samples/Mtb151/mada_126/mada_126.LR.AlnToH37Rv.primary_only.cram.crai	2341	2026-07-20T13:59:51Z
sample	Mtb151	mada_126	lr_full_depth_cram	samples/Mtb151/mada_126/mada_126.LR.AlnToH37Rv.primary_only.cram	https://pub-4ffd5d52d77a41f7b1f7021fbd09c3d2.r2.dev/samples/Mtb151/mada_126/mada_126.LR.AlnToH37Rv.primary_only.cram	276412276	2026-07-20T13:59:48Z
sample	Mtb151	mada_126	asm_crai	samples/Mtb151/mada_126/mada_126.mm2.AsmToH37Rv.asm10.cram.crai	https://pub-4ffd5d52d77a41f7b1f7021fbd09c3d2.r2.dev/samples/Mtb151/mada_126/mada_126.mm2.AsmToH37Rv.asm10.cram.crai	67	2026-07-20T13:59:54Z
sample	Mtb151	mada_126	asm_cram	samples/Mtb151/mada_126/mada_126.mm2.AsmToH37Rv.asm10.cram	https://pub-4ffd5d52d77a41f7b1f7021fbd09c3d2.r2.dev/samples/Mtb151/mada_126/mada_126.mm2.AsmToH37Rv.asm10.cram	837492	2026-07-20T13:59:53Z
sample	Mtb151	mada_128	lr_100x_crai	samples/Mtb151/mada_128/mada_128.LR.AlnToH37Rv.Subsample100x.cram.crai	https://pub-4ffd5d52d77a41f7b1f7021fbd09c3d2.r2.dev/samples/Mtb151/mada_128/mada_128.LR.AlnToH37Rv.Subsample100x.cram.crai	1759	2026-07-23T16:55:21Z
sample	Mtb151	mada_128	lr_100x_cram	samples/Mtb151/mada_128/mada_128.LR.AlnToH37Rv.Subsample100x.cram	https://pub-4ffd5d52d77a41f7b1f7021fbd09c3d2.r2.dev/samples/Mtb151/mada_128/mada_128.LR.AlnToH37Rv.Subsample100x.cram	205976630	2026-07-23T16:55:17Z
sample	Mtb151	mada_128	lr_full_depth_crai	samples/Mtb151/mada_128/mada_128.LR.AlnToH37Rv.primary_only.cram.crai	https://pub-4ffd5d52d77a41f7b1f7021fbd09c3d2.r2.dev/samples/Mtb151/mada_128/mada_128.LR.AlnToH37Rv.primary_only.cram.crai	2159	2026-07-20T14:00:00Z
sample	Mtb151	mada_128	lr_full_depth_cram	samples/Mtb151/mada_128/mada_128.LR.AlnToH37Rv.primary_only.cram	https://pub-4ffd5d52d77a41f7b1f7021fbd09c3d2.r2.dev/samples/Mtb151/mada_128/mada_128.LR.AlnToH37Rv.primary_only.cram	254772979	2026-07-20T13:59:59Z
sample	Mtb151	mada_128	asm_crai	samples/Mtb151/mada_128/mada_128.mm2.AsmToH37Rv.asm10.cram.crai	https://pub-4ffd5d52d77a41f7b1f7021fbd09c3d2.r2.dev/samples/Mtb151/mada_128/mada_128.mm2.AsmToH37Rv.asm10.cram.crai	67	2026-07-20T14:00:02Z
sample	Mtb151	mada_128	asm_cram	samples/Mtb151/mada_128/mada_128.mm2.AsmToH37Rv.asm10.cram	https://pub-4ffd5d52d77a41f7b1f7021fbd09c3d2.r2.dev/samples/Mtb151/mada_128/mada_128.mm2.AsmToH37Rv.asm10.cram	744008	2026-07-20T14:00:01Z
sample	Mtb151	mada_129	lr_100x_crai	samples/Mtb151/mada_129/mada_129.LR.AlnToH37Rv.Subsample100x.cram.crai	https://pub-4ffd5d52d77a41f7b1f7021fbd09c3d2.r2.dev/samples/Mtb151/mada_129/mada_129.LR.AlnToH37Rv.Subsample100x.cram.crai	1708	2026-07-23T16:58:12Z
sample	Mtb151	mada_129	lr_100x_cram	samples/Mtb151/mada_129/mada_129.LR.AlnToH37Rv.Subsample100x.cram	https://pub-4ffd5d52d77a41f7b1f7021fbd09c3d2.r2.dev/samples/Mtb151/mada_129/mada_129.LR.AlnToH37Rv.Subsample100x.cram	198154347	2026-07-23T16:58:08Z
sample	Mtb151	mada_129	lr_full_depth_crai	samples/Mtb151/mada_129/mada_129.LR.AlnToH37Rv.primary_only.cram.crai	https://pub-4ffd5d52d77a41f7b1f7021fbd09c3d2.r2.dev/samples/Mtb151/mada_129/mada_129.LR.AlnToH37Rv.primary_only.cram.crai	1952	2026-07-20T14:00:09Z
sample	Mtb151	mada_129	lr_full_depth_cram	samples/Mtb151/mada_129/mada_129.LR.AlnToH37Rv.primary_only.cram	https://pub-4ffd5d52d77a41f7b1f7021fbd09c3d2.r2.dev/samples/Mtb151/mada_129/mada_129.LR.AlnToH37Rv.primary_only.cram	229719189	2026-07-20T14:00:08Z
sample	Mtb151	mada_129	asm_crai	samples/Mtb151/mada_129/mada_129.mm2.AsmToH37Rv.asm10.cram.crai	https://pub-4ffd5d52d77a41f7b1f7021fbd09c3d2.r2.dev/samples/Mtb151/mada_129/mada_129.mm2.AsmToH37Rv.asm10.cram.crai	68	2026-07-20T14:00:12Z
sample	Mtb151	mada_129	asm_cram	samples/Mtb151/mada_129/mada_129.mm2.AsmToH37Rv.asm10.cram	https://pub-4ffd5d52d77a41f7b1f7021fbd09c3d2.r2.dev/samples/Mtb151/mada_129/mada_129.mm2.AsmToH37Rv.asm10.cram	800058	2026-07-20T14:00:11Z
sample	Mtb151	mada_139	lr_100x_crai	samples/Mtb151/mada_139/mada_139.LR.AlnToH37Rv.Subsample100x.cram.crai	https://pub-4ffd5d52d77a41f7b1f7021fbd09c3d2.r2.dev/samples/Mtb151/mada_139/mada_139.LR.AlnToH37Rv.Subsample100x.cram.crai	1780	2026-07-23T16:57:34Z
sample	Mtb151	mada_139	lr_100x_cram	samples/Mtb151/mada_139/mada_139.LR.AlnToH37Rv.Subsample100x.cram	https://pub-4ffd5d52d77a41f7b1f7021fbd09c3d2.r2.dev/samples/Mtb151/mada_139/mada_139.LR.AlnToH37Rv.Subsample100x.cram	208168222	2026-07-23T16:57:31Z
sample	Mtb151	mada_139	lr_full_depth_crai	samples/Mtb151/mada_139/mada_139.LR.AlnToH37Rv.primary_only.cram.crai	https://pub-4ffd5d52d77a41f7b1f7021fbd09c3d2.r2.dev/samples/Mtb151/mada_139/mada_139.LR.AlnToH37Rv.primary_only.cram.crai	2393	2026-07-20T14:01:04Z
sample	Mtb151	mada_139	lr_full_depth_cram	samples/Mtb151/mada_139/mada_139.LR.AlnToH37Rv.primary_only.cram	https://pub-4ffd5d52d77a41f7b1f7021fbd09c3d2.r2.dev/samples/Mtb151/mada_139/mada_139.LR.AlnToH37Rv.primary_only.cram	282252824	2026-07-20T14:01:02Z
sample	Mtb151	mada_139	asm_crai	samples/Mtb151/mada_139/mada_139.mm2.AsmToH37Rv.asm10.cram.crai	https://pub-4ffd5d52d77a41f7b1f7021fbd09c3d2.r2.dev/samples/Mtb151/mada_139/mada_139.mm2.AsmToH37Rv.asm10.cram.crai	69	2026-07-20T14:01:06Z
sample	Mtb151	mada_139	asm_cram	samples/Mtb151/mada_139/mada_139.mm2.AsmToH37Rv.asm10.cram	https://pub-4ffd5d52d77a41f7b1f7021fbd09c3d2.r2.dev/samples/Mtb151/mada_139/mada_139.mm2.AsmToH37Rv.asm10.cram	798615	2026-07-20T14:01:05Z
sample	Mtb151	mada_151	lr_100x_crai	samples/Mtb151/mada_151/mada_151.LR.AlnToH37Rv.Subsample100x.cram.crai	https://pub-4ffd5d52d77a41f7b1f7021fbd09c3d2.r2.dev/samples/Mtb151/mada_151/mada_151.LR.AlnToH37Rv.Subsample100x.cram.crai	1753	2026-07-23T16:57:25Z
sample	Mtb151	mada_151	lr_100x_cram	samples/Mtb151/mada_151/mada_151.LR.AlnToH37Rv.Subsample100x.cram	https://pub-4ffd5d52d77a41f7b1f7021fbd09c3d2.r2.dev/samples/Mtb151/mada_151/mada_151.LR.AlnToH37Rv.Subsample100x.cram	207324633	2026-07-23T16:57:22Z
sample	Mtb151	mada_151	lr_full_depth_crai	samples/Mtb151/mada_151/mada_151.LR.AlnToH37Rv.primary_only.cram.crai	https://pub-4ffd5d52d77a41f7b1f7021fbd09c3d2.r2.dev/samples/Mtb151/mada_151/mada_151.LR.AlnToH37Rv.primary_only.cram.crai	2274	2026-07-20T14:01:45Z
sample	Mtb151	mada_151	lr_full_depth_cram	samples/Mtb151/mada_151/mada_151.LR.AlnToH37Rv.primary_only.cram	https://pub-4ffd5d52d77a41f7b1f7021fbd09c3d2.r2.dev/samples/Mtb151/mada_151/mada_151.LR.AlnToH37Rv.primary_only.cram	267785313	2026-07-20T14:01:43Z
sample	Mtb151	mada_151	asm_crai	samples/Mtb151/mada_151/mada_151.mm2.AsmToH37Rv.asm10.cram.crai	https://pub-4ffd5d52d77a41f7b1f7021fbd09c3d2.r2.dev/samples/Mtb151/mada_151/mada_151.mm2.AsmToH37Rv.asm10.cram.crai	67	2026-07-20T14:01:47Z
sample	Mtb151	mada_151	asm_cram	samples/Mtb151/mada_151/mada_151.mm2.AsmToH37Rv.asm10.cram	https://pub-4ffd5d52d77a41f7b1f7021fbd09c3d2.r2.dev/samples/Mtb151/mada_151/mada_151.mm2.AsmToH37Rv.asm10.cram	795251	2026-07-20T14:01:46Z
sample	Mtb151	mada_2-1	lr_100x_crai	samples/Mtb151/mada_2-1/mada_2-1.LR.AlnToH37Rv.Subsample100x.cram.crai	https://pub-4ffd5d52d77a41f7b1f7021fbd09c3d2.r2.dev/samples/Mtb151/mada_2-1/mada_2-1.LR.AlnToH37Rv.Subsample100x.cram.crai	1915	2026-07-23T16:53:42Z
sample	Mtb151	mada_2-1	lr_100x_cram	samples/Mtb151/mada_2-1/mada_2-1.LR.AlnToH37Rv.Subsample100x.cram	https://pub-4ffd5d52d77a41f7b1f7021fbd09c3d2.r2.dev/samples/Mtb151/mada_2-1/mada_2-1.LR.AlnToH37Rv.Subsample100x.cram	229231237	2026-07-23T16:53:35Z
sample	Mtb151	mada_2-1	lr_full_depth_crai	samples/Mtb151/mada_2-1/mada_2-1.LR.AlnToH37Rv.primary_only.cram.crai	https://pub-4ffd5d52d77a41f7b1f7021fbd09c3d2.r2.dev/samples/Mtb151/mada_2-1/mada_2-1.LR.AlnToH37Rv.primary_only.cram.crai	2794	2026-07-20T14:02:02Z
sample	Mtb151	mada_2-1	lr_full_depth_cram	samples/Mtb151/mada_2-1/mada_2-1.LR.AlnToH37Rv.primary_only.cram	https://pub-4ffd5d52d77a41f7b1f7021fbd09c3d2.r2.dev/samples/Mtb151/mada_2-1/mada_2-1.LR.AlnToH37Rv.primary_only.cram	333680799	2026-07-20T14:02:01Z
sample	Mtb151	mada_2-1	asm_crai	samples/Mtb151/mada_2-1/mada_2-1.mm2.AsmToH37Rv.asm10.cram.crai	https://pub-4ffd5d52d77a41f7b1f7021fbd09c3d2.r2.dev/samples/Mtb151/mada_2-1/mada_2-1.mm2.AsmToH37Rv.asm10.cram.crai	67	2026-07-20T14:02:04Z
sample	Mtb151	mada_2-1	asm_cram	samples/Mtb151/mada_2-1/mada_2-1.mm2.AsmToH37Rv.asm10.cram	https://pub-4ffd5d52d77a41f7b1f7021fbd09c3d2.r2.dev/samples/Mtb151/mada_2-1/mada_2-1.mm2.AsmToH37Rv.asm10.cram	743201	2026-07-20T14:02:03Z
sample	Mtb151	mada_2-25	lr_100x_crai	samples/Mtb151/mada_2-25/mada_2-25.LR.AlnToH37Rv.Subsample100x.cram.crai	https://pub-4ffd5d52d77a41f7b1f7021fbd09c3d2.r2.dev/samples/Mtb151/mada_2-25/mada_2-25.LR.AlnToH37Rv.Subsample100x.cram.crai	1829	2026-07-23T16:57:59Z
sample	Mtb151	mada_2-25	lr_100x_cram	samples/Mtb151/mada_2-25/mada_2-25.LR.AlnToH37Rv.Subsample100x.cram	https://pub-4ffd5d52d77a41f7b1f7021fbd09c3d2.r2.dev/samples/Mtb151/mada_2-25/mada_2-25.LR.AlnToH37Rv.Subsample100x.cram	217132497	2026-07-23T16:57:55Z
sample	Mtb151	mada_2-25	lr_full_depth_crai	samples/Mtb151/mada_2-25/mada_2-25.LR.AlnToH37Rv.primary_only.cram.crai	https://pub-4ffd5d52d77a41f7b1f7021fbd09c3d2.r2.dev/samples/Mtb151/mada_2-25/mada_2-25.LR.AlnToH37Rv.primary_only.cram.crai	2016	2026-07-20T14:02:12Z
sample	Mtb151	mada_2-25	lr_full_depth_cram	samples/Mtb151/mada_2-25/mada_2-25.LR.AlnToH37Rv.primary_only.cram	https://pub-4ffd5d52d77a41f7b1f7021fbd09c3d2.r2.dev/samples/Mtb151/mada_2-25/mada_2-25.LR.AlnToH37Rv.primary_only.cram	238997310	2026-07-20T14:02:11Z
sample	Mtb151	mada_2-25	asm_crai	samples/Mtb151/mada_2-25/mada_2-25.mm2.AsmToH37Rv.asm10.cram.crai	https://pub-4ffd5d52d77a41f7b1f7021fbd09c3d2.r2.dev/samples/Mtb151/mada_2-25/mada_2-25.mm2.AsmToH37Rv.asm10.cram.crai	67	2026-07-20T14:02:14Z
sample	Mtb151	mada_2-25	asm_cram	samples/Mtb151/mada_2-25/mada_2-25.mm2.AsmToH37Rv.asm10.cram	https://pub-4ffd5d52d77a41f7b1f7021fbd09c3d2.r2.dev/samples/Mtb151/mada_2-25/mada_2-25.mm2.AsmToH37Rv.asm10.cram	819393	2026-07-20T14:02:13Z
sample	Mtb151	mada_2-31	lr_100x_crai	samples/Mtb151/mada_2-31/mada_2-31.LR.AlnToH37Rv.Subsample100x.cram.crai	https://pub-4ffd5d52d77a41f7b1f7021fbd09c3d2.r2.dev/samples/Mtb151/mada_2-31/mada_2-31.LR.AlnToH37Rv.Subsample100x.cram.crai	659	2026-07-23T16:53:28Z
sample	Mtb151	mada_2-31	lr_100x_cram	samples/Mtb151/mada_2-31/mada_2-31.LR.AlnToH37Rv.Subsample100x.cram	https://pub-4ffd5d52d77a41f7b1f7021fbd09c3d2.r2.dev/samples/Mtb151/mada_2-31/mada_2-31.LR.AlnToH37Rv.Subsample100x.cram	74532193	2026-07-23T16:53:25Z
sample	Mtb151	mada_2-31	lr_full_depth_crai	samples/Mtb151/mada_2-31/mada_2-31.LR.AlnToH37Rv.primary_only.cram.crai	https://pub-4ffd5d52d77a41f7b1f7021fbd09c3d2.r2.dev/samples/Mtb151/mada_2-31/mada_2-31.LR.AlnToH37Rv.primary_only.cram.crai	656	2026-07-20T14:02:18Z
sample	Mtb151	mada_2-31	lr_full_depth_cram	samples/Mtb151/mada_2-31/mada_2-31.LR.AlnToH37Rv.primary_only.cram	https://pub-4ffd5d52d77a41f7b1f7021fbd09c3d2.r2.dev/samples/Mtb151/mada_2-31/mada_2-31.LR.AlnToH37Rv.primary_only.cram	74532310	2026-07-20T14:02:16Z
sample	Mtb151	mada_2-31	asm_crai	samples/Mtb151/mada_2-31/mada_2-31.mm2.AsmToH37Rv.asm10.cram.crai	https://pub-4ffd5d52d77a41f7b1f7021fbd09c3d2.r2.dev/samples/Mtb151/mada_2-31/mada_2-31.mm2.AsmToH37Rv.asm10.cram.crai	66	2026-07-20T14:02:20Z
sample	Mtb151	mada_2-31	asm_cram	samples/Mtb151/mada_2-31/mada_2-31.mm2.AsmToH37Rv.asm10.cram	https://pub-4ffd5d52d77a41f7b1f7021fbd09c3d2.r2.dev/samples/Mtb151/mada_2-31/mada_2-31.mm2.AsmToH37Rv.asm10.cram	800306	2026-07-20T14:02:19Z
sample	Mtb151	mada_2-42	lr_100x_crai	samples/Mtb151/mada_2-42/mada_2-42.LR.AlnToH37Rv.Subsample100x.cram.crai	https://pub-4ffd5d52d77a41f7b1f7021fbd09c3d2.r2.dev/samples/Mtb151/mada_2-42/mada_2-42.LR.AlnToH37Rv.Subsample100x.cram.crai	1858	2026-07-23T16:56:35Z
sample	Mtb151	mada_2-42	lr_100x_cram	samples/Mtb151/mada_2-42/mada_2-42.LR.AlnToH37Rv.Subsample100x.cram	https://pub-4ffd5d52d77a41f7b1f7021fbd09c3d2.r2.dev/samples/Mtb151/mada_2-42/mada_2-42.LR.AlnToH37Rv.Subsample100x.cram	211883388	2026-07-23T16:56:32Z
sample	Mtb151	mada_2-42	lr_full_depth_crai	samples/Mtb151/mada_2-42/mada_2-42.LR.AlnToH37Rv.primary_only.cram.crai	https://pub-4ffd5d52d77a41f7b1f7021fbd09c3d2.r2.dev/samples/Mtb151/mada_2-42/mada_2-42.LR.AlnToH37Rv.primary_only.cram.crai	2840	2026-07-20T14:02:26Z
sample	Mtb151	mada_2-42	lr_full_depth_cram	samples/Mtb151/mada_2-42/mada_2-42.LR.AlnToH37Rv.primary_only.cram	https://pub-4ffd5d52d77a41f7b1f7021fbd09c3d2.r2.dev/samples/Mtb151/mada_2-42/mada_2-42.LR.AlnToH37Rv.primary_only.cram	320660120	2026-07-20T14:02:25Z
sample	Mtb151	mada_2-42	asm_crai	samples/Mtb151/mada_2-42/mada_2-42.mm2.AsmToH37Rv.asm10.cram.crai	https://pub-4ffd5d52d77a41f7b1f7021fbd09c3d2.r2.dev/samples/Mtb151/mada_2-42/mada_2-42.mm2.AsmToH37Rv.asm10.cram.crai	68	2026-07-20T14:02:28Z
sample	Mtb151	mada_2-42	asm_cram	samples/Mtb151/mada_2-42/mada_2-42.mm2.AsmToH37Rv.asm10.cram	https://pub-4ffd5d52d77a41f7b1f7021fbd09c3d2.r2.dev/samples/Mtb151/mada_2-42/mada_2-42.mm2.AsmToH37Rv.asm10.cram	824855	2026-07-20T14:02:27Z
sample	Mtb151	mada_2-46	lr_100x_crai	samples/Mtb151/mada_2-46/mada_2-46.LR.AlnToH37Rv.Subsample100x.cram.crai	https://pub-4ffd5d52d77a41f7b1f7021fbd09c3d2.r2.dev/samples/Mtb151/mada_2-46/mada_2-46.LR.AlnToH37Rv.Subsample100x.cram.crai	1716	2026-07-23T16:55:31Z
sample	Mtb151	mada_2-46	lr_100x_cram	samples/Mtb151/mada_2-46/mada_2-46.LR.AlnToH37Rv.Subsample100x.cram	https://pub-4ffd5d52d77a41f7b1f7021fbd09c3d2.r2.dev/samples/Mtb151/mada_2-46/mada_2-46.LR.AlnToH37Rv.Subsample100x.cram	198523243	2026-07-23T16:55:28Z
sample	Mtb151	mada_2-46	lr_full_depth_crai	samples/Mtb151/mada_2-46/mada_2-46.LR.AlnToH37Rv.primary_only.cram.crai	https://pub-4ffd5d52d77a41f7b1f7021fbd09c3d2.r2.dev/samples/Mtb151/mada_2-46/mada_2-46.LR.AlnToH37Rv.primary_only.cram.crai	2068	2026-07-20T14:02:36Z
sample	Mtb151	mada_2-46	lr_full_depth_cram	samples/Mtb151/mada_2-46/mada_2-46.LR.AlnToH37Rv.primary_only.cram	https://pub-4ffd5d52d77a41f7b1f7021fbd09c3d2.r2.dev/samples/Mtb151/mada_2-46/mada_2-46.LR.AlnToH37Rv.primary_only.cram	240623117	2026-07-20T14:02:35Z
sample	Mtb151	mada_2-46	asm_crai	samples/Mtb151/mada_2-46/mada_2-46.mm2.AsmToH37Rv.asm10.cram.crai	https://pub-4ffd5d52d77a41f7b1f7021fbd09c3d2.r2.dev/samples/Mtb151/mada_2-46/mada_2-46.mm2.AsmToH37Rv.asm10.cram.crai	68	2026-07-20T14:02:38Z
sample	Mtb151	mada_2-46	asm_cram	samples/Mtb151/mada_2-46/mada_2-46.mm2.AsmToH37Rv.asm10.cram	https://pub-4ffd5d52d77a41f7b1f7021fbd09c3d2.r2.dev/samples/Mtb151/mada_2-46/mada_2-46.mm2.AsmToH37Rv.asm10.cram	884153	2026-07-20T14:02:37Z
sample	Mtb151	mada_2-53	lr_100x_crai	samples/Mtb151/mada_2-53/mada_2-53.LR.AlnToH37Rv.Subsample100x.cram.crai	https://pub-4ffd5d52d77a41f7b1f7021fbd09c3d2.r2.dev/samples/Mtb151/mada_2-53/mada_2-53.LR.AlnToH37Rv.Subsample100x.cram.crai	1266	2026-07-23T17:00:10Z
sample	Mtb151	mada_2-53	lr_100x_cram	samples/Mtb151/mada_2-53/mada_2-53.LR.AlnToH37Rv.Subsample100x.cram	https://pub-4ffd5d52d77a41f7b1f7021fbd09c3d2.r2.dev/samples/Mtb151/mada_2-53/mada_2-53.LR.AlnToH37Rv.Subsample100x.cram	152514992	2026-07-23T17:00:05Z
sample	Mtb151	mada_2-53	lr_full_depth_crai	samples/Mtb151/mada_2-53/mada_2-53.LR.AlnToH37Rv.primary_only.cram.crai	https://pub-4ffd5d52d77a41f7b1f7021fbd09c3d2.r2.dev/samples/Mtb151/mada_2-53/mada_2-53.LR.AlnToH37Rv.primary_only.cram.crai	1270	2026-07-20T14:02:43Z
sample	Mtb151	mada_2-53	lr_full_depth_cram	samples/Mtb151/mada_2-53/mada_2-53.LR.AlnToH37Rv.primary_only.cram	https://pub-4ffd5d52d77a41f7b1f7021fbd09c3d2.r2.dev/samples/Mtb151/mada_2-53/mada_2-53.LR.AlnToH37Rv.primary_only.cram	152841280	2026-07-20T14:02:42Z
sample	Mtb151	mada_2-53	asm_crai	samples/Mtb151/mada_2-53/mada_2-53.mm2.AsmToH37Rv.asm10.cram.crai	https://pub-4ffd5d52d77a41f7b1f7021fbd09c3d2.r2.dev/samples/Mtb151/mada_2-53/mada_2-53.mm2.AsmToH37Rv.asm10.cram.crai	67	2026-07-20T14:02:46Z
sample	Mtb151	mada_2-53	asm_cram	samples/Mtb151/mada_2-53/mada_2-53.mm2.AsmToH37Rv.asm10.cram	https://pub-4ffd5d52d77a41f7b1f7021fbd09c3d2.r2.dev/samples/Mtb151/mada_2-53/mada_2-53.mm2.AsmToH37Rv.asm10.cram	743979	2026-07-20T14:02:44Z
sample	TBP22CI	TB3256	lr_100x_crai	samples/TBP22CI/TB3256/TB3256.LR.AlnToH37Rv.Subsample100x.cram.crai	https://pub-4ffd5d52d77a41f7b1f7021fbd09c3d2.r2.dev/samples/TBP22CI/TB3256/TB3256.LR.AlnToH37Rv.Subsample100x.cram.crai	1368	2026-07-23T16:45:53Z
sample	TBP22CI	TB3256	lr_100x_cram	samples/TBP22CI/TB3256/TB3256.LR.AlnToH37Rv.Subsample100x.cram	https://pub-4ffd5d52d77a41f7b1f7021fbd09c3d2.r2.dev/samples/TBP22CI/TB3256/TB3256.LR.AlnToH37Rv.Subsample100x.cram	149907444	2026-07-23T16:45:49Z
sample	TBP22CI	TB3256	lr_full_depth_crai	samples/TBP22CI/TB3256/TB3256.LR.AlnToH37Rv.primary_only.cram.crai	https://pub-4ffd5d52d77a41f7b1f7021fbd09c3d2.r2.dev/samples/TBP22CI/TB3256/TB3256.LR.AlnToH37Rv.primary_only.cram.crai	1399	2026-07-20T14:19:51Z
sample	TBP22CI	TB3256	lr_full_depth_cram	samples/TBP22CI/TB3256/TB3256.LR.AlnToH37Rv.primary_only.cram	https://pub-4ffd5d52d77a41f7b1f7021fbd09c3d2.r2.dev/samples/TBP22CI/TB3256/TB3256.LR.AlnToH37Rv.primary_only.cram	153916155	2026-07-20T14:19:50Z
sample	TBP22CI	TB3256	asm_crai	samples/TBP22CI/TB3256/TB3256.mm2.AsmToH37Rv.asm10.cram.crai	https://pub-4ffd5d52d77a41f7b1f7021fbd09c3d2.r2.dev/samples/TBP22CI/TB3256/TB3256.mm2.AsmToH37Rv.asm10.cram.crai	67	2026-07-20T14:19:54Z
sample	TBP22CI	TB3256	asm_cram	samples/TBP22CI/TB3256/TB3256.mm2.AsmToH37Rv.asm10.cram	https://pub-4ffd5d52d77a41f7b1f7021fbd09c3d2.r2.dev/samples/TBP22CI/TB3256/TB3256.mm2.AsmToH37Rv.asm10.cram	746351	2026-07-20T14:19:53Z
sample	TBP22CI	TB3305	lr_100x_crai	samples/TBP22CI/TB3305/TB3305.LR.AlnToH37Rv.Subsample100x.cram.crai	https://pub-4ffd5d52d77a41f7b1f7021fbd09c3d2.r2.dev/samples/TBP22CI/TB3305/TB3305.LR.AlnToH37Rv.Subsample100x.cram.crai	1591	2026-07-23T16:44:16Z
sample	TBP22CI	TB3305	lr_100x_cram	samples/TBP22CI/TB3305/TB3305.LR.AlnToH37Rv.Subsample100x.cram	https://pub-4ffd5d52d77a41f7b1f7021fbd09c3d2.r2.dev/samples/TBP22CI/TB3305/TB3305.LR.AlnToH37Rv.Subsample100x.cram	108560497	2026-07-23T16:44:12Z
sample	TBP22CI	TB3305	lr_full_depth_crai	samples/TBP22CI/TB3305/TB3305.LR.AlnToH37Rv.primary_only.cram.crai	https://pub-4ffd5d52d77a41f7b1f7021fbd09c3d2.r2.dev/samples/TBP22CI/TB3305/TB3305.LR.AlnToH37Rv.primary_only.cram.crai	2859	2026-07-20T14:18:35Z
sample	TBP22CI	TB3305	lr_full_depth_cram	samples/TBP22CI/TB3305/TB3305.LR.AlnToH37Rv.primary_only.cram	https://pub-4ffd5d52d77a41f7b1f7021fbd09c3d2.r2.dev/samples/TBP22CI/TB3305/TB3305.LR.AlnToH37Rv.primary_only.cram	191161711	2026-07-20T14:18:34Z
sample	TBP22CI	TB3305	asm_crai	samples/TBP22CI/TB3305/TB3305.mm2.AsmToH37Rv.asm10.cram.crai	https://pub-4ffd5d52d77a41f7b1f7021fbd09c3d2.r2.dev/samples/TBP22CI/TB3305/TB3305.mm2.AsmToH37Rv.asm10.cram.crai	68	2026-07-20T14:18:38Z
sample	TBP22CI	TB3305	asm_cram	samples/TBP22CI/TB3305/TB3305.mm2.AsmToH37Rv.asm10.cram	https://pub-4ffd5d52d77a41f7b1f7021fbd09c3d2.r2.dev/samples/TBP22CI/TB3305/TB3305.mm2.AsmToH37Rv.asm10.cram	824012	2026-07-20T14:18:36Z
sample	TBP22CI	TB3572	lr_100x_crai	samples/TBP22CI/TB3572/TB3572.LR.AlnToH37Rv.Subsample100x.cram.crai	https://pub-4ffd5d52d77a41f7b1f7021fbd09c3d2.r2.dev/samples/TBP22CI/TB3572/TB3572.LR.AlnToH37Rv.Subsample100x.cram.crai	1502	2026-07-23T16:46:35Z
sample	TBP22CI	TB3572	lr_100x_cram	samples/TBP22CI/TB3572/TB3572.LR.AlnToH37Rv.Subsample100x.cram	https://pub-4ffd5d52d77a41f7b1f7021fbd09c3d2.r2.dev/samples/TBP22CI/TB3572/TB3572.LR.AlnToH37Rv.Subsample100x.cram	159166938	2026-07-23T16:46:32Z
sample	TBP22CI	TB3572	lr_full_depth_crai	samples/TBP22CI/TB3572/TB3572.LR.AlnToH37Rv.primary_only.cram.crai	https://pub-4ffd5d52d77a41f7b1f7021fbd09c3d2.r2.dev/samples/TBP22CI/TB3572/TB3572.LR.AlnToH37Rv.primary_only.cram.crai	1663	2026-07-20T14:20:20Z
sample	TBP22CI	TB3572	lr_full_depth_cram	samples/TBP22CI/TB3572/TB3572.LR.AlnToH37Rv.primary_only.cram	https://pub-4ffd5d52d77a41f7b1f7021fbd09c3d2.r2.dev/samples/TBP22CI/TB3572/TB3572.LR.AlnToH37Rv.primary_only.cram	177477869	2026-07-20T14:20:18Z
sample	TBP22CI	TB3572	asm_crai	samples/TBP22CI/TB3572/TB3572.mm2.AsmToH37Rv.asm10.cram.crai	https://pub-4ffd5d52d77a41f7b1f7021fbd09c3d2.r2.dev/samples/TBP22CI/TB3572/TB3572.mm2.AsmToH37Rv.asm10.cram.crai	68	2026-07-20T14:20:22Z
sample	TBP22CI	TB3572	asm_cram	samples/TBP22CI/TB3572/TB3572.mm2.AsmToH37Rv.asm10.cram	https://pub-4ffd5d52d77a41f7b1f7021fbd09c3d2.r2.dev/samples/TBP22CI/TB3572/TB3572.mm2.AsmToH37Rv.asm10.cram	791024	2026-07-20T14:20:21Z
sample	TBP22CI	TB3706	lr_100x_crai	samples/TBP22CI/TB3706/TB3706.LR.AlnToH37Rv.Subsample100x.cram.crai	https://pub-4ffd5d52d77a41f7b1f7021fbd09c3d2.r2.dev/samples/TBP22CI/TB3706/TB3706.LR.AlnToH37Rv.Subsample100x.cram.crai	1577	2026-07-23T16:44:29Z
sample	TBP22CI	TB3706	lr_100x_cram	samples/TBP22CI/TB3706/TB3706.LR.AlnToH37Rv.Subsample100x.cram	https://pub-4ffd5d52d77a41f7b1f7021fbd09c3d2.r2.dev/samples/TBP22CI/TB3706/TB3706.LR.AlnToH37Rv.Subsample100x.cram	106968517	2026-07-23T16:44:24Z
sample	TBP22CI	TB3706	lr_full_depth_crai	samples/TBP22CI/TB3706/TB3706.LR.AlnToH37Rv.primary_only.cram.crai	https://pub-4ffd5d52d77a41f7b1f7021fbd09c3d2.r2.dev/samples/TBP22CI/TB3706/TB3706.LR.AlnToH37Rv.primary_only.cram.crai	2101	2026-07-20T14:18:45Z
sample	TBP22CI	TB3706	lr_full_depth_cram	samples/TBP22CI/TB3706/TB3706.LR.AlnToH37Rv.primary_only.cram	https://pub-4ffd5d52d77a41f7b1f7021fbd09c3d2.r2.dev/samples/TBP22CI/TB3706/TB3706.LR.AlnToH37Rv.primary_only.cram	142436903	2026-07-20T14:18:43Z
sample	TBP22CI	TB3706	asm_crai	samples/TBP22CI/TB3706/TB3706.mm2.AsmToH37Rv.asm10.cram.crai	https://pub-4ffd5d52d77a41f7b1f7021fbd09c3d2.r2.dev/samples/TBP22CI/TB3706/TB3706.mm2.AsmToH37Rv.asm10.cram.crai	68	2026-07-20T14:18:47Z
sample	TBP22CI	TB3706	asm_cram	samples/TBP22CI/TB3706/TB3706.mm2.AsmToH37Rv.asm10.cram	https://pub-4ffd5d52d77a41f7b1f7021fbd09c3d2.r2.dev/samples/TBP22CI/TB3706/TB3706.mm2.AsmToH37Rv.asm10.cram	823363	2026-07-20T14:18:46Z
sample	TBP22CI	TB3898	lr_100x_crai	samples/TBP22CI/TB3898/TB3898.LR.AlnToH37Rv.Subsample100x.cram.crai	https://pub-4ffd5d52d77a41f7b1f7021fbd09c3d2.r2.dev/samples/TBP22CI/TB3898/TB3898.LR.AlnToH37Rv.Subsample100x.cram.crai	835	2026-07-23T16:43:46Z
sample	TBP22CI	TB3898	lr_100x_cram	samples/TBP22CI/TB3898/TB3898.LR.AlnToH37Rv.Subsample100x.cram	https://pub-4ffd5d52d77a41f7b1f7021fbd09c3d2.r2.dev/samples/TBP22CI/TB3898/TB3898.LR.AlnToH37Rv.Subsample100x.cram	55814721	2026-07-23T16:43:43Z
sample	TBP22CI	TB3898	lr_full_depth_crai	samples/TBP22CI/TB3898/TB3898.LR.AlnToH37Rv.primary_only.cram.crai	https://pub-4ffd5d52d77a41f7b1f7021fbd09c3d2.r2.dev/samples/TBP22CI/TB3898/TB3898.LR.AlnToH37Rv.primary_only.cram.crai	832	2026-07-20T14:18:11Z
sample	TBP22CI	TB3898	lr_full_depth_cram	samples/TBP22CI/TB3898/TB3898.LR.AlnToH37Rv.primary_only.cram	https://pub-4ffd5d52d77a41f7b1f7021fbd09c3d2.r2.dev/samples/TBP22CI/TB3898/TB3898.LR.AlnToH37Rv.primary_only.cram	55818269	2026-07-20T14:18:10Z
sample	TBP22CI	TB3898	asm_crai	samples/TBP22CI/TB3898/TB3898.mm2.AsmToH37Rv.asm10.cram.crai	https://pub-4ffd5d52d77a41f7b1f7021fbd09c3d2.r2.dev/samples/TBP22CI/TB3898/TB3898.mm2.AsmToH37Rv.asm10.cram.crai	67	2026-07-20T14:18:13Z
sample	TBP22CI	TB3898	asm_cram	samples/TBP22CI/TB3898/TB3898.mm2.AsmToH37Rv.asm10.cram	https://pub-4ffd5d52d77a41f7b1f7021fbd09c3d2.r2.dev/samples/TBP22CI/TB3898/TB3898.mm2.AsmToH37Rv.asm10.cram	857707	2026-07-20T14:18:12Z
sample	TBP22CI	TB4414	lr_100x_crai	samples/TBP22CI/TB4414/TB4414.LR.AlnToH37Rv.Subsample100x.cram.crai	https://pub-4ffd5d52d77a41f7b1f7021fbd09c3d2.r2.dev/samples/TBP22CI/TB4414/TB4414.LR.AlnToH37Rv.Subsample100x.cram.crai	1621	2026-07-23T16:46:01Z
sample	TBP22CI	TB4414	lr_100x_cram	samples/TBP22CI/TB4414/TB4414.LR.AlnToH37Rv.Subsample100x.cram	https://pub-4ffd5d52d77a41f7b1f7021fbd09c3d2.r2.dev/samples/TBP22CI/TB4414/TB4414.LR.AlnToH37Rv.Subsample100x.cram	163679234	2026-07-23T16:45:58Z
sample	TBP22CI	TB4414	lr_full_depth_crai	samples/TBP22CI/TB4414/TB4414.LR.AlnToH37Rv.primary_only.cram.crai	https://pub-4ffd5d52d77a41f7b1f7021fbd09c3d2.r2.dev/samples/TBP22CI/TB4414/TB4414.LR.AlnToH37Rv.primary_only.cram.crai	3221	2026-07-20T14:19:59Z
sample	TBP22CI	TB4414	lr_full_depth_cram	samples/TBP22CI/TB4414/TB4414.LR.AlnToH37Rv.primary_only.cram	https://pub-4ffd5d52d77a41f7b1f7021fbd09c3d2.r2.dev/samples/TBP22CI/TB4414/TB4414.LR.AlnToH37Rv.primary_only.cram	329689719	2026-07-20T14:19:58Z
sample	TBP22CI	TB4414	asm_crai	samples/TBP22CI/TB4414/TB4414.mm2.AsmToH37Rv.asm10.cram.crai	https://pub-4ffd5d52d77a41f7b1f7021fbd09c3d2.r2.dev/samples/TBP22CI/TB4414/TB4414.mm2.AsmToH37Rv.asm10.cram.crai	67	2026-07-20T14:20:01Z
sample	TBP22CI	TB4414	asm_cram	samples/TBP22CI/TB4414/TB4414.mm2.AsmToH37Rv.asm10.cram	https://pub-4ffd5d52d77a41f7b1f7021fbd09c3d2.r2.dev/samples/TBP22CI/TB4414/TB4414.mm2.AsmToH37Rv.asm10.cram	791292	2026-07-20T14:20:00Z
sample	TBP22CI	TB6552	lr_100x_crai	samples/TBP22CI/TB6552/TB6552.LR.AlnToH37Rv.Subsample100x.cram.crai	https://pub-4ffd5d52d77a41f7b1f7021fbd09c3d2.r2.dev/samples/TBP22CI/TB6552/TB6552.LR.AlnToH37Rv.Subsample100x.cram.crai	1598	2026-07-23T16:45:08Z
sample	TBP22CI	TB6552	lr_100x_cram	samples/TBP22CI/TB6552/TB6552.LR.AlnToH37Rv.Subsample100x.cram	https://pub-4ffd5d52d77a41f7b1f7021fbd09c3d2.r2.dev/samples/TBP22CI/TB6552/TB6552.LR.AlnToH37Rv.Subsample100x.cram	184147549	2026-07-23T16:45:03Z
sample	TBP22CI	TB6552	lr_full_depth_crai	samples/TBP22CI/TB6552/TB6552.LR.AlnToH37Rv.primary_only.cram.crai	https://pub-4ffd5d52d77a41f7b1f7021fbd09c3d2.r2.dev/samples/TBP22CI/TB6552/TB6552.LR.AlnToH37Rv.primary_only.cram.crai	2420	2026-07-20T14:19:21Z
sample	TBP22CI	TB6552	lr_full_depth_cram	samples/TBP22CI/TB6552/TB6552.LR.AlnToH37Rv.primary_only.cram	https://pub-4ffd5d52d77a41f7b1f7021fbd09c3d2.r2.dev/samples/TBP22CI/TB6552/TB6552.LR.AlnToH37Rv.primary_only.cram	282374004	2026-07-20T14:19:19Z
sample	TBP22CI	TB6552	asm_crai	samples/TBP22CI/TB6552/TB6552.mm2.AsmToH37Rv.asm10.cram.crai	https://pub-4ffd5d52d77a41f7b1f7021fbd09c3d2.r2.dev/samples/TBP22CI/TB6552/TB6552.mm2.AsmToH37Rv.asm10.cram.crai	68	2026-07-20T14:19:23Z
sample	TBP22CI	TB6552	asm_cram	samples/TBP22CI/TB6552/TB6552.mm2.AsmToH37Rv.asm10.cram	https://pub-4ffd5d52d77a41f7b1f7021fbd09c3d2.r2.dev/samples/TBP22CI/TB6552/TB6552.mm2.AsmToH37Rv.asm10.cram	797522	2026-07-20T14:19:22Z
sample	TBP22CI	TB6596	lr_100x_crai	samples/TBP22CI/TB6596/TB6596.LR.AlnToH37Rv.Subsample100x.cram.crai	https://pub-4ffd5d52d77a41f7b1f7021fbd09c3d2.r2.dev/samples/TBP22CI/TB6596/TB6596.LR.AlnToH37Rv.Subsample100x.cram.crai	1594	2026-07-23T16:46:47Z
sample	TBP22CI	TB6596	lr_100x_cram	samples/TBP22CI/TB6596/TB6596.LR.AlnToH37Rv.Subsample100x.cram	https://pub-4ffd5d52d77a41f7b1f7021fbd09c3d2.r2.dev/samples/TBP22CI/TB6596/TB6596.LR.AlnToH37Rv.Subsample100x.cram	199115478	2026-07-23T16:46:44Z
sample	TBP22CI	TB6596	lr_full_depth_crai	samples/TBP22CI/TB6596/TB6596.LR.AlnToH37Rv.primary_only.cram.crai	https://pub-4ffd5d52d77a41f7b1f7021fbd09c3d2.r2.dev/samples/TBP22CI/TB6596/TB6596.LR.AlnToH37Rv.primary_only.cram.crai	2874	2026-07-20T14:20:28Z
sample	TBP22CI	TB6596	lr_full_depth_cram	samples/TBP22CI/TB6596/TB6596.LR.AlnToH37Rv.primary_only.cram	https://pub-4ffd5d52d77a41f7b1f7021fbd09c3d2.r2.dev/samples/TBP22CI/TB6596/TB6596.LR.AlnToH37Rv.primary_only.cram	360085053	2026-07-20T14:20:27Z
sample	TBP22CI	TB6596	asm_crai	samples/TBP22CI/TB6596/TB6596.mm2.AsmToH37Rv.asm10.cram.crai	https://pub-4ffd5d52d77a41f7b1f7021fbd09c3d2.r2.dev/samples/TBP22CI/TB6596/TB6596.mm2.AsmToH37Rv.asm10.cram.crai	66	2026-07-20T14:20:30Z
sample	TBP22CI	TB6596	asm_cram	samples/TBP22CI/TB6596/TB6596.mm2.AsmToH37Rv.asm10.cram	https://pub-4ffd5d52d77a41f7b1f7021fbd09c3d2.r2.dev/samples/TBP22CI/TB6596/TB6596.mm2.AsmToH37Rv.asm10.cram	728245	2026-07-20T14:20:29Z
sample	TBP22CI	TB6599	lr_100x_crai	samples/TBP22CI/TB6599/TB6599.LR.AlnToH37Rv.Subsample100x.cram.crai	https://pub-4ffd5d52d77a41f7b1f7021fbd09c3d2.r2.dev/samples/TBP22CI/TB6599/TB6599.LR.AlnToH37Rv.Subsample100x.cram.crai	922	2026-07-23T16:46:11Z
sample	TBP22CI	TB6599	lr_100x_cram	samples/TBP22CI/TB6599/TB6599.LR.AlnToH37Rv.Subsample100x.cram	https://pub-4ffd5d52d77a41f7b1f7021fbd09c3d2.r2.dev/samples/TBP22CI/TB6599/TB6599.LR.AlnToH37Rv.Subsample100x.cram	109621594	2026-07-23T16:46:07Z
sample	TBP22CI	TB6599	lr_full_depth_crai	samples/TBP22CI/TB6599/TB6599.LR.AlnToH37Rv.primary_only.cram.crai	https://pub-4ffd5d52d77a41f7b1f7021fbd09c3d2.r2.dev/samples/TBP22CI/TB6599/TB6599.LR.AlnToH37Rv.primary_only.cram.crai	928	2026-07-20T14:20:06Z
sample	TBP22CI	TB6599	lr_full_depth_cram	samples/TBP22CI/TB6599/TB6599.LR.AlnToH37Rv.primary_only.cram	https://pub-4ffd5d52d77a41f7b1f7021fbd09c3d2.r2.dev/samples/TBP22CI/TB6599/TB6599.LR.AlnToH37Rv.primary_only.cram	109623592	2026-07-20T14:20:05Z
sample	TBP22CI	TB6599	asm_crai	samples/TBP22CI/TB6599/TB6599.mm2.AsmToH37Rv.asm10.cram.crai	https://pub-4ffd5d52d77a41f7b1f7021fbd09c3d2.r2.dev/samples/TBP22CI/TB6599/TB6599.mm2.AsmToH37Rv.asm10.cram.crai	67	2026-07-20T14:20:08Z
sample	TBP22CI	TB6599	asm_cram	samples/TBP22CI/TB6599/TB6599.mm2.AsmToH37Rv.asm10.cram	https://pub-4ffd5d52d77a41f7b1f7021fbd09c3d2.r2.dev/samples/TBP22CI/TB6599/TB6599.mm2.AsmToH37Rv.asm10.cram	749258	2026-07-20T14:20:07Z
sample	TBP22CI	TB6733	lr_100x_crai	samples/TBP22CI/TB6733/TB6733.LR.AlnToH37Rv.Subsample100x.cram.crai	https://pub-4ffd5d52d77a41f7b1f7021fbd09c3d2.r2.dev/samples/TBP22CI/TB6733/TB6733.LR.AlnToH37Rv.Subsample100x.cram.crai	1609	2026-07-23T16:43:38Z
sample	TBP22CI	TB6733	lr_100x_cram	samples/TBP22CI/TB6733/TB6733.LR.AlnToH37Rv.Subsample100x.cram	https://pub-4ffd5d52d77a41f7b1f7021fbd09c3d2.r2.dev/samples/TBP22CI/TB6733/TB6733.LR.AlnToH37Rv.Subsample100x.cram	151062269	2026-07-23T16:43:34Z
sample	TBP22CI	TB6733	lr_full_depth_crai	samples/TBP22CI/TB6733/TB6733.LR.AlnToH37Rv.primary_only.cram.crai	https://pub-4ffd5d52d77a41f7b1f7021fbd09c3d2.r2.dev/samples/TBP22CI/TB6733/TB6733.LR.AlnToH37Rv.primary_only.cram.crai	5017	2026-07-20T14:18:05Z
sample	TBP22CI	TB6733	lr_full_depth_cram	samples/TBP22CI/TB6733/TB6733.LR.AlnToH37Rv.primary_only.cram	https://pub-4ffd5d52d77a41f7b1f7021fbd09c3d2.r2.dev/samples/TBP22CI/TB6733/TB6733.LR.AlnToH37Rv.primary_only.cram	480132056	2026-07-20T14:18:04Z
sample	TBP22CI	TB6733	asm_crai	samples/TBP22CI/TB6733/TB6733.mm2.AsmToH37Rv.asm10.cram.crai	https://pub-4ffd5d52d77a41f7b1f7021fbd09c3d2.r2.dev/samples/TBP22CI/TB6733/TB6733.mm2.AsmToH37Rv.asm10.cram.crai	68	2026-07-20T14:18:07Z
sample	TBP22CI	TB6733	asm_cram	samples/TBP22CI/TB6733/TB6733.mm2.AsmToH37Rv.asm10.cram	https://pub-4ffd5d52d77a41f7b1f7021fbd09c3d2.r2.dev/samples/TBP22CI/TB6733/TB6733.mm2.AsmToH37Rv.asm10.cram	816487	2026-07-20T14:18:06Z
sample	TBP22CI	TB6755	lr_100x_crai	samples/TBP22CI/TB6755/TB6755.LR.AlnToH37Rv.Subsample100x.cram.crai	https://pub-4ffd5d52d77a41f7b1f7021fbd09c3d2.r2.dev/samples/TBP22CI/TB6755/TB6755.LR.AlnToH37Rv.Subsample100x.cram.crai	1605	2026-07-23T16:44:37Z
sample	TBP22CI	TB6755	lr_100x_cram	samples/TBP22CI/TB6755/TB6755.LR.AlnToH37Rv.Subsample100x.cram	https://pub-4ffd5d52d77a41f7b1f7021fbd09c3d2.r2.dev/samples/TBP22CI/TB6755/TB6755.LR.AlnToH37Rv.Subsample100x.cram	184183455	2026-07-23T16:44:34Z
sample	TBP22CI	TB6755	lr_full_depth_crai	samples/TBP22CI/TB6755/TB6755.LR.AlnToH37Rv.primary_only.cram.crai	https://pub-4ffd5d52d77a41f7b1f7021fbd09c3d2.r2.dev/samples/TBP22CI/TB6755/TB6755.LR.AlnToH37Rv.primary_only.cram.crai	4905	2026-07-20T14:18:56Z
sample	TBP22CI	TB6755	lr_full_depth_cram	samples/TBP22CI/TB6755/TB6755.LR.AlnToH37Rv.primary_only.cram	https://pub-4ffd5d52d77a41f7b1f7021fbd09c3d2.r2.dev/samples/TBP22CI/TB6755/TB6755.LR.AlnToH37Rv.primary_only.cram	565274478	2026-07-20T14:18:55Z
sample	TBP22CI	TB6755	asm_crai	samples/TBP22CI/TB6755/TB6755.mm2.AsmToH37Rv.asm10.cram.crai	https://pub-4ffd5d52d77a41f7b1f7021fbd09c3d2.r2.dev/samples/TBP22CI/TB6755/TB6755.mm2.AsmToH37Rv.asm10.cram.crai	68	2026-07-20T14:18:59Z
sample	TBP22CI	TB6755	asm_cram	samples/TBP22CI/TB6755/TB6755.mm2.AsmToH37Rv.asm10.cram	https://pub-4ffd5d52d77a41f7b1f7021fbd09c3d2.r2.dev/samples/TBP22CI/TB6755/TB6755.mm2.AsmToH37Rv.asm10.cram	749708	2026-07-20T14:18:58Z
sample	TBP22CI	TB6765	lr_100x_crai	samples/TBP22CI/TB6765/TB6765.LR.AlnToH37Rv.Subsample100x.cram.crai	https://pub-4ffd5d52d77a41f7b1f7021fbd09c3d2.r2.dev/samples/TBP22CI/TB6765/TB6765.LR.AlnToH37Rv.Subsample100x.cram.crai	1326	2026-07-23T16:44:57Z
sample	TBP22CI	TB6765	lr_100x_cram	samples/TBP22CI/TB6765/TB6765.LR.AlnToH37Rv.Subsample100x.cram	https://pub-4ffd5d52d77a41f7b1f7021fbd09c3d2.r2.dev/samples/TBP22CI/TB6765/TB6765.LR.AlnToH37Rv.Subsample100x.cram	150960211	2026-07-23T16:44:54Z
sample	TBP22CI	TB6765	lr_full_depth_crai	samples/TBP22CI/TB6765/TB6765.LR.AlnToH37Rv.primary_only.cram.crai	https://pub-4ffd5d52d77a41f7b1f7021fbd09c3d2.r2.dev/samples/TBP22CI/TB6765/TB6765.LR.AlnToH37Rv.primary_only.cram.crai	1334	2026-07-20T14:19:13Z
sample	TBP22CI	TB6765	lr_full_depth_cram	samples/TBP22CI/TB6765/TB6765.LR.AlnToH37Rv.primary_only.cram	https://pub-4ffd5d52d77a41f7b1f7021fbd09c3d2.r2.dev/samples/TBP22CI/TB6765/TB6765.LR.AlnToH37Rv.primary_only.cram	152784031	2026-07-20T14:19:12Z
sample	TBP22CI	TB6765	asm_crai	samples/TBP22CI/TB6765/TB6765.mm2.AsmToH37Rv.asm10.cram.crai	https://pub-4ffd5d52d77a41f7b1f7021fbd09c3d2.r2.dev/samples/TBP22CI/TB6765/TB6765.mm2.AsmToH37Rv.asm10.cram.crai	67	2026-07-20T14:19:15Z
sample	TBP22CI	TB6765	asm_cram	samples/TBP22CI/TB6765/TB6765.mm2.AsmToH37Rv.asm10.cram	https://pub-4ffd5d52d77a41f7b1f7021fbd09c3d2.r2.dev/samples/TBP22CI/TB6765/TB6765.mm2.AsmToH37Rv.asm10.cram	746657	2026-07-20T14:19:14Z
sample	TBP22CI	TB6778	lr_100x_crai	samples/TBP22CI/TB6778/TB6778.LR.AlnToH37Rv.Subsample100x.cram.crai	https://pub-4ffd5d52d77a41f7b1f7021fbd09c3d2.r2.dev/samples/TBP22CI/TB6778/TB6778.LR.AlnToH37Rv.Subsample100x.cram.crai	1589	2026-07-23T16:45:19Z
sample	TBP22CI	TB6778	lr_100x_cram	samples/TBP22CI/TB6778/TB6778.LR.AlnToH37Rv.Subsample100x.cram	https://pub-4ffd5d52d77a41f7b1f7021fbd09c3d2.r2.dev/samples/TBP22CI/TB6778/TB6778.LR.AlnToH37Rv.Subsample100x.cram	186761115	2026-07-23T16:45:14Z
sample	TBP22CI	TB6778	lr_full_depth_crai	samples/TBP22CI/TB6778/TB6778.LR.AlnToH37Rv.primary_only.cram.crai	https://pub-4ffd5d52d77a41f7b1f7021fbd09c3d2.r2.dev/samples/TBP22CI/TB6778/TB6778.LR.AlnToH37Rv.primary_only.cram.crai	2363	2026-07-20T14:19:29Z
sample	TBP22CI	TB6778	lr_full_depth_cram	samples/TBP22CI/TB6778/TB6778.LR.AlnToH37Rv.primary_only.cram	https://pub-4ffd5d52d77a41f7b1f7021fbd09c3d2.r2.dev/samples/TBP22CI/TB6778/TB6778.LR.AlnToH37Rv.primary_only.cram	279894328	2026-07-20T14:19:27Z
sample	TBP22CI	TB6778	asm_crai	samples/TBP22CI/TB6778/TB6778.mm2.AsmToH37Rv.asm10.cram.crai	https://pub-4ffd5d52d77a41f7b1f7021fbd09c3d2.r2.dev/samples/TBP22CI/TB6778/TB6778.mm2.AsmToH37Rv.asm10.cram.crai	67	2026-07-20T14:19:31Z
sample	TBP22CI	TB6778	asm_cram	samples/TBP22CI/TB6778/TB6778.mm2.AsmToH37Rv.asm10.cram	https://pub-4ffd5d52d77a41f7b1f7021fbd09c3d2.r2.dev/samples/TBP22CI/TB6778/TB6778.mm2.AsmToH37Rv.asm10.cram	803115	2026-07-20T14:19:30Z
sample	TBP22CI	TB6786	lr_100x_crai	samples/TBP22CI/TB6786/TB6786.LR.AlnToH37Rv.Subsample100x.cram.crai	https://pub-4ffd5d52d77a41f7b1f7021fbd09c3d2.r2.dev/samples/TBP22CI/TB6786/TB6786.LR.AlnToH37Rv.Subsample100x.cram.crai	1585	2026-07-23T16:45:41Z
sample	TBP22CI	TB6786	lr_100x_cram	samples/TBP22CI/TB6786/TB6786.LR.AlnToH37Rv.Subsample100x.cram	https://pub-4ffd5d52d77a41f7b1f7021fbd09c3d2.r2.dev/samples/TBP22CI/TB6786/TB6786.LR.AlnToH37Rv.Subsample100x.cram	190278565	2026-07-23T16:45:37Z
sample	TBP22CI	TB6786	lr_full_depth_crai	samples/TBP22CI/TB6786/TB6786.LR.AlnToH37Rv.primary_only.cram.crai	https://pub-4ffd5d52d77a41f7b1f7021fbd09c3d2.r2.dev/samples/TBP22CI/TB6786/TB6786.LR.AlnToH37Rv.primary_only.cram.crai	2929	2026-07-20T14:19:44Z
sample	TBP22CI	TB6786	lr_full_depth_cram	samples/TBP22CI/TB6786/TB6786.LR.AlnToH37Rv.primary_only.cram	https://pub-4ffd5d52d77a41f7b1f7021fbd09c3d2.r2.dev/samples/TBP22CI/TB6786/TB6786.LR.AlnToH37Rv.primary_only.cram	350466645	2026-07-20T14:19:43Z
sample	TBP22CI	TB6786	asm_crai	samples/TBP22CI/TB6786/TB6786.mm2.AsmToH37Rv.asm10.cram.crai	https://pub-4ffd5d52d77a41f7b1f7021fbd09c3d2.r2.dev/samples/TBP22CI/TB6786/TB6786.mm2.AsmToH37Rv.asm10.cram.crai	66	2026-07-20T14:19:47Z
sample	TBP22CI	TB6786	asm_cram	samples/TBP22CI/TB6786/TB6786.mm2.AsmToH37Rv.asm10.cram	https://pub-4ffd5d52d77a41f7b1f7021fbd09c3d2.r2.dev/samples/TBP22CI/TB6786/TB6786.mm2.AsmToH37Rv.asm10.cram	746645	2026-07-20T14:19:46Z
sample	TBP22CI	TB6807	lr_100x_crai	samples/TBP22CI/TB6807/TB6807.LR.AlnToH37Rv.Subsample100x.cram.crai	https://pub-4ffd5d52d77a41f7b1f7021fbd09c3d2.r2.dev/samples/TBP22CI/TB6807/TB6807.LR.AlnToH37Rv.Subsample100x.cram.crai	1603	2026-07-23T16:47:08Z
sample	TBP22CI	TB6807	lr_100x_cram	samples/TBP22CI/TB6807/TB6807.LR.AlnToH37Rv.Subsample100x.cram	https://pub-4ffd5d52d77a41f7b1f7021fbd09c3d2.r2.dev/samples/TBP22CI/TB6807/TB6807.LR.AlnToH37Rv.Subsample100x.cram	193070810	2026-07-23T16:47:05Z
sample	TBP22CI	TB6807	lr_full_depth_crai	samples/TBP22CI/TB6807/TB6807.LR.AlnToH37Rv.primary_only.cram.crai	https://pub-4ffd5d52d77a41f7b1f7021fbd09c3d2.r2.dev/samples/TBP22CI/TB6807/TB6807.LR.AlnToH37Rv.primary_only.cram.crai	2683	2026-07-20T14:20:48Z
sample	TBP22CI	TB6807	lr_full_depth_cram	samples/TBP22CI/TB6807/TB6807.LR.AlnToH37Rv.primary_only.cram	https://pub-4ffd5d52d77a41f7b1f7021fbd09c3d2.r2.dev/samples/TBP22CI/TB6807/TB6807.LR.AlnToH37Rv.primary_only.cram	323843247	2026-07-20T14:20:46Z
sample	TBP22CI	TB6807	asm_crai	samples/TBP22CI/TB6807/TB6807.mm2.AsmToH37Rv.asm10.cram.crai	https://pub-4ffd5d52d77a41f7b1f7021fbd09c3d2.r2.dev/samples/TBP22CI/TB6807/TB6807.mm2.AsmToH37Rv.asm10.cram.crai	69	2026-07-20T14:20:51Z
sample	TBP22CI	TB6807	asm_cram	samples/TBP22CI/TB6807/TB6807.mm2.AsmToH37Rv.asm10.cram	https://pub-4ffd5d52d77a41f7b1f7021fbd09c3d2.r2.dev/samples/TBP22CI/TB6807/TB6807.mm2.AsmToH37Rv.asm10.cram	806064	2026-07-20T14:20:49Z
sample	TBP22CI	TB6846	lr_100x_crai	samples/TBP22CI/TB6846/TB6846.LR.AlnToH37Rv.Subsample100x.cram.crai	https://pub-4ffd5d52d77a41f7b1f7021fbd09c3d2.r2.dev/samples/TBP22CI/TB6846/TB6846.LR.AlnToH37Rv.Subsample100x.cram.crai	1555	2026-07-23T16:47:21Z
sample	TBP22CI	TB6846	lr_100x_cram	samples/TBP22CI/TB6846/TB6846.LR.AlnToH37Rv.Subsample100x.cram	https://pub-4ffd5d52d77a41f7b1f7021fbd09c3d2.r2.dev/samples/TBP22CI/TB6846/TB6846.LR.AlnToH37Rv.Subsample100x.cram	180457621	2026-07-23T16:47:15Z
sample	TBP22CI	TB6846	lr_full_depth_crai	samples/TBP22CI/TB6846/TB6846.LR.AlnToH37Rv.primary_only.cram.crai	https://pub-4ffd5d52d77a41f7b1f7021fbd09c3d2.r2.dev/samples/TBP22CI/TB6846/TB6846.LR.AlnToH37Rv.primary_only.cram.crai	1877	2026-07-20T14:20:58Z
sample	TBP22CI	TB6846	lr_full_depth_cram	samples/TBP22CI/TB6846/TB6846.LR.AlnToH37Rv.primary_only.cram	https://pub-4ffd5d52d77a41f7b1f7021fbd09c3d2.r2.dev/samples/TBP22CI/TB6846/TB6846.LR.AlnToH37Rv.primary_only.cram	219613614	2026-07-20T14:20:57Z
sample	TBP22CI	TB6846	asm_crai	samples/TBP22CI/TB6846/TB6846.mm2.AsmToH37Rv.asm10.cram.crai	https://pub-4ffd5d52d77a41f7b1f7021fbd09c3d2.r2.dev/samples/TBP22CI/TB6846/TB6846.mm2.AsmToH37Rv.asm10.cram.crai	67	2026-07-20T14:21:01Z
sample	TBP22CI	TB6846	asm_cram	samples/TBP22CI/TB6846/TB6846.mm2.AsmToH37Rv.asm10.cram	https://pub-4ffd5d52d77a41f7b1f7021fbd09c3d2.r2.dev/samples/TBP22CI/TB6846/TB6846.mm2.AsmToH37Rv.asm10.cram	766705	2026-07-20T14:21:00Z
sample	TBP22CI	TB6973	lr_100x_crai	samples/TBP22CI/TB6973/TB6973.LR.AlnToH37Rv.Subsample100x.cram.crai	https://pub-4ffd5d52d77a41f7b1f7021fbd09c3d2.r2.dev/samples/TBP22CI/TB6973/TB6973.LR.AlnToH37Rv.Subsample100x.cram.crai	1495	2026-07-23T16:45:31Z
sample	TBP22CI	TB6973	lr_100x_cram	samples/TBP22CI/TB6973/TB6973.LR.AlnToH37Rv.Subsample100x.cram	https://pub-4ffd5d52d77a41f7b1f7021fbd09c3d2.r2.dev/samples/TBP22CI/TB6973/TB6973.LR.AlnToH37Rv.Subsample100x.cram	175230779	2026-07-23T16:45:27Z
sample	TBP22CI	TB6973	lr_full_depth_crai	samples/TBP22CI/TB6973/TB6973.LR.AlnToH37Rv.primary_only.cram.crai	https://pub-4ffd5d52d77a41f7b1f7021fbd09c3d2.r2.dev/samples/TBP22CI/TB6973/TB6973.LR.AlnToH37Rv.primary_only.cram.crai	1654	2026-07-20T14:19:35Z
sample	TBP22CI	TB6973	lr_full_depth_cram	samples/TBP22CI/TB6973/TB6973.LR.AlnToH37Rv.primary_only.cram	https://pub-4ffd5d52d77a41f7b1f7021fbd09c3d2.r2.dev/samples/TBP22CI/TB6973/TB6973.LR.AlnToH37Rv.primary_only.cram	191675315	2026-07-20T14:19:34Z
sample	TBP22CI	TB6973	asm_crai	samples/TBP22CI/TB6973/TB6973.mm2.AsmToH37Rv.asm10.cram.crai	https://pub-4ffd5d52d77a41f7b1f7021fbd09c3d2.r2.dev/samples/TBP22CI/TB6973/TB6973.mm2.AsmToH37Rv.asm10.cram.crai	68	2026-07-20T14:19:37Z
sample	TBP22CI	TB6973	asm_cram	samples/TBP22CI/TB6973/TB6973.mm2.AsmToH37Rv.asm10.cram	https://pub-4ffd5d52d77a41f7b1f7021fbd09c3d2.r2.dev/samples/TBP22CI/TB6973/TB6973.mm2.AsmToH37Rv.asm10.cram	805347	2026-07-20T14:19:36Z
sample	TBP22CI	TB6976	lr_100x_crai	samples/TBP22CI/TB6976/TB6976.LR.AlnToH37Rv.Subsample100x.cram.crai	https://pub-4ffd5d52d77a41f7b1f7021fbd09c3d2.r2.dev/samples/TBP22CI/TB6976/TB6976.LR.AlnToH37Rv.Subsample100x.cram.crai	1336	2026-07-23T16:46:25Z
sample	TBP22CI	TB6976	lr_100x_cram	samples/TBP22CI/TB6976/TB6976.LR.AlnToH37Rv.Subsample100x.cram	https://pub-4ffd5d52d77a41f7b1f7021fbd09c3d2.r2.dev/samples/TBP22CI/TB6976/TB6976.LR.AlnToH37Rv.Subsample100x.cram	153997204	2026-07-23T16:46:20Z
sample	TBP22CI	TB6976	lr_full_depth_crai	samples/TBP22CI/TB6976/TB6976.LR.AlnToH37Rv.primary_only.cram.crai	https://pub-4ffd5d52d77a41f7b1f7021fbd09c3d2.r2.dev/samples/TBP22CI/TB6976/TB6976.LR.AlnToH37Rv.primary_only.cram.crai	1382	2026-07-20T14:20:13Z
sample	TBP22CI	TB6976	lr_full_depth_cram	samples/TBP22CI/TB6976/TB6976.LR.AlnToH37Rv.primary_only.cram	https://pub-4ffd5d52d77a41f7b1f7021fbd09c3d2.r2.dev/samples/TBP22CI/TB6976/TB6976.LR.AlnToH37Rv.primary_only.cram	156353622	2026-07-20T14:20:12Z
sample	TBP22CI	TB6976	asm_crai	samples/TBP22CI/TB6976/TB6976.mm2.AsmToH37Rv.asm10.cram.crai	https://pub-4ffd5d52d77a41f7b1f7021fbd09c3d2.r2.dev/samples/TBP22CI/TB6976/TB6976.mm2.AsmToH37Rv.asm10.cram.crai	67	2026-07-20T14:20:15Z
sample	TBP22CI	TB6976	asm_cram	samples/TBP22CI/TB6976/TB6976.mm2.AsmToH37Rv.asm10.cram	https://pub-4ffd5d52d77a41f7b1f7021fbd09c3d2.r2.dev/samples/TBP22CI/TB6976/TB6976.mm2.AsmToH37Rv.asm10.cram	829505	2026-07-20T14:20:14Z
sample	TBP22CI	TB6977	lr_100x_crai	samples/TBP22CI/TB6977/TB6977.LR.AlnToH37Rv.Subsample100x.cram.crai	https://pub-4ffd5d52d77a41f7b1f7021fbd09c3d2.r2.dev/samples/TBP22CI/TB6977/TB6977.LR.AlnToH37Rv.Subsample100x.cram.crai	362	2026-07-23T16:44:04Z
sample	TBP22CI	TB6977	lr_100x_cram	samples/TBP22CI/TB6977/TB6977.LR.AlnToH37Rv.Subsample100x.cram	https://pub-4ffd5d52d77a41f7b1f7021fbd09c3d2.r2.dev/samples/TBP22CI/TB6977/TB6977.LR.AlnToH37Rv.Subsample100x.cram	39118684	2026-07-23T16:44:01Z
sample	TBP22CI	TB6977	lr_full_depth_crai	samples/TBP22CI/TB6977/TB6977.LR.AlnToH37Rv.primary_only.cram.crai	https://pub-4ffd5d52d77a41f7b1f7021fbd09c3d2.r2.dev/samples/TBP22CI/TB6977/TB6977.LR.AlnToH37Rv.primary_only.cram.crai	365	2026-07-20T14:18:27Z
sample	TBP22CI	TB6977	lr_full_depth_cram	samples/TBP22CI/TB6977/TB6977.LR.AlnToH37Rv.primary_only.cram	https://pub-4ffd5d52d77a41f7b1f7021fbd09c3d2.r2.dev/samples/TBP22CI/TB6977/TB6977.LR.AlnToH37Rv.primary_only.cram	39118460	2026-07-20T14:18:26Z
sample	TBP22CI	TB6977	asm_crai	samples/TBP22CI/TB6977/TB6977.mm2.AsmToH37Rv.asm10.cram.crai	https://pub-4ffd5d52d77a41f7b1f7021fbd09c3d2.r2.dev/samples/TBP22CI/TB6977/TB6977.mm2.AsmToH37Rv.asm10.cram.crai	68	2026-07-20T14:18:30Z
sample	TBP22CI	TB6977	asm_cram	samples/TBP22CI/TB6977/TB6977.mm2.AsmToH37Rv.asm10.cram	https://pub-4ffd5d52d77a41f7b1f7021fbd09c3d2.r2.dev/samples/TBP22CI/TB6977/TB6977.mm2.AsmToH37Rv.asm10.cram	780557	2026-07-20T14:18:29Z
sample	TBP22CI	TB7044	lr_100x_crai	samples/TBP22CI/TB7044/TB7044.LR.AlnToH37Rv.Subsample100x.cram.crai	https://pub-4ffd5d52d77a41f7b1f7021fbd09c3d2.r2.dev/samples/TBP22CI/TB7044/TB7044.LR.AlnToH37Rv.Subsample100x.cram.crai	1501	2026-07-23T16:44:48Z
sample	TBP22CI	TB7044	lr_100x_cram	samples/TBP22CI/TB7044/TB7044.LR.AlnToH37Rv.Subsample100x.cram	https://pub-4ffd5d52d77a41f7b1f7021fbd09c3d2.r2.dev/samples/TBP22CI/TB7044/TB7044.LR.AlnToH37Rv.Subsample100x.cram	171877680	2026-07-23T16:44:45Z
sample	TBP22CI	TB7044	lr_full_depth_crai	samples/TBP22CI/TB7044/TB7044.LR.AlnToH37Rv.primary_only.cram.crai	https://pub-4ffd5d52d77a41f7b1f7021fbd09c3d2.r2.dev/samples/TBP22CI/TB7044/TB7044.LR.AlnToH37Rv.primary_only.cram.crai	1651	2026-07-20T14:19:05Z
sample	TBP22CI	TB7044	lr_full_depth_cram	samples/TBP22CI/TB7044/TB7044.LR.AlnToH37Rv.primary_only.cram	https://pub-4ffd5d52d77a41f7b1f7021fbd09c3d2.r2.dev/samples/TBP22CI/TB7044/TB7044.LR.AlnToH37Rv.primary_only.cram	188071780	2026-07-20T14:19:04Z
sample	TBP22CI	TB7044	asm_crai	samples/TBP22CI/TB7044/TB7044.mm2.AsmToH37Rv.asm10.cram.crai	https://pub-4ffd5d52d77a41f7b1f7021fbd09c3d2.r2.dev/samples/TBP22CI/TB7044/TB7044.mm2.AsmToH37Rv.asm10.cram.crai	68	2026-07-20T14:19:07Z
sample	TBP22CI	TB7044	asm_cram	samples/TBP22CI/TB7044/TB7044.mm2.AsmToH37Rv.asm10.cram	https://pub-4ffd5d52d77a41f7b1f7021fbd09c3d2.r2.dev/samples/TBP22CI/TB7044/TB7044.mm2.AsmToH37Rv.asm10.cram	803463	2026-07-20T14:19:06Z
sample	TBP22CI	TB7340	lr_100x_crai	samples/TBP22CI/TB7340/TB7340.LR.AlnToH37Rv.Subsample100x.cram.crai	https://pub-4ffd5d52d77a41f7b1f7021fbd09c3d2.r2.dev/samples/TBP22CI/TB7340/TB7340.LR.AlnToH37Rv.Subsample100x.cram.crai	1575	2026-07-23T16:43:56Z
sample	TBP22CI	TB7340	lr_100x_cram	samples/TBP22CI/TB7340/TB7340.LR.AlnToH37Rv.Subsample100x.cram	https://pub-4ffd5d52d77a41f7b1f7021fbd09c3d2.r2.dev/samples/TBP22CI/TB7340/TB7340.LR.AlnToH37Rv.Subsample100x.cram	179950373	2026-07-23T16:43:52Z
sample	TBP22CI	TB7340	lr_full_depth_crai	samples/TBP22CI/TB7340/TB7340.LR.AlnToH37Rv.primary_only.cram.crai	https://pub-4ffd5d52d77a41f7b1f7021fbd09c3d2.r2.dev/samples/TBP22CI/TB7340/TB7340.LR.AlnToH37Rv.primary_only.cram.crai	1990	2026-07-20T14:18:21Z
sample	TBP22CI	TB7340	lr_full_depth_cram	samples/TBP22CI/TB7340/TB7340.LR.AlnToH37Rv.primary_only.cram	https://pub-4ffd5d52d77a41f7b1f7021fbd09c3d2.r2.dev/samples/TBP22CI/TB7340/TB7340.LR.AlnToH37Rv.primary_only.cram	229203721	2026-07-20T14:18:20Z
sample	TBP22CI	TB7340	asm_crai	samples/TBP22CI/TB7340/TB7340.mm2.AsmToH37Rv.asm10.cram.crai	https://pub-4ffd5d52d77a41f7b1f7021fbd09c3d2.r2.dev/samples/TBP22CI/TB7340/TB7340.mm2.AsmToH37Rv.asm10.cram.crai	69	2026-07-20T14:18:23Z
sample	TBP22CI	TB7340	asm_cram	samples/TBP22CI/TB7340/TB7340.mm2.AsmToH37Rv.asm10.cram	https://pub-4ffd5d52d77a41f7b1f7021fbd09c3d2.r2.dev/samples/TBP22CI/TB7340/TB7340.mm2.AsmToH37Rv.asm10.cram	806118	2026-07-20T14:18:22Z
sample	TBP22CI	TB8073	lr_100x_crai	samples/TBP22CI/TB8073/TB8073.LR.AlnToH37Rv.Subsample100x.cram.crai	https://pub-4ffd5d52d77a41f7b1f7021fbd09c3d2.r2.dev/samples/TBP22CI/TB8073/TB8073.LR.AlnToH37Rv.Subsample100x.cram.crai	1618	2026-07-23T16:46:59Z
sample	TBP22CI	TB8073	lr_100x_cram	samples/TBP22CI/TB8073/TB8073.LR.AlnToH37Rv.Subsample100x.cram	https://pub-4ffd5d52d77a41f7b1f7021fbd09c3d2.r2.dev/samples/TBP22CI/TB8073/TB8073.LR.AlnToH37Rv.Subsample100x.cram	180844981	2026-07-23T16:46:56Z
sample	TBP22CI	TB8073	lr_full_depth_crai	samples/TBP22CI/TB8073/TB8073.LR.AlnToH37Rv.primary_only.cram.crai	https://pub-4ffd5d52d77a41f7b1f7021fbd09c3d2.r2.dev/samples/TBP22CI/TB8073/TB8073.LR.AlnToH37Rv.primary_only.cram.crai	3470	2026-07-20T14:20:37Z
sample	TBP22CI	TB8073	lr_full_depth_cram	samples/TBP22CI/TB8073/TB8073.LR.AlnToH37Rv.primary_only.cram	https://pub-4ffd5d52d77a41f7b1f7021fbd09c3d2.r2.dev/samples/TBP22CI/TB8073/TB8073.LR.AlnToH37Rv.primary_only.cram	395837639	2026-07-20T14:20:36Z
sample	TBP22CI	TB8073	asm_crai	samples/TBP22CI/TB8073/TB8073.mm2.AsmToH37Rv.asm10.cram.crai	https://pub-4ffd5d52d77a41f7b1f7021fbd09c3d2.r2.dev/samples/TBP22CI/TB8073/TB8073.mm2.AsmToH37Rv.asm10.cram.crai	49	2026-07-20T14:20:39Z
sample	TBP22CI	TB8073	asm_cram	samples/TBP22CI/TB8073/TB8073.mm2.AsmToH37Rv.asm10.cram	https://pub-4ffd5d52d77a41f7b1f7021fbd09c3d2.r2.dev/samples/TBP22CI/TB8073/TB8073.mm2.AsmToH37Rv.asm10.cram	746636	2026-07-20T14:20:38Z
